1.1.1	Təsdiq edilmiş müayinə cədvəlinə əsasən uşaqların icbari dispanserizasiyasının aparılması və müayinə zamanı ehtiyac yaranarsa, müvafiq həkim-mütəxəssisə əlavə müayinə-müalicə üçün göndərişlərin verilməsi
1.1.10	Xronik xəstəliklərin idarə edilməsi məqsədilə xəstələrə və onların ailə üzvlərinə praktik vərdişlərin öyrədilməsi
1.1.11	Ailə həkiminin səlahiyyətləri çərçivəsində ixtisaslaşdırılmış yardım tələb etməyən qeyri-infeksion xəstəliklərin müalicəsi
1.1.12	Ailə həkiminin səlahiyyətləri çərçivəsində ixtisaslaşdırılmış yardım tələb etməyən infeksion xəstəliklərin müalicəsi müddətində müşahidə və nəzarət
1.1.13	Psiхi pоzğunluqlаr və dаvrаnış pоzğunluqlаrı ilə əlaqədar xəstəliklərin remisiya dövründə müşahidə
1.1.14	Ailə həkiminə təhkim olunmuş əhali arasında bəzi xronik qeyri-infeksion xəstəliklərin gedişinə nəzarət və ağırlaşmaların qarşısının alınması üçün məqsədli dövlət proqramları çərçivəsində təminat verilmiş dərman vasitələri ilə təchizat
1.1.15	Uşaq əhalisinin ağız boşluğu sağlamlığına dair mütəmadi müayinəsi və ağız boşluğu sağlamlığına aid sanitar-gigiyenik vərdişlərin öyrədilməsi, mütəmadi məsləhətlərin verilməsi
1.1.16	Sağlam həyat tərzi, yenidoğulmuşlara qulluq və ana südü ilə qidalanma, uşaq və yeniyetmələrin sağlam qidalanmasına dair məsləhətlərin verilməsi və əhali arasında sanitar maarifi işi
1.1.17	Tütün, narkotik vasitələr və onların prekursorları, alkoqollu içkilərin zərəri haqqında əhali arasında sanitar maarifi işi
1.1.18	İlkin tibbi-sanitariya müəssisəsinə müraciət etmiş şəxslərə ilkin psixoloji yardım
1.1.19	Arterial təzyiqin ölçülməsi, nəbzin sayılması
1.1.2	18 yaşdan yuxarı əhalinin müraciəti əsasında profilaktik tibbi müayinələrin aparılması
1.1.20	Qanın ümumi analizi üçün qan nümunəsinin alınması
1.1.21	Sidiyin ümumi analizi üçün sidik nümunəsinin alınması
1.1.22	Nəcisin ümumi analizi üçün nəcis nümunəsinin alınması
1.1.23	Qanda şəkərin təyini üçün qan nümunəsinin alınması
1.1.24	Boğazdan yaxmanın götürülməsi və mikrobioloji sınaq üçün müvafiq laboratoriyaya göndərilməsi
1.1.25	Tuberkulin sınağı
1.1.26	Hamiləlik testi
1.1.27	Elektrokardioqrafiya müayinəsi
1.1.28	Ön rinoskopiya
1.1.29	Farinqoskopiya
1.1.3	Milli Peyvənd Təqviminə əsasən immunizasiya tədbirlərinin aparılması
1.1.30	Otoskopiya
1.1.31	Hamilə qadınlara müəyyən olunmuş tibbi standartalara əsasən, təsdiqlənmiş kliniki protokollara uyğun mama-ginekoloji yardımın göstərilməsi
1.1.32	Hamiləlik dövründə baş verə biləcək fəsadların qarşısının alınması, ana və uşaqların sağlamlığının mühafizəsi məqsədilə hamilə qadınlara dispanser nəzarətin aparılması
1.1.33	Qadınlara hamiləlik dövründə, doğuşdan sonrakı dövrdə zahı qadınların müşahidəsi və tələb olunan hallarda müalicə üçün göndərişlərin verilməsi
1.1.34	Ailə planlaşdırılması xidmətinin təşkil edilməsi
1.1.35	Reproduktiv sağlamlığın mühafizəsi, ana ölümü və perinatal xəstəliklərin profilaktikası haqqında əhalinin sanitar mədəniyyətinin artırılması istiqamətində tədbirlərin həyata keçirilməsi
1.1.4	Yoluxucu xəstəliklər mənbəyində xəstə ilə təmasda olan şəxslər arasında profilaktik müayinələrin aparılması və/və ya ehtiyac yaranarsa, müvafiq ixtisas həkiminə göndərişlərin verilməsi
1.1.5	Müvafiq normativ hüquqi aktlara əsasən yenidoğulmuşlara ixtisaslı müdaxilə tələb etməyən hallarda müalicə və müşahidənin aparılması
1.1.6	Ana südü ilə qidalanmaya dair məsləhətlərin verilməsi
1.1.7	Xronik xəstəliklərin idarə edilməsi məqsədilə xəstələrin dövri müayinələrinin təşkili və müvafiq məsləhətlərin verilməsi
1.1.8	Xronik xəstəliklərin kəskinləşməsinin erkən aşkarlanması məqsədilə ixtisaslı müdaxilə tələb etməyən hallarda müalicə və müşahidənin aparılması
1.1.9	Ailə həkiminin səlahiyyətləri çərçivəsində xronik xəstəliklərin idarə edilməsi məqsədilə həkim-mütəxəssis tərəfindən təyin edilmiş müalicə kursunun həyata keçirilməsi
1.2.1	Təcili yardım briqadasının çağırılması (şəhəriçi)
1.2.2	Tibbi təxliyə, feldşer müşayiəti ilə (şəhəriçi)
1.2.3	Təcili yardım briqadasının eyni xəstəliyə görə tələb olunan təkrar - aktiv çağırışı, xəstəyə baxışı
1.2.4	Şəhərdən kənara təcili yardım briqadasının çağırılması _x000D_ (60 km məsafəyədək)
1.2.5	Şəhərdən kənara təcili yardım briqadasının çağırılması _x000D_ (160 km məsafəyədək)
1.2.6	Şəhərdən kənara təcili yardım briqadasının çağırılması _x000D_ (500 km məsafəyədək və artıq)
2.1.1	İxtisaslı həkim müayinəsi
2.1.10	Həkim-oftalmoloqun müayinəsi (Keratopoqrafiya ilə)
2.1.100	Bel fəqərələri rentgenoqrafiyası (oblik, sol; bir proyeksiyalı)
2.1.101	Bel fəqərələri rentgenoqrafiyası (iki proyeksiyalı)
2.1.102	Bel fəqərələri rentgenoqrafiyası (dörd proyeksiyalı)
2.1.103	Büzdüm fəqərələri rentgenoqrafiyası (ön-arxa; bir proyeksiyalı)
2.1.104	Büzdüm fəqərələri rentgenoqrafiyası (lateral; bir proyeksiyalı)
2.1.105	Büzdüm fəqərələri rentgenoqrafiyası (iki proyeksiyalı)
2.1.106	Oma büzdüm sümükləri rentgenoqrafiyası (ön-arxa; bir proyeksiyalı)
2.1.107	Oma büzdüm fəqərələri rentgenoqrafiyası (oblik, sağ; bir proyeksiyalı)
2.1.108	Oma büzdüm sümükləri rentgenoqrafiyası (oblik, sol; bir proyeksiyalı)
2.1.109	Çanaq sümükləri rentgenoqrafiyası (ön-arxa; bir proyeksiyalı)
2.1.11	Həkim-nevropatoloqun müayinəsi (EEQ ilə)
2.1.110	Bud-çanaq oynaqları rentgenoqrafiyası (ön-arxa, sağ; bir proyeksiyalı)
2.1.111	Bud-çanaq oynaqları rentgenoqrafiyası (ön-arxa, sol; bir proyeksiyalı)
2.1.112	Bud-çanaq oynaqları rentgenoqrafiyası (iki proyeksiyalı)
2.1.113	Bud-çanaq oynaqları rentgenoqrafiyası, qarşılaşdırmalı
2.1.114	Bud-çanaq oynağı rentgenoqrafiyası (daxilə rotasiya, sağ)
2.1.115	Bud-çanaq oynaqları rentgenoqrafiyası (daxilə rotasiya, sol)
2.1.116	Bud-çanaq oynaqları rentgenoqrafiyası (daxilə rotasiya, qarşılaşdırmalı)
2.1.117	Bud-çanaq oynaqları rentgenoqrafiyası (xaricə rotasiya, sağ)
2.1.118	Bud-çanaq oynaqları rentgenoqrafiyası (xaricə rotasiya, sol)
2.1.119	Bud-çanaq oynaqları rentgenoqrafiyası (xaricə rotasiya, qarşılaşdırmalı)
2.1.12	Həkim-qastroenteroloqun müayinəsi (Ezofaqoqastroduodenoskopiya ilə)
2.1.120	Bud-çanaq oynaqları rentgenoqrafiyası (ön-arxa, lateral; iki proyeksiyalı)
2.1.121	Oma-qalça oynağı rentgenoqrafiyası (oblik, sağ)
2.1.122	Oma-qalça oynağı rentgenoqrafiyası (oblik, sol)
2.1.123	Oma-qalça oynağı rentgenoqrafiyası (ön-arxa)
2.1.124	Bud sümüyü rentgenoqrafiyası (ön-arxa, sağ)
2.1.125	Bud sümüyü rentgenoqrafiyası (ön-arxa, sol)
2.1.126	Bud sümüyü rentgenoqrafiyası (lateral, sağ)
2.1.127	Bud sümüyü rentgenoqrafiyası (lateral, sol)
2.1.128	Bud sümüyü rentgenoqrafiyası (sağ, iki proyeksiyalı)
2.1.129	Bud sümüyü rentgenoqrafiyası (sol, iki proyeksiyalı)
2.1.13	Qan donorunun müayinəsi
2.1.130	Diz oynağı rentgenoqrafiyası (ön-arxa, sağ)
2.1.131	Diz oynağı rentgenoqrafiyası (ön-arxa, sol)
2.1.132	Diz oynağı rentgenoqrafiyası (lateral, sağ)
2.1.133	Diz oynağı rentgenoqrafiyası (lateral, sol)
2.1.134	Diz oynağı rentgenoqrafiyası (sağ, iki proyeksiyalı)
2.1.135	Diz oynağı rentgenoqrafiyası (sol, iki proyeksiyalı)
2.1.136	Diz oynağının tunel rentgenoqrafiyası (sağ)
2.1.137	Diz oynağının tunel rentgenoqrafiyası (sol)
2.1.138	Patella tanjansiyel rentgenoqrafiyası (sağ)
2.1.139	Patella tanjansiyel rentgenoqrafiyası (sol)
2.1.14	Alın burun boşluqları rentgenoqrafiyası (iki proyeksiyalı) dinamika
2.1.140	Baldır sümüklərinin rentgenoqrafiyası (ön-arxa, sağ; bir proyeksiyalı)
2.1.141	Baldır sümüyü rentgenoqrafiyası (ön-arxa, sol; bir proyeksiyalı)
2.1.142	Baldır sümüyü rentgenoqrafiyası (lateral, sağ; bir proyeksiyalı)
2.1.143	Baldır sümüyü rentgenoqrafiyası (lateral, sol; bir proyeksiyalı)
2.1.144	Baldır sümüyü rentgenoqrafiyası (sağ, iki proyeksiyalı)
2.1.145	Baldır sümüyü rentgenoqrafiyası (sol, iki proyeksiyalı)
2.1.146	Topuq nahiyəsinin rentgenoqrafiyası (ön-arxa, sağ; bir proyeksiyalı)
2.1.147	Topuq nahiyəsinin rentgenoqrafiyası (ön-arxa, sol; bir proyeksiyalı)
2.1.148	Topuq nahiyəsinin rentgenoqrafiyası (lateral, sağ; bir proyeksiyalı)
2.1.149	Topuq nahiyəsinin rentgenoqrafiyası (lateral, sol; bir proyeksiyalı)
2.1.15	Burun sümüyü rentgenoqrafiyası (bir proyeksiyalı)
2.1.150	Topuq nahiyəsinin rentgenoqrafiyası (sağ, iki proyeksiyalı)
2.1.151	Topuq nahiyəsinin rentgenoqrafiyası (sol, iki proyeksiyalı)
2.1.152	Pəncə rentgenoqrafiyası (ön-arxa, sağ; bir proyeksiyalı)
2.1.153	Pəncə rentgenoqrafiyası (ön-arxa, sol; bir proyeksiyalı)
2.1.154	Pəncə rentgenoqrafiyası (lateral, sağ; bir proyeksiyalı)
2.1.155	Pəncə rentgenoqrafiyası (lateral, sol; bir proyeksiyalı)
2.1.156	Pəncə rentgenoqrafiyası (sağ, iki proyeksiyalı)
2.1.157	Pəncə rentgenoqrafiyası (sol, iki proyeksiyalı)
2.1.158	Pəncə rentgenoqrafiyası (ön-arxa, lateral, oblik, sol; üç proyeksiyalı)
2.1.159	Pəncə rentgenoqrafiyası (ön-arxa, lateral, oblik, sağ; üç proyeksiyalı)
2.1.16	Orbita rentgenoqrafiyası (bir proyeksiyalı)
2.1.160	Rentgenoqrafiya tək anatomik nahiyə
2.1.161	Tam skelet sisteminin rentgeni
2.1.162	Tam onurğa (skolioz filmi)
2.1.163	Densitometriya, total
2.1.164	Densitometriya, hissəvi
2.1.165	Udlaq-qırtlağın rentgenoskopiyası və rentgenoqrafiyası
2.1.166	Farinqo-ezofaqoqrafiya
2.1.167	Ezofaqoqrafiya
2.1.168	Mədə-duodenum
2.1.169	Mədə-duodenum ikili kontrast
2.1.17	Orbita rentgenoqrafiyası (iki proyeksiyalı)
2.1.170	Flüoroqrafiya
2.1.171	Ağciyərlərin rentgenoskopiyası
2.1.172	Mammoqrafiya (bilateral)
2.1.173	Mammoqrafiya (unilateral)
2.1.174	Məmənin duktoqrafik (qalaktoqrafik) müayinəsi
2.1.175	Qarın boşluğunun rentgenoqrafiyası (yataraq)
2.1.176	Qarın boşluğunun rentgenoqrafiyası (ayaqda)
2.1.177	Rentgenoskopiya
2.1.178	Defekoqrafiya
2.1.179	Fistuloqrafiya
2.1.18	Optik foramen rentgenoqrafiyası (bir proyeksiyalı)
2.1.180	Farinqoqrafiya
2.1.181	Ezofaqus-mədə-duodenum (EMD)
2.1.182	Ezofaqus-mədə-duodenum (EMD) ikili kontrast
2.1.183	İrriqoskopiya
2.1.184	İrriqoskopiya ikili kontrast
2.1.185	Parotid sialoqrafiyası (birtərəfli)
2.1.186	Submandibular sialoqrafiya (birtərəfli)
2.1.187	Yoğun bağırsağın kontrastla müayinəsi, per os
2.1.188	İncə bağırsağın pasajı
2.1.189	IV pieloqrafiya (IVP)
2.1.19	Kəllə sümüklərinin rentgenoqrafiyası (ön-arxa iki proyeksiyalı)
2.1.190	IV pieloqrafiya (IVP), postvoidinq
2.1.191	Retroqrad, assendan pieloqrafiya
2.1.192	Retroqrad sistoqrafiya
2.1.193	Sistoqrafiya (dolu, boş)
2.1.194	Voidinq sisto, uretroqrafiya
2.1.195	Retroqrad uretroqrafiya
2.1.196	Uretrosistoqrafiya, retroqrad-assendan
2.1.197	Histerosalpinqoqrafiya
2.1.198	Dakriosistoqrafiya
2.1.199	Bronxoqrafiya
2.1.2	Həkim məsləhət komissiyasının (HMK) rəyi
2.1.20	Kəllə sümüklərinin rentgenoqrafiyası (ön-arxa bir proyeksiyalı)
2.1.200	Artroqrafiya
2.1.201	Hamiləliyin USM ilə təyini (7 həftəsinə kimi)
2.1.202	Hamiləlik USM (7-20 həftəsinə kimi)
2.1.203	Hamiləlik USM, Obstetrik doppler müayinəsi (20 həftədən sonra)
2.1.204	Hamiləlik USM (20 həftədən sonra)
2.1.205	Ginekoloji USM (transabdominal)
2.1.206	Ginekoloji USM (transvaginal)
2.1.207	Beyin USM
2.1.208	Tüpürcək vəzilərin USM
2.1.209	Qalxanabənzər vəzi USM
2.1.21	Submentovertikal rentgenoqrafiya
2.1.210	Toraks USM
2.1.211	Plevropulmonar döş qəfəsi USM
2.1.212	Süd vəziləri USM
2.1.213	Üst Abdomen USM
2.1.214	Tam Abdomen USM
2.1.215	Pelvik USM
2.1.216	Skrotal USM
2.1.217	Sümük-oynaq sistemi USM (bir nahiyə)
2.1.218	Oma oynağı USM (bilateral qarşılaşdırmalı)
2.1.219	Uroloji USM
2.1.22	Transorbital rentgenoqrafiya (bir proyeksiyalı)
2.1.220	Elastometriya
2.1.221	Dərialtı səthi toxumaları USM
2.1.222	Periferik limfa düyünlərinin USM (bir nahiyə)
2.1.223	Transrektal USM
2.1.224	Transfontanel USM
2.1.225	Neyrosonoqrafiya
2.1.226	USM (çox sahə)
2.1.227	USM tək anatomik nahiyə (orqan)
2.1.228	Karotid arteriya (bilateral) rəngli doppler müayinəsi
2.1.229	Qalxanabənzər vəzin rəngli doppler müayinəsi
2.1.23	Sella spot rentgenoqrafiyası (bir proyeksiyalı)
2.1.230	Jugular venaların rəngli doppler müayinəsi
2.1.231	Renal (bilateral) rəngli doppler müayinəsi
2.1.232	Süd vəzinin (bilateral) rəngli doppler müayinəsi
2.1.233	Abdominal rəngli doppler müayinəsi
2.1.234	Skrotum rəngli doppler müayinəsi
2.1.235	Bilateral vertebral arteriyanın rəngli doppler müayinəsi
2.1.236	Aşağı ətraf venalarının rəngli doppler müayinəsi (tək tərəf)
2.1.237	Aşağı ətraf arteriyalarının rəngli doppler müayinəsi (tək tərəf)
2.1.238	Yuxarı ətrafların venalarının rəngli doppler müayinəsi (tək tərəf)
2.1.239	Yuxarı ətrafların arteriyalarının rəngli doppler müayinəsi (tək tərəf)
2.1.24	Gicgah-çənə oynağı rentgenoqrafiyası (ağız açıq, sağ; bir proyeksiyalı)
2.1.240	Portal vena sisteminin rəngli doppler müayinəsi
2.1.241	Tək orqan (nahiyə) rəngli doppler müayinəsi
2.1.242	Orbita KT
2.1.243	Beyin KT (aksial və ya koronal və ya sagital)
2.1.244	Hipofiz KT
2.1.245	Burun-udlaq KT
2.1.246	Paranazal sinuslar KT
2.1.247	Qırtlaq KT
2.1.248	Gicgah-çənə oynağı KT
2.1.249	Gicgah sümüyü KT
2.1.25	Gicgah-çənə oynağı rentgenoqrafiyası (ağız bağlı, sağ; bir proyeksiyalı)
2.1.250	Boyun KT
2.1.251	Çiyin KT
2.1.252	Döş qəfəsi KT
2.1.253	Onurğa sütunu boyun nahiyəsi disk aralığı (üç disk aralığı) KT
2.1.254	Onurğa sütunu döş nahiyəsi disk aralığı (üç disk aralığı) KT
2.1.255	Onurğa sütunu bel və oma disk aralığı (üç disk aralığı) KT
2.1.256	Əl-bilək KT
2.1.257	Dirsək KT
2.1.258	Oma-qalça oynağı KT
2.1.259	Bud-çanaq oynağı KT
2.1.26	Gicgah-çənə oynağı rentgenoqrafiyası (ağız açıq, sol; bir proyeksiyalı)
2.1.260	Diz KT (bir tərəf)
2.1.261	Ayaq KT (bir tərəf)
2.1.262	Dinamik KT
2.1.263	KT altında diaqnostik müdaxilələr
2.1.264	Volumetriya KT (qaraciyər)
2.1.265	Böyrəküstü vəzi KT
2.1.266	Sidik sistemi KT
2.1.267	Yuxarı qarın boşluğu KT
2.1.268	Aşağı qarın boşluğu KT
2.1.269	Tam qarın boşluğu KT
2.1.27	Gicgah-çənə oynağı rentgenoqrafiyası (ağız bağlı, sol; bir proyeksiyalı)
2.1.270	Çanaq KT
2.1.271	KT ilə 3 ölçülü (3D) görüntüləmə (MD)
2.1.272	Fəqərələrin (4 ədəd) 3 ölçülü (3D) KT
2.1.273	Onurğa sütunu, tam KT
2.1.274	KT ilə virtual endoskopiya (MD)
2.1.275	Dinamik KT, birfazalı, ikifazalı müayinə (MD)
2.1.276	Maksillofasial nahiyəsinin KT (MD)
2.1.277	Qırtlaq KT multidetektor (MD) və ya spiral (S) KT cihazı ilə
2.1.278	KT ilə perfuziya (MD)
2.1.279	KT ilə virtual kolonoskopiya (MD)
2.1.28	Boyun fəqərələri rentgenoqrafiyası (ön-arxa; bir proyeksiyalı)
2.1.280	Kantidativ KT (kalsium skorlama) (MD)
2.1.281	Sisterno KT (mədəciklər)
2.1.282	Sisterno KT (paranazal sinuslar)
2.1.283	Sisterno KT (gicgah sümüyü akustik kan)
2.1.284	KT tək anatomik nahiyə
2.1.285	KT angioqrafiya, tək anatomik nahiyə (MD)
2.1.286	KT angioqrafiya (3D), tək anatomik nahiyə (MD)
2.1.287	Orbita MRT
2.1.288	Beyin MRT
2.1.289	Hipofiz MRT
2.1.29	Boyun fəqərələri rentgenoqrafiyası (lateral; bir proyeksiyalı)
2.1.290	Burun udlaq MRT
2.1.291	Paranazal sinuslar MRT
2.1.292	Qırtlaq MRT
2.1.293	Gicgah - alt çənə oynağı MRT (bir tərəf)
2.1.294	Gicgah - alt çənə oynağı kinematik MRT (iki tərəf)
2.1.295	Gicgah sümüyü MRT (iki tərəf)
2.1.296	Boyun MRT
2.1.297	Boyun fəqərələri MRT
2.1.298	Döş fəqərələri MRT
2.1.299	Çiyin MRT (bir tərəf)
2.1.3	Daxili konsultasiya
2.1.30	Boyun fəqərələri rentgenoqrafiyası (oblik, sağ; bir proyeksiyalı)
2.1.300	Dirsək MRT (bir tərəf)
2.1.301	Əl, əl-bilək MRT (bir tərəf)
2.1.302	Bel-oma fəqərələri MRT
2.1.303	Oma-qalça oynağı MRT
2.1.304	Bud-çanaq oynağı MRT
2.1.305	Ayaq MRT (bir tərəf)
2.1.306	Bud MRT (bir tərəf)
2.1.307	Baldır MRT (bir tərəf)
2.1.308	Diz MRT (bir tərəf)
2.1.309	Pəncə MRT (bir tərəf)
2.1.31	Boyun fəqərələri rentgenoqrafiyası (oblik, sol; bir proyeksiyalı)
2.1.310	Topuq MRT (bir tərəf)
2.1.311	Böyrəküstü vəzlər MRT
2.1.312	Fetal MRT
2.1.313	Ürək MRT
2.1.314	Ürək MRT, canlı toxuma - 'Viability' dəyərləndirmə
2.1.315	Üst qarın boşluğu MRT
2.1.316	Alt qarın boşluğu MRT
2.1.317	Tam qarın boşluğu MRT
2.1.318	Çanaq MRT
2.1.319	Onurğa sütunu, tam MRT
2.1.32	Boyun fəqərələri rentgenoqrafiyası (iki proyeksiyalı)
2.1.320	MRT (tək anatomik nahiyə)
2.1.321	Kontrastlı MRT angioqrafiya (toraks) (döş qəfəsi MR kontrast ilə)
2.1.322	Kontrastlı MRT angioqrafiya (abdomen) (üst abdomen MR kontrast ilə)
2.1.323	Kontrastlı MRT angioqrafiya (karotid) (MR angioqrafiyası kontrast ilə)
2.1.324	MR angioqrafiyası (tək anatomik nahiyə)
2.1.325	Kontrastlı müayinənin kontrastsız müayinədən fərqi
2.1.326	Göz müayinəsi paketi (Vizometriya, Aftorefraktometriya, Göz təzyiqinin yoxlanılması)
2.1.327	Kompyüterlə görmə sahəsi müayinəsi (iki göz)
2.1.328	Biometriya (iki göz)
2.1.329	USM (iki göz)
2.1.33	Boyun fəqərələri rentgenoqrafiyası (dörd proyeksiyalı)
2.1.330	Kompyüterlə görmə sahəsi müayinəsi, USM və biometriya iki göz, eynək müayinəsi
2.1.331	Ekzoftalmometriya (iki göz)
2.1.332	Rəng hissinin müayinəsi (iki göz)
2.1.333	Sinoptofor müayinəsi (hər bir seansı)
2.1.334	Optik koherent tomoqrafiya (OKT)
2.1.335	Ön seqmentin rəngli şəkli (tək göz)
2.1.336	Arxa seqmentin rəngli şəkli (tək göz)
2.1.337	Endotelial biomikroskopiya (iki göz)
2.1.338	Ön seqmentin rəngli şəkli və arxa seqment fundus rəngli şəkli
2.1.339	Şirmer testi
2.1.34	Döş qəfəsi rentgenoqrafiyası (ön-arxa; bir proyeksiyalı)
2.1.340	Pakimetriya (iki göz)
2.1.341	Pnevmotonometriya (göz təzyiqinin ölçülməsi, iki göz)
2.1.342	İntravitreal punksiya
2.1.343	İntravitreal inyeksiya, Avastin
2.1.344	Terapevtik maddənin retrobulbar inyeksiyası
2.1.345	Parabulbar inyeksiya
2.1.346	Subtenon inyeksiya
2.1.347	Subkonyuktival inyeksiya
2.1.348	Avtorefraktometriya (iki göz)
2.1.349	Eynək müayinəsi
2.1.35	Lateral döş qəfəsi rentgenoqrafiyası (sol bir proyeksiyalı)
2.1.350	Korneanın debridmanı (epiteliyin təmizlənməsi)
2.1.351	Göz yaşı kanalının yuyulması (iki göz)
2.1.352	Göz yaşı kanalının testi (iki göz)
2.1.353	Göz yaşı kanalının açılması, uşaqlarda
2.1.354	Keratopoqrafiya (iki göz)
2.1.355	Fluorescein fundus angioqrafiya (FFA)
2.1.356	Göz dibinin müayinəsi (iki göz)
2.1.357	Göz zədələri və yanıqlar zamanı ilk yardım
2.1.358	Göz qapaqlarının masajı, iki göz (bir seans)
2.1.359	Xalazion zamanı inyeksiya
2.1.36	Lateral döş qəfəsi rentgenoqrafiyası (sağ bir proyeksiyalı)
2.1.360	Yenidoğulmuşlarda ROP müayinəsi
2.1.361	Qonioskopiya (iki göz)
2.1.362	Göz qapağında kəsiyin aparılması
2.1.363	Göz qapağı kənarının kəsilməsi
2.1.364	Göz qapağının biopsiyası
2.1.365	Göz yaşı vəzisinin biopsiyası
2.1.366	Göz yaşı kisəsinin biopsiyası
2.1.367	Göz yaşı dəliyinin zondlanması
2.1.368	Göz yaşı kanalının zondlanması
2.1.369	Nazolakrimal axarının zondlanması
2.1.37	Lateral döş qəfəsi rentgenoqrafiyası birtərəfli (iki proyeksiyalı)
2.1.370	Göz yaşı kəsiciyi və göz yaşı axarlarında kəsiyin aparılması
2.1.371	Göz yaşı dəliyinin obliterasiyası
2.1.372	Konyuktivadan pərçimlənmiş yad cismin kəsik vasitəsilə çıxarılması
2.1.373	Konyuktivanın biopsiyası
2.1.374	Buynuz qişadan pərçimlənmiş yad cismin maqnit vasitəsilə çıxarılması
2.1.375	Yaxma və ya kulturanın alınması üçün buynuz qişanın qaşınması
2.1.376	Buynuz qişanın biopsiyası
2.1.377	Radial keratotomiya
2.1.378	Gözün ön seqmentindən intraokulyar yad cismin çıxarılması
2.1.379	Gözün ön kamerasının diaqnostik aspirasiyası
2.1.38	Oblik döş qəfəsi rentgenoqrafiyası (sağ bir proyeksiyalı)
2.1.380	Qüzehli qişanın biopsiyası
2.1.381	Qüzehli qişanın, siliar cism, sklera və ön kameranın digər diaqnostik prosedurları
2.1.382	Qoniotomiya aparılmadan qoniopunksiya
2.1.383	Skleral fistulizasiya prosedurunun əməliyyatdan sonrakı reviziyası
2.1.384	Ön kameranın terapevtik evakuasiyası (Ön kameranın parasentezi)
2.1.385	Spirometriya
2.1.386	Provokasiyalı tənəffüs testləri
2.1.387	Torakoskopiya
2.1.388	Plevrodez
2.1.389	Bronxoskopiya
2.1.39	Oblik döş qəfəsi rentgenoqrafiyası (sol bir proyeksiyalı)
2.1.390	Bronxoskopiya, biopsiya
2.1.391	Bronxoskopiya, yad cismin çıxarılması
2.1.392	Bronxoskopiya, biopsiya və bronxial lavaj (yumşaq)
2.1.393	Bronxoskopiya, selektiv bronxoskopiya (yumşaq)
2.1.394	Bronxoskopiya, bronxo alveolyar lavaj (yumşaq)
2.1.395	Plevra boşluğunun lavajı (təmizlənməsi)
2.1.396	Döş qəfəsi daxili təzyiqin ölçülməsi
2.1.397	Plevra boşluğunun drenajı
2.1.398	Plevra boşluğundan hava aspirasiyası (pnevmotoraks)
2.1.399	Larinqoskopiya
2.1.4	'Kontrol müayinə (21 gün)' - 21 gün ərzində sığortaolunanın eyni ixtisaslı həkimə eyni səbəbdən ambulator tibbi xidmətə görə təkrar məsləhət və müayinə üçün müraciəti
2.1.40	Döş fəqərələri rentgenoqrafiyası (ön-arxa; iki proyeksiyalı)
2.1.400	Timpanometriya
2.1.401	Saf səs audiometriya
2.1.402	Qulaq kiri tıxacı (yuyulma və manipulyasiya)
2.1.403	Ventilyasiya borusunun çıxarılması
2.1.404	Otoakustik emissiya
2.1.405	Perforasion təbil pərdəsinin kənarlarının yandırılması
2.1.406	Burun boşluğundan arxa tamponun çıxarılması
2.1.407	Paranazal punksiya (bir tərəf)
2.1.408	Perforasiyalı təbil pərdəsinin təmiri
2.1.409	Qulaq arxası inyeksiyasının olunması
2.1.41	Döş fəqərələri rentgenoqrafiyası (ön-arxa; bir proyeksiyalı)
2.1.410	Orta qulaq inyeksiyasının olunması
2.1.411	Burun boşluğunda qanayan sahənin yandırılması (elektrokoaqulyasiya)
2.1.412	Traxeostomiya borusunun çıxarılması
2.1.413	Udlağa dərman maddələrinin sürtülməsi
2.1.414	Təbil pərdəsinə t-tüpün qoyulması
2.1.415	Xarici qulaq keçəcəyi furunkulunun açılması
2.1.416	Lakunaların yuyulması (1 seans)
2.1.417	Burun arakəsməsi absesin açılması
2.1.418	Burun furunkulunun açılması
2.1.419	Otohematomanın punksiyası
2.1.42	Döş fəqərələri rentgenoqrafiyası (lateral; bir proyeksiyalı)
2.1.420	Endonazal inyeksiya (1 seans)
2.1.421	Orta burun keçəcəyinin anemizasiyası burun boşluğuna dərman maddələrinin yeridilməsi (1 seans)
2.1.422	Otoskopiya
2.1.423	Burunun endoskopiyası
2.1.424	Yevstax Borularının kateterizasiyası (5 seans)
2.1.425	Qırtlağa dərman maddələrinin tökülməsi
2.1.426	Udlaqarxası absesin açılması
2.1.427	Eşitmə cihazı tətbiqi
2.1.428	Yevstax borusunun funksiyasının təyini
2.1.429	Videolarinqostroboskopiya
2.1.43	Döş fəqərələri rentgenoqrafiyası (oblik, sağ; bir proyeksiyalı)
2.1.430	Politser üsulu ilə hava üfürülməsi
2.1.431	Burun boşluğunun yuyulması
2.1.432	Qranulaların yandırılması
2.1.433	Peretonzilyar absesin açılması
2.1.434	Səs protezinin salınması və ya dəyişdirilməsi
2.1.435	Səs protezinin çıxarılması
2.1.436	Səs protezinin təmizlənməsi
2.1.437	Audiometriya, Timpanometriya
2.1.438	Nazoqastral kateter qoyulması
2.1.439	Ən azı 12 aparmalı elektrokardioqram (EKQ) qeydi, izah və nəticə
2.1.44	Döş fəqərələri rentgenoqrafiyası (oblik, sol; bir proyeksiyalı)
2.1.440	Kardiovaskulyar stress test - treadmill, veloerqometr, farmakoloji
2.1.441	24 saatlıq elektrokardioqram (EKQ) və arterial təzyiqin qeydi - Holter monitoru
2.1.442	48 saatlıq elektrokardioqram (EKQ) qeydi - Holter monitoru
2.1.443	Doppler rəngli exokardioqrafiya müayinəsi
2.1.444	Transezofageal exokardioqrafiya
2.1.445	Kardiotokoqrafiya (KTQ izahlı)
2.1.446	Ezofaqoqastroduodenoskopiya (mədə şirəsinin götürülməsi daxil)
2.1.447	Mədə-duodenum və nazik bağırsaq tədqiqi
2.1.448	EMD və nazik bağırsaq tədqiqi
2.1.449	Oral xolesistoqrafiyası
2.1.45	Döş fəqərələri rentgenoqrafiyası (iki proyeksiyalı)
2.1.450	Rektoskopiya
2.1.451	Sol kolon (fibrorektosiqmoidoskopiya)
2.1.452	Kolonoskopiya
2.1.453	Müayinə zamanı biopsiya
2.1.454	Fibroendoskopik müayinə
2.1.455	Mədənin yuyulması
2.1.456	Təmizləyici imalənin olunması
2.1.457	Qarın boşluğuna kateter qoyulması (çıxarılması daxildir)
2.1.458	Digər tibb müəssisəsində qarın boşluğunda qoyulmuş kateterin çıxarılması
2.1.459	Veziko uretral reflux araşdırması
2.1.46	Kürək sümüyü rentgenoqrafiyası (sağ; iki proyeksiyalı)
2.1.460	Kolposkopiya
2.1.461	Kolposkopiya və biopsiya
2.1.462	Uşaqlıq boynunda aparılan diaqnostik prosedurlar (Uşaqlıq yolunun sanasiyası)
2.1.463	Uşaqlıqdaxili kontraseptiv vasitənin daxil edilməsi
2.1.464	Uşaqlıqdaxili kontraseptiv vasitənin xaric edilməsi
2.1.465	Utero-servikal (uşaqlıq və uşaqlıq boynu) polip eksiziyası
2.1.466	Uretral və ya sidik kisəsinə kateterin taxılması
2.1.467	Uroflumetriya
2.1.468	Urometriya
2.1.469	Ekskretor Uroqrafıya
2.1.47	Kürək sümüyü rentgenoqrafiyası (ön-arxa, sağ; bir proyeksiyalı)
2.1.470	Sistometriya, EMQ müayinəsi
2.1.471	Sidik kisəsinin instilyasiyası, yuyulması (1 seans)
2.1.472	Uretra bujlanması
2.1.473	Sistometriya, VLPP
2.1.474	Kəskin hemodializ üçün müvəqqəti kateterin qoyulması (Kateter daxildir)
2.1.475	İki saatlıq EEQ monitorizasiyası
2.1.476	Yuxu və provokasiya EEQ-si
2.1.477	EEQ çəkimi
2.1.478	Reoensefaloqrafiya (REQ)
2.1.479	Kompyüter EMQ
2.1.48	Kürək sümüyü rentgenoqrafiyası (ön-arxa, sol; bir proyeksiyalı)
2.1.480	Bir saatlıq EEQ monitorizasiyası
2.1.481	Elastik sarğı qoyulması
2.1.482	Boyun fiksatoru
2.1.483	Köks gips korseti
2.1.484	Torako-braxial gips sarğısı
2.1.485	Yuxarı ətrafda gips sarğısı (dirsəküstü)
2.1.486	Said və əl (dirsəkaltı) gips sarğısı
2.1.487	Barmaq gipsi
2.1.488	Koksid tipli gips sarğısı (ikitərəfli)
2.1.489	Koksid tipli gips sarğısı (birtərəfli)
2.1.49	Kürək sümüyü rentgenoqrafiyası (lateral, sağ; bir proyeksiyalı)
2.1.490	Külot tipli gips (dizə qədər)
2.1.491	Dizlik gipsi (tutor)
2.1.492	Baldır, ayaq gipsi
2.1.493	Bud, baldır, ayaq gipsi
2.1.494	Gips çəkməsi (təkrar xidmət)
2.1.495	Gips sarğısının çıxarılması
2.1.496	Barmaq güdüllərinin formalaşdırılması
2.1.497	Yuxarı ətraflara gips çəkilməsi (ikitərəfli)
2.1.498	Yaranın qranulyasiyadan təmizlənməsi (böyük)
2.1.499	Yaranın qranulyasiyadan təmizlənməsi (orta)
2.1.5	'Kontrol müayinə (müdaxilə / müalicə sonrası 45 gün)'- stasionar şəraitdə göstərilən tibbi xidmətdən sonra 45 gün ərzində sığortaolunanın eyni ixtisaslı həkimə eyni səbəbdən təkrar müraciəti
2.1.50	Kürək sümüyü rentgenoqrafiyası (lateral, sol; bir proyeksiyalı)
2.1.500	Yaranın qranulyasiyadan təmizlənməsi (kiçik)
2.1.501	Yanıqlarda yaranın işlənməsi və sarğısı (böyük)
2.1.502	Yanıqlarda yaranın işlənməsi və sarğısı (orta)
2.1.503	Yanıqlarda yaranın işlənməsi və sarğısı (kiçik)
2.1.504	Eksternal fiksatorun çıxarılması
2.1.505	Skelet dartılmalarının qoyulması
2.1.506	Yara sarğısı (kiçik)
2.1.507	Yara sarğısı (orta)
2.1.508	Yara sarğısı (böyük)
2.1.509	Dolama açılması (panarisi)
2.1.51	Kürək sümüyü rentgenoqrafiyası (sol; iki proyeksiyalı)
2.1.510	Dırnağın çıxarılması (hissəvi)
2.1.511	Dırnağın çıxarılması (tam)
2.1.512	Abses və hematomların drenaj olunması (kiçik)
2.1.513	Abses və hematomların drenaj olunması (orta)
2.1.514	Abses və hematomların drenaj olunması (böyük)
2.1.515	Yara tikilməsi, tikişlərin sökülməsi daxildir (kiçik)
2.1.516	Yara tikilməsi, tikişlərin sökülməsi daxildir (orta)
2.1.517	Yara tikilməsi, tikişlərin sökülməsi daxildir (böyük)
2.1.518	Digər tibb müəssisəsində qoyulmuş tikişlərin sökülməsi
2.1.519	Steroid inyeksiyası
2.1.52	Körpücük sümüyü rentgenoqrafiyası (ön-arxa, sağ; bir proyeksiyalı)
2.1.520	İnterkostal blokada (hər bir səviyyə üçün seansı)
2.1.521	Analgeziya üçün simpatik sinirə anestetik maddənin inyeksiyası (Vaqosimpatik blokada)
2.1.522	Əzələdaxili inyeksiya
2.1.523	Damardaxili inyeksiya
2.1.524	Serum taxılması, damardaxili infuziya
2.1.525	Qan və ya qan əvəzedicilərinin transfuziyası
2.1.526	Dərialtı inyeksiya
2.1.527	İntrakavernoz dərman inyeksiyası
2.1.528	Plazmaferez (1 seans)
2.1.529	Plazmaferez yüksəkkeçiricili filtr
2.1.53	Körpücük sümüyü rentgenoqrafiyası (ön-arxa, sol; bir proyeksiyalı)
2.1.530	Qanın ultrabənövşəyi şüalarla şüalandırılması
2.1.531	Hemosorbsiya
2.1.532	İzolə olunmuş ultrafiltrasiya
2.1.533	Liqaşur fistulunun ləğvi
2.1.534	O2-nin planlı verilməsi
2.1.535	Dəri və selikli qişa yaxmanın alınması
2.1.536	Uşaqlıq ifrazatının alınması
2.1.537	Pap smear alınması
2.1.538	Kültürün alınması
2.1.539	Yaxmanın alınması
2.1.54	Döş sümüyü rentgenoqrafiyası (ön-arxa; bir proyeksiyalı)
2.1.540	Uretral yaxmanın alınması
2.1.541	İncə iynə biopsiyası (USM kontrolunda)
2.1.542	Kəsici iynə biopsiyası (USM kontrolunda)
2.1.543	BERA Test
2.1.544	Arayış almaq məqsədilə 18 yaşa qədər uşaqların sağlamlıq vəziyyətinin cari müayinəsi
2.1.545	Arayış almaq məqsədilə hərbi xidmətə çağrılanların tibbi müayinəsi
2.1.546	İnzibati məqsədlərlə digər müayinələr (övladlığa götürmə zamanı tələb olunan müayinə)
2.1.547	Xüsusi müəssisələrdə yaşayan şəxslərin sağlamlığının cari ümumi yoxlanışı (məntəqə tipli cəzaçəkmə müəssisələrində yaşayan şəxslərin müayinəsi)
2.1.548	Xarici qulağın digər zədələnməsinin kəsiyi və ya destruksiyası
2.1.549	Xarici qulağın kəsiyinin tikilməsi
2.1.55	Döş sümüyü rentgenoqrafiyası (lateral; bir proyeksiyalı)
2.1.550	Burun qanaxmasının dayandırılması, ön nazal tamponun yerləşdirilməsi vasitəsilə
2.1.551	Burun sınığının qapalı reduksiyası
2.1.552	Burun kəsiyinin tikilməsi
2.1.553	Linqval frenotomiya
2.1.554	Tüpürcək vəzi axarının zondlanması
2.1.555	Dodaq cırılmasının tikilməsi
2.1.556	Damaq cırılmasının tikilməsi
2.1.557	Qırtlağa edilən inyeksiya
2.1.558	Traxeyaya yerli təsir edən terapevtik maddənin inyeksiyası
2.1.559	Arterial kateterizasiya, monitorinq
2.1.56	Döş sümüyü rentgenoqrafiyası (iki proyeksiyalı)
2.1.560	Venoz kateterizasiya, başqa cür müəyyən edilməyib, monitorinq
2.1.561	Veneseksiya, monitorinq
2.1.562	Qida borusunun qapalı (endoskopik) biopsiyası
2.1.563	Mədənin qapalı (endoskopik) biopsiyası
2.1.564	Periton boşluğuna yerli təsir göstərən terapevtik maddənin inyeksiyası
2.1.565	Ureteroskopiya (diaqnostik)
2.1.566	Transuretral sistoskopiya (diaqnostik)
2.1.567	Digər uretroskopiya növləri (Uretroskopiya diaqnostik)
2.1.568	Toxum kisəciklərin perkutan aspirasiyası (Toxum kisəciklərin aspirasiyası / punksiya)
2.1.569	Servikal kanalın genişləndirilməsi (Servikal dilatasiya)
2.1.57	Çiyin oynağı rentgenoqrafiyası (ön-arxa, sağ; bir proyeksiyalı)
2.1.570	Uşaqlıq boynu toxumasının və ya zədələnmiş sahəsinin kəsilməsi və destruksiyasının digər növləri (Uşaqlıq boynu eroziyasının dərmanla yandırılması)
2.1.571	Histeroskopiya (Diaqnostik)
2.1.572	Uşaqlıq boynundan serklyaj materialının xaric edilməsi (Uşaqlıq boynunun tikişlərinin sökülməsi)
2.1.573	Kuldosentez (Douqlas (arxa tağ) punksiyası)
2.1.574	Radikal vulvektomiya
2.1.575	Birtərəfli vulvektomiya
2.1.576	İkitərəfli vulvektomiya
2.1.577	Çənə sınığının qapalı reduksiyası
2.1.578	Gicgah-çənə çıxığının qapalı reduksiyası
2.1.579	Daxili fiksasiya olunmadan sınığın qapalı reduksiyası, müəyyən edilməmiş yer
2.1.58	Çiyin oynağı rentgenoqrafiyası (ön-arxa, sol; bir proyeksiyalı)
2.1.580	Daxili fiksasiya olunmadan sınığın qapalı reduksiyası, bazu sümüyü
2.1.581	Daxili fiksasiya olunmadan sınığın qapalı reduksiyası, mil və dirsək sümüyü əl, başqa cür müəyyən edilməyib
2.1.582	Daxili fiksasiya olunmadan sınığın qapalı reduksiyası, bilək və əl-darağı sümükləri əl, başqa cür müəyyən edilməyib
2.1.583	Daxili fiksasiya olunmadan sınığın qapalı reduksiyası, əlin falanqaları
2.1.584	Daxili fiksasiya olunmadan sınığın qapalı reduksiyası, bud sümüyü
2.1.585	Daxili fiksasiya olunmadan sınığın qapalı reduksiyası, qamış və incik sümükləri ayaq, başqa cür müəyyən edilməyib
2.1.586	Daxili fiksasiya olunmadan sınığın qapalı reduksiyası, tarsal və metatarsal sümükləri ayaq, başqa cür müəyyən edilməyib
2.1.587	Daxili fiksasiya olunmadan sınığın qapalı reduksiyası, ayaq falanqaları
2.1.588	Daxili fiksasiya olunmadan sınığın qapalı reduksiyası, digər müəyyən edilmiş sümük
2.1.589	Separasiya edilmiş epifizin qapalı reduksiyası, bazu sümüyü
2.1.59	Çiyin oynağı rentgenoqrafiyası (lateral, sağ; bir proyeksiyalı)
2.1.590	Separasiya edilmiş epifizin qapalı reduksiyası, mil və dirsək sümüyü əl, başqa cür müəyyən edilməyib
2.1.591	Separasiya edilmiş epifizin qapalı reduksiyası, bud sümüyü
2.1.592	Separasiya edilmiş epifizin qapalı reduksiyası, qamış və incik sümükləri ayaq, başqa cür müəyyən edilməyib
2.1.593	Separasiya edilmiş epifizin qapalı reduksiyası, digər müəyyən edilmiş sümük
2.1.594	Çiyin çıxığının qapalı reduksiyası
2.1.595	Dirsək çıxığının qapalı reduksiyası
2.1.596	Bilək çıxığının qapalı reduksiyası
2.1.597	Əl və barmaq çıxığının qapalı reduksiyası
2.1.598	Bud çıxığının qapalı reduksiyası
2.1.599	Diz çıxığının qapalı reduksiyası
2.1.6	Digər tibb müəssisəsindən ixtisaslı həkim çağırışı
2.1.60	Çiyin oynağı rentgenoqrafiyası (lateral, sol; bir proyeksiyalı)
2.1.600	Topuq çıxığının qapalı reduksiyası
2.1.601	Pəncə və ayaq barmaqların çıxığının qapalı reduksiyası
2.1.602	Digər müəyyən edilmiş yerin çıxığının qapalı reduksiyası
2.1.603	Artrosentez (oynağın punksiyası)
2.1.604	Oynaq və ya bağına terapevtik maddənin inyeksiyası
2.1.605	Əlin sinovial kisəsinə terapevtik maddənin inyeksiyası
2.1.606	Əlin vətərinə terapevtik maddənin inyeksiyası
2.1.607	Sinovial kisənin aspirasiyası (punksiya)
2.1.608	Digər yumşaq toxumaların aspirasiyası (punksiya)
2.1.609	Sinovial kisəyə terapevtik maddənin inyeksiyası
2.1.61	Çiyin oynağı rentgenoqrafiyası (sağ; iki proyeksiyalı)
2.1.610	Aşağı ətrafların vətərlərinə terapevtik maddənin inyeksiyası
2.1.611	Yad cismin çıxarılması (kəsik aparılmadan)
2.1.612	Ağızdan kəsik aparılmadan intraluminal yad cismin çıxarılması
2.1.613	Qida borusundan kəsik aparılmadan intraluminal yad cismin çıxarılması
2.1.614	Mədə və nazik bağırsaqdan kəsik aparılmadan intraluminal yad cismin çıxarılması
2.1.615	Yoğun bağırsaqdan kəsik aparılmadan intraluminal yad cismin çıxarılması
2.1.616	Düz bağırsaq və anusdan kəsik aparılmadan intraluminal yad cismin çıxarılması
2.1.617	Qulaqdan kəsik aparılmadan intraluminal yad cismin çıxarılması
2.1.618	Burundan kəsik aparılmadan intraluminal yad cismin çıxarılması
2.1.619	Qırtlaqdan kəsik aparılmadan intraluminal yad cismin çıxarılması
2.1.62	Çiyin oynağı rentgenoqrafiyası (sol; iki proyeksiyalı)
2.1.620	Udlaqdan kəsik aparılmadan intraluminal yad cismin çıxarılması
2.1.621	Traxeya və bronxdan kəsik aparılmadan intraluminal yad cismin çıxarılması
2.1.622	Uşaqlıqdan kəsik aparılmadan intraluminal yad cismin çıxarılması
2.1.623	Vaginadan kəsik aparılmadan intraluminal yad cismin çıxarılması
2.1.624	Süni stomadan kəsik aparılmadan intraluminal yad cismin çıxarılması
2.1.625	Uretradan kəsik aparılmadan intraluminal yad cismin çıxarılması
2.1.626	Gözdən kəsik aparılmadan yad cismin çıxarılması
2.1.627	Gözqapağı və ya konyuktivadan kəsik aparılmadan pərçimlənmiş yad cismin çıxarılması
2.1.628	Vulvadan kəsik aparılmadan yad cismin çıxarılması
2.1.629	Xayalıq və ya penisdən kəsik aparılmadan yad cismin çıxarılması
2.1.63	Bazu sümüyü rentgenoqrafiyası (ön-arxa, sağ; bir proyeksiyalı)
2.1.630	Əldən kəsik aparılmadan yad cismin çıxarılması
2.1.631	Yuxarı ətrafdan kəsik aparılmadan yad cismin çıxarılması, əl istisna olmaqla
2.1.632	Pəncədən kəsik aparılmadan yad cismin çıxarılması
2.1.633	Aşağı ətrafdan kəsik aparılmadan yad cismin çıxarılması, pəncə istisna olmaqla
2.1.64	Bazu sümüyü rentgenoqrafiyası (ön-arxa, sol; bir proyeksiyalı)
2.1.65	Bazu sümüyü rentgenoqrafiyası (lateral, sağ; bir proyeksiyalı)
2.1.66	Bazu sümüyü rentgenoqrafiyası (lateral, sol; bir proyeksiyalı)
2.1.67	Bazu sümüyü rentgenoqrafiyası (sağ; iki proyeksiyalı)
2.1.68	Bazu sümüyü rentgenoqrafiyası (sol; iki proyeksiyalı)
2.1.69	Dirsək oynağı rentgenoqrafiyası (ön-arxa, sağ; bir proyeksiyalı)
2.1.7	Uroloqun müayinəsi (USM ilə)
2.1.70	Dirsək oynağı rentgenoqrafiyası (ön-arxa, sol; bir proyeksiyalı)
2.1.71	Dirsək oynağı rentgenoqrafiyası (lateral, sağ; bir proyeksiyalı)
2.1.72	Dirsək oynağı rentgenoqrafiyası (lateral, sol; bir proyeksiyalı)
2.1.73	Dirsək oynağı rentgenoqrafiyası (sağ; iki proyeksiyalı)
2.1.74	Dirsək oynağı rentgenoqrafiyası (sol; iki proyeksiyalı)
2.1.75	Said sümüklərinin rentgenoqrafiyası (ön-arxa; bir proyeksiyalı)
2.1.76	Said sümüklərinin rentgenoqrafiyası (lateral; bir proyeksiyalı)
2.1.77	Said sümüklərinin rentgenoqrafiyası (sağ; iki proyeksiyalı)
2.1.78	Said sümüklərinin rentgenoqrafiyası (sol; iki proyeksiyalı)
2.1.79	Bilək sümüyü rentgenoqrafiyası (ön-arxa, bir proyeksiyalı)
2.1.8	Ginekoloqun müayinəsi (USM ilə)
2.1.80	Bilək sümüyü rentgenoqrafiyası (lateral, sağ; bir proyeksiyalı)
2.1.81	Bilək sümüyü rentgenoqrafiyası (lateral, sol; bir proyeksiyalı)
2.1.82	Bilək sümüyü rentgenoqrafiyası (sağ; iki proyeksiyalı)
2.1.83	Bilək sümüyü rentgenoqrafiyası (sol; iki proyeksiyalı)
2.1.84	Mil-bilək oynağı rentgenoqrafiyası (ön-arxa, sağ; bir proyeksiyalı)
2.1.85	Mil-bilək oynağı rentgenoqrafiyası (ön-arxa, sol; bir proyeksiyalı)
2.1.86	Mil-bilək rentgenoqrafiyası (lateral, sağ; bir proyeksiyalı)
2.1.87	Mil-bilək oynağı rentgenoqrafiyası (lateral, sol; bir proyeksiyalı)
2.1.88	Mil-bilək oynağı rentgenoqrafiyası (sağ; iki proyeksiyalı)
2.1.89	Mil-bilək oynağı rentgenoqrafiyası (sol; iki proyeksiyalı)
2.1.9	Həkim-kardioloqun müayinəsi (EKQ ilə)
2.1.90	Əl falanqaları rentgenoqrafiyası (ön-arxa, sağ; bir proyeksiyalı)
2.1.91	Əl falanqaları rentgenoqrafiyası (ön-arxa, sol; bir proyeksiyalı)
2.1.92	Əl falanqaları rentgenoqrafiyası (lateral, sağ; bir proyeksiyalı)
2.1.93	Əl falanqaları rentgenoqrafiyası (lateral, sol; bir proyeksiyalı)
2.1.94	Əl falanqaları rentgenoqrafiyası (sağ; iki proyeksiyalı)
2.1.95	Əl falanqaları rentgenoqrafiyası (sol; iki proyeksiyalı)
2.1.96	Əl falanqaları rentgenoqrafiyası (ön-arxa, lateral, oblik, üç proyeksiyalı)
2.1.97	Bel fəqərələri rentgenoqrafiyası (ön-arxa; bir proyeksiyalı)
2.1.98	Bel fəqərələri rentgenoqrafiyası (lateral; bir proyeksiyalı)
2.1.99	Bel fəqərələri rentgenoqrafiyası (oblik, sağ; bir proyeksiyalı)
2.2.1	Nebulayzerlə kompleks inhalyasiyası (1 prosedur)
2.2.10	Darsonvalizasiya (10 dəqiqə)
2.2.11	Vakuum terapiya (30 dəqiqə)
2.2.12	Qısa dalğa terapiyası (30 dəqiqə)
2.2.13	TENS (30 dəqiqə)
2.2.14	Tubus kvars (1-2 dəqiqə)
2.2.15	Traksiya, mexaniki dartınma (30 dəqiqə)
2.2.16	Seqmentar traksiya (1 prosedur)
2.2.17	Sualtı dartma (1 prosedur)
2.2.18	Ultrasəs (30 dəqiqə)
2.2.19	Parafin applikasiyası (1 nahiyə)
2.2.2	Qalvanizasiya (20 dəqiqə)
2.2.20	Naftoparafin applikasiyası (1 nahiyə)
2.2.21	Palçıq applikasiyası (1 nahiyə)
2.2.22	Naftalan applikasiyası (1 nahiyə)
2.2.23	Naftalan və solyuks applikasiyası (1 nahiyə)
2.2.24	Elektrostimulyasiya xidməti (20 dəqiqə)
2.2.25	Masaj (15 dəqiqə)
2.2.26	Masaj (30 dəqiqə)
2.2.27	Masaj (60 dəqiqə)
2.2.28	İnterferentli toklar (15 dəqiqə)
2.2.29	Kvant terapiya (1 prosedur)
2.2.3	Elektroforez (20 dəqiqə)
2.2.30	Ultrabənövşəyi şüalanma (1 prosedur)
2.2.31	Yüksək tezlikli lazeroterapiya (1 prosedur)
2.2.32	Aşağı tezlikli lazeroterapiya (1 prosedur)
2.2.33	Diadinamoterapiya (DDT) (1 prosedur)
2.2.34	Zərbə dalğalı terapiya (1 prosedur)
2.2.35	Yüksək dalğalı terapiya (1 prosedur)
2.2.36	Mikrodalğalı terapiya (1 prosedur)
2.2.37	İnfraqırmızı şüalanma (1 prosedur)
2.2.38	(HİLT) Lazer ilə hiltterapiya (1 prosedur)
2.2.39	Tekar terapiya (1 prosedur)
2.2.4	Bernar cərəyanı (10 dəqiqə)
2.2.40	Tibial sinirin neyromodulyasiyası (1 prosedur)
2.2.41	Transkranial maqnit stimulyasiyası (diaqnostik)
2.2.42	Transkranial maqnit stimulyasiyası ( müalicəvi, 1 prosedur)
2.2.43	Tənəffüs gimnastikası (30 dəqiqə)
2.2.44	Hiperbarik oksigenasiya (1 prosedur)
2.2.45	Erqoterapiya xidməti (30 dəqiqə)
2.2.46	Teyp qoyulması xidməti (1 prosedur)
2.2.47	Müalicəvi bədən tərbiyəsi (30 dəqiqə)
2.2.48	Müalicəvi bədən tərbiyəsi (60 dəqiqə)
2.2.49	Vanna (dörd kameralı) (1 prosedur)
2.2.5	Amplipuls (10 dəqiqə)
2.2.50	Yuxarı ətraflar üçün vanna (1 prosedur)
2.2.51	Aşağı ətraflar üçün vanna (1 prosedur)
2.2.52	Vanna (yod bromlu) (1 prosedur)
2.2.53	Vanna (oksigen) (1 prosedur)
2.2.54	Vanna (mirvari) (1 prosedur)
2.2.55	Qalvanik tibbi vanna (1 prosedur)
2.2.56	Hidrokolonoterapiya (1 prosedur)
2.2.57	Sualtı tredmil aparatı ilə məşqin keçirilməsi (1 prosedur)
2.2.58	Duş Şarko (1 prosedur)
2.2.59	Heriatrik reabilitasiya xidməti (1 gün)
2.2.6	Fonoforez, ultrasəs (10 dəqiqə)
2.2.60	Nevroloji reabilitasiya xidməti (1 gün)
2.2.61	Nevroloji reabilitasiya xidməti (15 gün)
2.2.62	Nevroloji reabilitasiya xidməti (30 gün)
2.2.63	Uşaq nevroloji reabilitasiya xidməti (1 gün)
2.2.64	Uşaq nevroloji reabilitasiya xidməti (15 gün)
2.2.65	Uşaq nevroloji reabilitasiya xidməti (30 gün)
2.2.66	Pediatrik reabilitasiya xidməti (1 gün)
2.2.67	Pediatrik reabilitasiya xidməti (15 gün)
2.2.68	Pediatrik reabilitasiya xidməti (30 gün)
2.2.69	Ortopedik reabilitasiya xidməti (1 gün)
2.2.7	UYT (UVÇ) (10 dəqiqə)
2.2.70	Ortopedik reabilitasiya xidməti (15 gün)
2.2.71	Ortopedik reabilitasiya xidməti (30 gün)
2.2.72	Kardioloji reabilitasiya xidməti (1 gün)
2.2.73	Kardioloji reabilitasiya xidməti (15 gün)
2.2.74	Kardioloji reabilitasiya xidməti (30 gün)
2.2.75	Ginekoloji reabilitasiya xidməti (1 gün)
2.2.76	Androloji reabilitasiya xidməti (1 gün)
2.2.77	Post-COVID reabilitasiya xidməti (1 gün)
2.2.8	Aşağı tezlikli maqnit terapiyası (1 prosedur)
2.2.9	Yüksək tezlikli maqnit terapiyası (1 prosedur)
2.3.1	Köməkçi anesteziya paketi, həkim-anestezioloq konsultasiyası daxil (ambulator şəraitdə göstərilən xidmətlər)
2.4.1	Əsas metabolik panel (Kalsium, ionlaşmış). Bu panel aşağıdakıları əhatə etməlidir: Kalsium, ionlaşmış (172330), Karbon dioksid (172374), Xlor (172435), Kreatinin (172565), Qlükoza (172947), Kalium (174132), Natrium 174295), Urea nitrogeni (BUN) (174520)
2.4.10	Karbamazepin; ümumi
2.4.100	Krioqlobulin, keyfiyyətcə və ya yarımkəmiyyətcə (məs., kriokrit)
2.4.101	Siankobalamin (Vitamin B-12)
2.4.102	Sistatin C
2.4.103	Sistein və homosistein, sidik, keyfiyyətcə
2.4.104	Dehidroepiandrosteron (DHEA)
2.4.105	Dehidroepiandrosteron sulfat (DHEA-S)
2.4.106	Dehidrotestosteron (DHT)
2.4.107	Eritropoetin
2.4.108	Estradiol
2.4.109	Estrogenlər; fraksiyaları
2.4.11	Siklosporin
2.4.110	Estrogenlər; ümumi
2.4.111	Estriol
2.4.112	Ferritin
2.4.113	Fol turşusu; serum
2.4.114	Qammaqlobulin (immunoqlobulin); IgA, IgD, IgG, IgM (hər biri)
2.4.115	Qammaqlobulin (immunoqlobulin); IgE
2.4.116	Qammaqlobulin (immunoqlobulin); immunoqlobulin subsiniflər (məs., IgG1, 2, 3 və ya 4) (hər biri)
2.4.117	Qan qazları, yalnız pH
2.4.118	Qan qazları, pH, pCO2, pO2, CO2, HCO3 hər hansı bir kombinasiya (hesablanmış O2 saturasiyası daxil);
2.4.119	Qan qazları, pH, pCO2, pO2, CO2, HCO3 hər hansı bir kombinasiya (hesablanmış O2 saturasiyası daxil); O2 saturasiyası ilə, birbaşa ölçmə ilə, pulsoksimetriya xaric
2.4.12	Diqoksin
2.4.120	Qan qazları, yalnız O2 saturasiya təyini, birbaşa ölçmə üsulu ilə, pulsoksimetriya xaric
2.4.121	Hemoqlobin - oksigen affinliyi (oksigen ilə 50% hemoqlobin saturasiyası üçün pO2)
2.4.122	Mədə turşusu, sərbəst və ümumi, hər bir nümunə
2.4.123	Mədə turşusu, sərbəst və ya ümumi, hər bir nümunə
2.4.124	Mədə turşusunun müayinəsi, pH daxil icra olunarsa, hər bir nümunə
2.4.125	Qlükoza, bədən mayeləri, qandan başqa
2.4.126	Qlükaqon tolerantlıq testi
2.4.127	Qlükoza; kəmiyyətcə, qan (strip reagent xaric)
2.4.128	Qlükoza; qan, strip reagent
2.4.129	Qlükoza; qlükoza yükləmədən sonra (qlükoza daxil)
2.4.13	Dipropilasetat turşusu (Valproy turşusu)
2.4.130	Qlükoza tolerantlıq testi (GTT), 3 nümunə (qlükoza daxil)
2.4.131	Qlükoza tolerantlıq testi, 3 nümunədən başqa hər biri üçün əlavə (əsas prosedur ilə ayrı kodlaşdırılır)
2.4.132	Qlükoza-6-fosfat dehidrogenaza (G6PD); kəmiyyətcə
2.4.133	Qlükoza-6-fosfat dehidrogenaza (G6PD); skrininq
2.4.134	Qlükoza, qanda qlükozanın monitorinqində istifadə edilən cihaz, əsasən evdə istifadə üçün
2.4.135	Qamma qlütamil transferaza (GGT)
2.4.136	Qonadotropin; follikul stimullaşdırıcı hormon (FSH)
2.4.137	Qonadotropin; Lüteinizə olunmuş hormon (LH)
2.4.138	İnsan boy hormonu, (HGH) (somatotropin)
2.4.139	Haptoqlobin; kəmiyyətcə
2.4.14	Sirolimus
2.4.140	Hemoqlobin fraksiyası və kəmiyyətcə; elektroforez (məs., A2, S, C, və/və ya F)
2.4.141	Hemoqlobin fraksiyası və kəmiyyətcə; xromotoqrafiya (məs., A2, S, C, və/və ya F)
2.4.142	Hemoqlobin; qlikozilləşmiş (A1C)
2.4.143	Hemoqlobin; sidik
2.4.144	Hemosiderin; keyfiyyətcə
2.4.145	Hemosiderin; kəmiyyətcə
2.4.146	Homosistein
2.4.147	Homovanil turşusu (HVA)
2.4.148	17-hidroksikortikosteroid (17- OHCS)
2.4.149	Hidroksiproqesteron, 17-d
2.4.15	Takrolimus
2.4.150	Hidroksiproqesteron, 20-
2.4.151	İnfeksion agent anticismi və ya infeksion agent antigeni xaric digər analitlər üçün immunoloji analiz; keyfiyyətcə və ya yarımkəmiyyətcə, çoxmərhələli metod
2.4.152	İnfeksion agent anticismi və ya infeksion agent antigeni xaric digər analitlər üçün immunoloji analiz; keyfiyyətcə və ya yarımkəmiyyətcə, təkmərhələli metod (məs., Strip test)
2.4.153	İnsulin; ümumi
2.4.154	İnsulin; sərbəst
2.4.155	Dəmir
2.4.156	Dəmir birləşdirmə qabiliyyəti
2.4.157	Laktat (süd turşusu)
2.4.158	Laktatdehidrogenaza (LD), (LDH)
2.4.159	Laktatdehidrogenaza (LD), (LDH); izofermentləri, ayrı və kəmiyyətcə
2.4.16	Adrenokortikotrop hormon (ACTH) stimulyasiya paneli; böyrəküstü vəzi çatışmazlığı. Bu panel aşağıdakıları əhatə etməlidir: Kortizol (172533 x 2)
2.4.160	Lipaza
2.4.161	Lipoprotein (a)
2.4.162	Lipoprotein, birbaşa ölçmə; yuxarı sıxlıqlı xolesterol (HDL cholesterol)
2.4.163	Lipoprotein, birbaşa ölçmə; VLDL xolesterol
2.4.164	Lipoprotein, birbaşa ölçmə; LDL xolesterol
2.4.165	Luteinləşdirici sərbəstləşdirici faktor (LRH)
2.4.166	Maqnezium
2.4.167	Mioqlobin
2.4.168	Natriuretik peptid
2.4.169	Osmolyarlıq; qan
2.4.17	Adrenokortikotrop hormon (ACTH) stimulyasiya paneli; 21 hidroksilaza çatışmazlığında. Bu panel aşağıdakıları əhatə etməlidir: Kortizol (172533 x 2), 17 hidroksiproqesteron (173498 x 2)
2.4.170	Osmolyarlıq; sidik
2.4.171	Osteokalsin (sümük g1a protein)
2.4.172	Oksalat
2.4.173	Parathormon (PTH)
2.4.174	pH; bədən mayesi, təsnifatda qeyd olunmayan
2.4.175	pH; nəfəsvermə aktında kondensat
2.4.176	Kalprotektin, nəcis
2.4.177	Fenilalanin (PKU), qan
2.4.178	Fosfataza, turş; ümumi
2.4.179	Fosfataza, turş; prostatik
2.4.18	Aldosteron suppressiya qiymətləndirməsi paneli (məs., fizioloji məhlul infuziyası) Bu panel aşağıdakıları əhatə etməlidir: Aldosteron (172088 x 2), Renin (174244 x 2)
2.4.180	Fosfataza, qələvi
2.4.181	Fosfor qeyri-üzvi (fosfat)
2.4.182	Fosfor qeyri-üzvi (fosfat); sidik
2.4.183	Kalium; serum, plazma və ya qan
2.4.184	Kalium, sidik
2.4.185	Prealbumin
2.4.186	Progesteron
2.4.187	Prokalsitonin (PCT)
2.4.188	Prolaktin
2.4.189	Prostat spesifik antigen (PSA); kompleks (birbaşa təyin)
2.4.19	Qlükaqon tolerantlıq paneli İnsulinoma üçün. Bu panel aşağıdakıları əhatə etməlidir: Qlükoza (172947 x 3), İnsulin (173525 x 3)
2.4.190	Prostat spesifik antigen (PSA); ümumi
2.4.191	Prostat spesifik antigen (PSA); sərbəst
2.4.192	Protein, ümumi, refraktometriya xaric; serum, plazma və ya qan
2.4.193	Protein, ümumi, refraktometriya xaric; sidik
2.4.194	Protein, ümumi, refraktometriya xaric; digər materiallar (məs., sinovial maye, onurğa-beyin mayesi)
2.4.195	Protein, ümumi,refraktometriya ilə, hər hansı bir material
2.4.196	Hamiləliklə əlaqəli plazma proteini-A (PAPP-A)
2.4.197	Protein; elektroforezlə fraksiyalaşdırma və kəmiyyətcə təyini, serum
2.4.198	Protein; elektroforezlə fraksiyalaşdırma və kəmiyyətcə təyini, konsentrasiyalı digər mayelər (məs., sidik, BOM)
2.4.199	Renin
2.4.2	Əsas metabolik panel (Kalsium, ümumi). Bu panel aşağıdakıları əhatə etməlidir: Kalsium, ümumi (172310), Karbon dioksid (172374), Xlor (172435), Kreatinin (172565), Qlükoza (172947), Kalium (174132), Natrium (174295), Urea nitrogeni (BUN) (174520)
2.4.20	Qonadotropin hormonu stimulyasiya paneli. Bu panel aşağıdakıları əhatə etməlidir: Follikul stimullaşdırıcı hormon (FSH) (173001 x 4), Lüteinləşdirici hormon (LH) (173002 x 4)
2.4.200	Cinsi hormon bağlayıcı qlobulin (SHBG)
2.4.201	Natrium; serum, plazma və ya qan
2.4.202	Natrium; sidik
2.4.203	Natrium; digər nümunə
2.4.204	Somatomedin
2.4.205	Somatostatin
2.4.206	Xüsusi çəki (sidik xaric)
2.4.207	Testosteron, sərbəst
2.4.208	Testosteron, ümumi
2.4.209	Tiroqlobulin
2.4.21	Boy hormonu stimulyasiya paneli (məs., arginin infuziyası, L-dopa tətbiqi). Bu panel aşağıdakıları əhatə etməlidir: İnsan boy hormonu (HGH) (173003 x 4)
2.4.210	Tiroksin; ümumi
2.4.211	Tiroksin ümumi; elyusiya tələb edən (məs., neonatal)
2.4.212	Tiroksin; sərbəst
2.4.213	Tiroksin bağlayıcı qlobulin (TBG)
2.4.214	Tiroid stimulyasiyaedici hormon (TSH)
2.4.215	Aspartat aminotransferaza (AST) (SGOT)
2.4.216	Alanin aminotransferaza (ALT) (SGPT)
2.4.217	Transferrin
2.4.218	Triqliseridlər
2.4.219	Tiroid hormon (T3 və ya T4) tutulması və ya tiroid hormon birləşdirmə nisbəti (THBR)
2.4.22	Boy hormonu supressiya paneli (Qlükoza tətbiqi). Bu panel aşağıdakıları əhatə etməlidir: Qlükoza (172947 x 3), İnsan boy hormonu (HGH) (173003 x 4)
2.4.220	Triyodtironin T3; ümumi (TT-3)
2.4.221	Triyodtironin T3; sərbəst
2.4.222	Troponin; kəmiyyətcə
2.4.223	Troponin; keyfiyyətcə
2.4.224	Urea nitrogeni; kəmiyyətcə
2.4.225	Urea nitrogeni; yarımkəmiyyətcə (məs., reagent strip test)
2.4.226	Urea nitrogeni; sidik
2.4.227	Urea nitrogeni; klirens
2.4.228	Sidik turşusu; qan
2.4.229	Sidik turşusu; başqa mənbə
2.4.23	İnsulin ilə induksiya edilmiş C-peptid supressiya paneli. Bu panel aşağıdakıları əhatə etməlidir: İnsulin (173525), C-peptid (174681 x 5), Qlükoza (172947 x 5)
2.4.230	Urobilinogen, nəcis; kəmiyyətcə
2.4.231	Urobilinogen, sidik; keyfiyyətcə
2.4.232	Urobilinogen, sidik; kəmiyyətcə, müddətli nümunə
2.4.233	Urobilinogen, sidik; yarımkəmiyyətcə
2.4.234	Vanililmandelin turşusu (VMA), sidik
2.4.235	Vazopressin (antidiuretik hormon, ADH)
2.4.236	Vitamin K
2.4.237	C-peptid
2.4.238	Qonadotropin, xorionik (hCG); kəmiyyətcə
2.4.239	Qonadotropin, xorionik (hCG); keyfiyyətcə
2.4.24	Elektrolit paneli. Bu panel aşağıdakıları əhatə etməlidir: Karbon dioksid (172374), Xlor (172435), Kalium (174132), Natrium (174295)
2.4.240	Qonadotropin, xorionik (hCG); sərbəst beta zəncir
2.4.241	Siyahıda olmayan kimyəvi prosedur
2.4.242	Qanaxma zamanı
2.4.243	Qanın analizi; avtomatlaşdırılmış differensial leykosit sayı
2.4.244	Qanın analizi; qan yaxması, mikroskopik müayinə manual differensial leykosit sayı ilə
2.4.245	Qanın analizi; qan yaxması, mikroskopik müayinə, manual differensial leykosit sayı olmadan
2.4.246	Qanın analizi; manual differensial leykosit sayı
2.4.247	Qanın analizi; hemoqlobin (Hgb)
2.4.248	Qanın ümumi analizi (CBC), avtomatlaşdırılmış (Hgb, Hct, RBC, WBC və trombositlərin sayı) və avtomatlaşdırılmış differensial leykosit sayı
2.4.249	Qanın ümumi analizi (CBC), avtomatlaşdırılmış (Hgb, Hct, RBC, WBC və trombositlərin sayı)
2.4.25	İnsulin tolerantlıq paneli; Adrenokortikotrop hormon (ACTH) çatışmazlığı üçün. Bu panel aşağıdakıları əhatə etməlidir: Kortizol (172533 x 5), Qlükoza (172947 x 5)
2.4.250	Qanın ümumi analizi; manual hüceyrə sayı (eritrosit, leykosit və ya trombosit) hər biri
2.4.251	Qanın analizi; qırmızı qan hüceyrələri (RBC), avtomatlaşdırılmış
2.4.252	Qanın analizi; retikulositlər, əl ilə
2.4.253	Qanın analizi; retikulositlər, avtomatlaşdırılmış
2.4.254	Qanın analizi; retikulositlər, avtomatlaşdırılmış, 1 və ya daha çox hüceyrə parametrləri daxil (məs., retikulositdə hemoqlobin miqdarı (CHr), yetişməmiş retikulosit fraksiyası (IRF), retikulosit həcmi (MRV), RNT miqdarı), birbaşa ölçmə
2.4.255	Qan yaxması; periferik, həkimin interpretasiyalı rəyi ilə birlikdə
2.4.256	Laxtalanma faktoru II, protrombin, spesifik
2.4.257	Laxtalanma faktoru V (AcG və ya proakselerin), labil faktor
2.4.258	Laxtalanma faktoru VII (prokonvertin, stabil faktor)
2.4.259	Laxtalanma faktoru VIII (AHG), 1-ci mərhələ
2.4.26	İnsulin tolerantlıq paneli; boy hormonu çatışmazlığı zamanı bu panel aşağıdakıları əhatə etməlidir: Qlükoza (172947 x 5), İnsan boy hormonu (HGH) (173003 x 5)
2.4.260	Laxtalanma faktoru VIII, əlaqəli antigen
2.4.261	Laxtalanma faktoru VIII, VW factor, ristosetin kofaktor
2.4.262	Laxtalanma faktoru VIII, VW faktor antigen
2.4.263	Laxtalanma faktoru VIII, von Willebrand faktor, multimetrik analiz
2.4.264	Laxtalanma faktoru IX (PTC və ya Christmas)
2.4.265	Laxtalanma faktoru X (Stuart-Prower)
2.4.266	Laxtalanma faktoru XI (PTA)
2.4.267	Laxtalanma faktoru XII (Hageman)
2.4.268	Laxtalanma faktoru XIII (fibrin stabilizasiyası)
2.4.269	Laxtalanma faktoru XIII (fibrin stabilizasiyası), həllolma skrininqi
2.4.27	Klinik patoloji konsultasiya; məhdud, xəstəlik tarixini və tibbi qeydləri nəzərdən keçirmədən
2.4.270	Laxtalanma faktoru; prekallikrein analiz (Fletcher faktor analizi)
2.4.271	Laxtalanma faktoru; yüksək molekulyar ağırlıqlı kininogen analizi (Fitzgerald faktor analizi)
2.4.272	Laxtalanma inhibitorları və ya antikoaqulyantlar; antitrombin III, aktivliyi
2.4.273	Laxtalanma inhibitorları və ya antikoaqulyantlar; antitrombin III, antigen
2.4.274	Laxtalanma inhibitorları və ya antikoaqulyantlar; protein C, antigen
2.4.275	Laxtalanma inhibitorları və ya antikoaqulyantlar; protein C, aktivliyi
2.4.276	Laxtalanma inhibitorları və ya antikoaqulyantlar; protein S, ümumi
2.4.277	Laxtalanma inhibitorları və ya antikoaqulyantlar; protein S, sərbəst
2.4.278	Aktivləşmiş protein C (APC) rezistentlik analizi
2.4.279	Fibrin deqradasiya məhsulları, D-dimer; keyfiyyətcə və ya yarımkəmiyyətcə
2.4.28	Klinik patoloji konsultasiya; geniş, kompleks diaqnostika zamanı xəstəlik tarixini və tibbi qeydləri nəzərdən keçirmək şərtilə
2.4.280	Fibrin deqradasiya məhsulları, D-dimer; kəmiyyətcə
2.4.281	Fibrin deqradasiya məhsulları, D-dimer; ultrahəssas (məs., venoz tromboemboliyanın qiymətləndirilməsi), keyfiyyətcə və ya yarımkəmiyyətcə
2.4.282	Fibrinogen; aktivləşmiş
2.4.283	Fibrinogen; antigen
2.4.284	Fibrinolizin və ya koaqulopatiya skrininqi, interpretasiya və rəy
2.4.285	Koaqulyasiya/fibrinolizis analiz, tam qan (məs., viskoelastik laxtanın qiymətləndirilməsi), istifadə olunan bəzi dərman preparatı(preparatları) daxil. Gündəlik interpretasiya və yazılı rəy daxil
2.4.286	Heparin analizi
2.4.287	Dəmir, periferik qan
2.4.288	Mexaniki davamlılıq, eritrosit
2.4.289	Osmotik davamlılıq, eritrosit; inkubasiya olunmamış
2.4.29	Sidik analizi, bilirubin üçün strip və ya tablet reagent istifadə etməklə, Qlükoza, hemoqlobin, ketonlar, leykositlər, nitritlər, pH, protein, xüsusi çəkisi, urobilinogen, bunlardan hər hansı biri; qeyri-avtomatik, mikroskopiya ilə
2.4.290	Osmotik davamlılıq, eritrosit; inkubasiya olunmuş
2.4.291	Trombositlərın aqreqasiyası (in vitro), hər bir agent
2.4.292	Protrombin zamanı
2.4.293	Protrombin zamanı; əvəzedici, plazma fraksiyaları, hər biri
2.4.294	Russel gürzə ilanı zəhər zamanı testi (zəhər daxil), durulaşdırılmamış
2.4.295	Russel gürzə ilanı zəhər zamanı testi (dRVVT) (zəhər daxil), durulaşdırılmış
2.4.296	Eritrositlərin çökmə sürəti; avtomatlaşdırılmamış (EÇS)
2.4.297	Eritrositlərin çökmə sürəti; avtomatlaşdırılmış (EÇS)
2.4.298	Eritrositlərin oraqlaşması testi, azalma
2.4.299	Trombin zamanı; plazma
2.4.3	Ümumi sağlamlıq paneli. Bu panel aşağıdakıları əhatə etməlidir: Ətraflı metabolik panel (170053), Qanın ümumi analizi (CBC), avtomatik və avtomatik differensial leykosit (WBC) miqdarı (175025 və ya 175027 və 175004) və ya qanın ümumi analizi (CBC), avtomatlaşdırılmış (175027) və müvafiq manual differensial leykosit (WBC) miqdarı (175007 və ya 175009), Tiroid stimullaşdırıcı hormon (TSH) (174443)
2.4.30	Sidik analizi, bilirubin üçün strip və ya tablet reagent istifadə etməklə, Qlükoza, hemoqlobin, ketonlar, leykositlər, nitritlər, pH, protein, xüsusi çəkisi, urobilinogen, bunlardan hər hansı biri; avtomatik, mikroskopiya ilə
2.4.300	Trombin zamanı; titr
2.4.301	Tromboplastin zamanı, parsial (PTT), plazma və ya tam qan
2.4.302	Tromboplastin zamanı, parsial (PTT); əvəzedici, plazma fraksiyaları, hər biri
2.4.303	Siyahıda olmayan hematoloji və koaqulyasiya proseduru
2.4.304	Aqqlütinin, febril (məs.,Brucella, Francisella, Murine yatalağı, Q qızdırması, Rocky Mountain ləkəli qızdırması, səpkili yatalaq) hər bir antigen
2.4.305	Allergen spesifik IgG kəmiyyət və ya yarımkəmiyyətcə, hər bir antigen
2.4.306	Allergen spesifik IgE; kəmiyyət və ya yarımkəmiyyətcə, hər bir antigen
2.4.307	Allergen spesifik IgE; keyfiyyətcə, çoxsaylı allergen skrininq (strip, paddle və ya disk)
2.4.308	Anticism identifikasiya; leykosit anticismləri
2.4.309	Anticism identifikasiyası; trombosit anticismləri
2.4.31	Sidik analizi, bilirubin üçün strip və ya tablet reagent istifadə etməklə, Qlükoza, hemoqlobin, ketonlar, leykositlər, nitritlər, pH, protein, xüsusi çəkisi, urobilinogen, bunlardan hər hansı biri; qeyri-avtomatik, mikroskopiyasız
2.4.310	Antinuclear anticism (ANA);
2.4.311	Antinuclear anticism (ANA); titr
2.4.312	Antistreptolizin O; titr
2.4.313	Antistreptolizin O; skrininq
2.4.314	Qan bankı həkim xidmətləri; mürəkkəb çarpaz uyğunluq (cross match) və/ və ya nizamsız anticism (anticismlərin) qiymətləndirilməsi, interpretasiya və yazılı rəy
2.4.315	C-reaktiv protein (CRP)
2.4.316	C-reaktiv protein; yüksək həssaslıq (hsCRP)
2.4.317	Beta 2 qlikoprotein I anticismi, hər biri
2.4.318	Kardiolipin (fosfolipid) anticismi, hər bir Ig sinifi
2.4.319	Anti-fosfatidilserin (fosfolipid) anticismi
2.4.32	Sidik analizi, bilirubin üçün strip və ya tablet reagent istifadə etməklə, Qlükoza, hemoqlobin, ketonlar, leykositlər, nitritlər, pH, protein, xüsusi çəkisi, urobilinogen, bunlardan hər hansı biri; avtomatik, mikroskopiyasız
2.4.320	Soyuq aqqlütinin; skrininq
2.4.321	Soyuq aqqlütinin; titr
2.4.322	Komplement; antigen, hər bir komponenti
2.4.323	Komplement; funksional aktivliyi, hər bir komponenti
2.4.324	Komplement; ümumi hemolitik (CH50)
2.4.325	Komplement fiksasiya testi, hər bir anticismi
2.4.326	Siklik sitrullinləşmiş peptid (CCP), anticism
2.4.327	Dezoksiribonukleaza, anticism
2.4.328	Dezoksiribonuklein turşusu (DNT) anticismi; nativ və ya ikili saplı Anti-ds DNT
2.4.329	Dezoksiribonuklein turşusu (DNT) anticismi; tək Anti-ss DNT
2.4.33	Sidik analizi; keyfiyyətcə və ya yarımkəmiyyətcə, immunoloji analiz istisna olmaqla
2.4.330	Ekstraksiya oluna bilən nüvə antigeni, anticism, hər hansı bir metod (məs., nRNP, SS-A, SS-B, Sm, RNP, Sc170, J01), hər bir anticism
2.4.331	Flüoressent qeyri-infeksion agent anticismi; skrininq, hər bir anticism
2.4.332	Flüoressent qeyri-infeksion agent anticismi; titr, hər bir anticism
2.4.333	İnsan boy hormonu (HGH), anticism
2.4.334	Hemaqqlutinasiya inhibisiya testi (HAİ)
2.4.335	Şiş antigeni üçün immunoloji analiz, keyfiyyətcə və ya yarımkəmiyyətcə (məs., sidik kisəsi şiş antigeni)
2.4.336	Şiş antigeni üçün immunoloji analiz, kəmiyyətcə; CA 15-3 (27.29)
2.4.337	Şiş antigeni üçün immunoloji analiz, kəmiyyətcə; CA 19-9
2.4.338	Şiş antigeni üçün immunoloji analiz, kəmiyyətcə; CA 125
2.4.339	Şiş antigeni üçün immunoloji analiz, başqa antigen, kəmiyyətcə (məs., CA 50, 72-4, 549), hər biri
2.4.34	Sidik analizi; bakteriuriya skrininqi, kultivasiya istisna olmaqla
2.4.340	İnfeksion agent anticismi üçün immunoloji analiz, kəmiyyətcə, təsnifatda qeyd olunmayan
2.4.341	İnfeksion agent anticismi üçün immunoloji analiz, keyfiyyət və ya yarımkəmiyyətcə, tək mərhələli metod (məs., reagent strip)
2.4.342	İnhibin A
2.4.343	İnsulin anticismləri
2.4.344	Daxili faktor anticismləri
2.4.345	Adacıq hüceyrə anticismi
2.4.346	Mikrosomal anticismlər (məs., qalxanabənzər vəzi və ya qaraciyər böyrək), hər biri
2.4.347	Hissəvi aqqlütinasiya; skrininq, hər bir anticism
2.4.348	Hissəvi aqqlütinasiya; titr, hər bir anticism
2.4.349	Revmatoid faktor; keyfiyyətcə
2.4.35	Sidik analizi; yalnız mikroskopiya
2.4.350	Revmatoid faktor; kəmiyyətcə
2.4.351	Dəri sınağı; vərəm, dəridaxili
2.4.352	Sifilis testi, qeyri-treponemal anticism; keyfiyyətcə (məs., VDRL, RPR, ART)
2.4.353	Sifilis testi, qeyri-treponemal anticism; kəmiyyətcə
2.4.354	Anticism; Bartonella
2.4.355	Anticism; Brucella
2.4.356	Anticism; Chlamydia
2.4.357	Anticism; Chlamydia, IgM
2.4.358	Anticism; Cytomegalovirus (CMV)
2.4.359	Anticism; Cytomegalovirus (CMV), IgM
2.4.36	Sidik hamiləlik testi, vizual rəng müqayisə üsulu ilə
2.4.360	Anticism; enterovirus (məs., koksaki, echo, polio)
2.4.361	Anticism; Epstein-Barr (EB) virus, erkən antigen (EA)
2.4.362	Anticism; Epstein-Barr (EB) virus, nüvə antigeni (EBNA)
2.4.363	Anticism; Epstein-Barr (EB) virus, viral kapsid (VCA)
2.4.364	Anticism; Francisella tularensis
2.4.365	Anticism; Helicobacter pylori
2.4.366	Anticism; helmintlər, təsnifatda qeyd olunmayan
2.4.367	Anticism; hepatit, delta agent
2.4.368	Anticism; herpes simplex, qeyri-spesifik növ testi
2.4.369	Anticism; herpes simplex, tip 1
2.4.37	Müddətli yığım üçün həcmölçmə, hər biri üçün
2.4.370	Anticism; herpes simplex, tip 2
2.4.371	Anticism; HIV-1 və HIV-2, tək analiz
2.4.372	Hepatit B özək anticismi (HBcAb); ümumi
2.4.373	Hepatit B özək anticismi (HBcAb); IgM anticism
2.4.374	Hepatit B səthi anticismi (HBsAb)
2.4.375	Hepatit Be anticismi (HBeAb)
2.4.376	Hepatit A anticismi (HAAb); ümumi
2.4.377	Hepatit A anticismi (HAAb); IgM anticism
2.4.378	Anticism; influenza virus
2.4.379	Anticism; Leishmania
2.4.38	Qeyd olunmamış sidik analizləri
2.4.380	Anticism; zöhrəvi limfoqranuloma (lymphogranuloma venereum)
2.4.381	Anticism; parotit
2.4.382	Anticism; mycoplasma
2.4.383	Anticism; parvovirus
2.4.384	Anticism; Plasmodium (malaria)
2.4.385	Anticism; parazit, təsnifatda qeyd olunmayan
2.4.386	Anticism; respirator sinsitial virus
2.4.387	Anticism; rotavirus
2.4.388	Anticism; rubella (məxmərək)
2.4.389	Anticism; rubeola (qızılca)
2.4.39	Asetaminofen
2.4.390	Anticism; Salmonella
2.4.391	Anticism; Toxoplasma
2.4.392	Anticism; Toxoplasma, IgM
2.4.393	Anticism; Treponema pallidum
2.4.394	Anticism; Treponema pallidum, təsdiqedici test (məs., FTA-abs)
2.4.395	Anticism; Trichinella
2.4.396	Anticism; varicella-zoster
2.4.397	Anticism; virus, təsnifatda qeyd olunmayan
2.4.398	Tiroqlobulin anticismi
2.4.399	Hepatit C anticismi
2.4.4	Ətraflı metabolik panel. Bu panel aşağıdakıları əhatə etməlidir: Albumin (172040), Bilirubin, ümumi (172247), Kalsium, ümumi (172310), Karbon dioksid (bikarbonat) (172374), Xlor (172435), Kreatinin (172565), Qlükoza (172947), Qələvi fosfataza (174075), Kalium (174132), Ümumi protein (174155), Natrium (174295), Alaninaminotransferaza (ALT) (SGPT) (174460), Aspartataminotransferaza (AST) (SGOT) (174450), Urea nitrogeni (BUN) (174520)
2.4.40	Aseton və ya başqa keton cisimlər, serum; keyfiyyətcə
2.4.400	Hepatit C anticismi, təsdiqedici test (məs., immunoblot)
2.4.401	Anticism skrininq, Eritrosit, hər bir serum texnikası
2.4.402	Kumbs (Coombs) reaksiyası; düz, hər bir antiserum
2.4.403	Kumbs (Coombs) reaksiyası; qeyri-düz, keyfiyyətcə, hər bir qırmızı hüceyrə reagenti
2.4.404	Kumbs (Coombs) reaksiyası; qeyri-düz, hər bir anticism titri
2.4.405	Qan qrupu təyini; ABO
2.4.406	Rezus amili təyini; Rh (D)
2.4.407	Qan tipləndirmə; reagent serum istifadə etməklə, donor qanının antigen yoxlanılması, hər bir antigen testi
2.4.408	Qan tipləndirmə; serum reagent istifadə etməklə, qan uyğunluğu antigen skrininqi, hər qan vahidinin skrininqi
2.4.409	Qan tipləndirmə; pasiyentin serumundan istifadə edərək qan vahidi uyğunluğu üçün antigen skrininqi
2.4.41	Aseton və ya başqa keton cisimlər, serum; kəmiyyətcə
2.4.410	Qan tipləndirmə; eritrosit antigeni, ABO və Rh (D) antigenindən başqa, hər biri
2.4.411	Qan tipləndirmə; Rh fenotipləndirmə, tamamlanmış
2.4.412	Leykosit transfuziyası
2.4.413	Qan və ya qan məhsulunun həcminin azaldılması (məs., qırmızı qan hüceyrələri və ya trombositlər) hər bir vahid
2.4.414	Trombositlərin və ya digər qan məhsullarının toplanması
2.4.415	Eritrosit anticismlərinin təyini üçün eritrositlərin ön hazırlığı, identifikasiya və/və ya uyğunluq testi; kimyəvi maddələr və ya dərmanlarla inkubasiya, hər biri
2.4.416	Eritrosit anticismlərinin təyini üçün eritrositlərin ön hazırlığı, identifikasiya və/və ya uyğunluq testi; fermentlərlə inkubasiya, hər biri
2.4.417	Eritrosit anticismlərinin təyini üçün eritrositlərin ön hazırlığı, identifikasiya və/və ya uyğunluq testi; sıxlıq qradienti ayrılması ilə
2.4.418	Eritrosit anticismlərinin təyini üçün serumun ön hazırlığı; identifikasiya və/və ya uyğunluq testi; dərmanlarla inkubasiya, hər biri
2.4.419	Eritrosit anticismlərinin təyini üçün serumun ön hazırlığı; durulaşdırma ilə
2.4.42	Adrenokortikotrop hormon (ACTH)
2.4.420	Eritrosit anticismlərinin təyini üçün serumun ön hazırlığı; inhibitorlarla inkubasiya, hər biri
2.4.421	Eritrosit anticismlərinin təyini üçün serumun ön hazırlığı; pasiyentin və ya fenotipi məlum eritrositləri istifadə edərək differensial qırmızı hüceyrə absorbsiya üsulu ilə, hər bir absorbsiya
2.4.422	Qan və ya qan məhsullarının parçalanması, hər bir vahid
2.4.423	Siyahıda olmayan digər tibbi transfuziyalar
2.4.424	Kultivasiya, bakterial; qan, aerob, izolyasiyalı və izolyatların müvafiq identifikasiyası (anaerob kultivasiya daxil, ehtiyac olarsa)
2.4.425	Kultivasiya, bakterial; nəcis, aerob, izolyasiyalı və ilkin müayinə ilə (məs., KIA, LIA), Salmonella və Shigella spp
2.4.426	Kultivasiya, bakterial; nəcis, aerob, əlavə patogenlər, izolyatların izolyasiyası və ilkin identifikasiyası, hər bir petri
2.4.427	Kultivasiya, bakterial; sidik istisna olmaqla hər hansı bir maye, qan və ya nəcis, aerob, izolyatların izolyasiyası və ilkin identifikasiyası
2.4.428	Kultivasiya, bakterial; kəmiyyətcə, aerob, izolyatların izolyasiyası və ilkin identifikasiyası, sidik istisna hər hansı bir maye, qan və ya nəcis
2.4.429	Kultivasiya, bakterial; kəmiyyətcə, anaerob izolyatların izolyasiyası və ilkin identifikasiyası, sidik istisna olmaqla, hər hansı bir maye, qan və ya nəcis
2.4.43	Albumin; serum, plazma və ya tam qanda
2.4.430	Kultivasiya, bakterial; qan istisna olmaqla, hər hansı bir material, anaerob izolyatların izolyasiyası və ilkin identifikasiyası
2.4.431	Kultivasiya, bakterial; anaerob izolyat, dəqiq identifikasiya üçün əlavə metodlara ehtiyac var, hər bir izolyat
2.4.432	Kultivasiya, bakterial; aerob izolyat, dəqiq identifikasiya üçün əlavə metodlara ehtiyac var, hər bir izolyat
2.4.433	Kultivasiya, ilkin, patogen orqanizmlər, yalnız skrininq
2.4.434	Kultivasiya, ilkin, patogen orqanizmlər, yalnız skrininq; sıxlıq diaqramından koloniyanın qiymətləndirilməsi ilə
2.4.435	Kultivasiya, bakterial; kəmiyyətcə koloniya sayımı, sidik
2.4.436	Kultivasiya, bakterial; izolyasiya ilə və hər bir izolyatın ilkin identifikasiyası, sidik
2.4.437	Kultivasiya, göbələklərin (kif və ya maya) izolyasiyası, izolyatların ilkin identifikasiyası; dəri, saç və ya dırnaq
2.4.438	Kultivasiya, göbələklərin (kif və ya maya) izolyasiyası, izolyatların ilkin identifikasiyası; digər materiallar (qan istisna)
2.4.439	Kultivasiya, göbələklərin (kif və ya maya) izolyasiyası, izolyatların ilkin identifikasiyası; qan
2.4.44	Albumin; sidik və ya başqa mənbədə, kəmiyyətcə, hər bir nümunə
2.4.440	Kultivasiya, göbələklər, dəqiq identifikasiya, hər bir orqanizm; maya
2.4.441	Kultivasiya, göbələklər, dəqiq identifikasiya, hər bir orqanizm; kif
2.4.442	Kultivasiya, mycoplasma, hər hansı bir mənbə
2.4.443	Kultivasiya, chlamydia, hər hansı bir mənbə
2.4.444	Kultivasiya, tipləndirmə; maye qaz xromotoqrafiyası (GLC) və ya yüksək təzyiq maye qaz xromotoqrafiyası (HPLC) metodu
2.4.445	Kultivasiya, tipləndirmə; immunoloji metod, immunoflüoressensiyadan başqa (məs., aqqlütinasiya qrupu), hər antiseruma
2.4.446	Kultivasiya, tipləndirmə; digər metodlar
2.4.447	Qaranlıq sahəli müayinə, hər hansı material (məs.,uretral, vaginal, oral, dəri örtüyü material), nümunə alınması daxildir
2.4.448	Qaranlıq sahəli müayinə, hər hansı material (məs.,uretral, vaginal, oral, dəri örtüyü material), nümunə alınması daxil deyil
2.4.449	Makroskopik müayinə; artropodlar
2.4.45	Albumin; sidik, mikroalbumin, kəmiyyətcə
2.4.450	Makroskopik müayinə; parazitlər
2.4.451	Bizquyruq müayinəsi (məs., sellofan band preparatı)
2.4.452	Homogenizasiya, toxuma, kultivasiya üçün
2.4.453	Parazitlər və yumurtaları, birbaşa yaxma, konsentrasiya və identifikasiya
2.4.454	Antibiotikoqram, antimikrob agent; aqar durulaşdırma metodu, hər bir agent (məs., antibiotik qradiyent stripi)
2.4.455	Antibiotikoqram, antimikrob agent; disk metodu, hər kasada (12 və ya daha az agent)
2.4.456	Antibiotikoqram, antimikrob agent; ferment təyini (məs., beta laktamaza), hər ferment
2.4.457	Antibiotikoqram, antimikrob agent; mikrodurulaşma və ya aqar durulaşdırma metodu (minimal inhibisiya konsentrasiyası (MIC) və ya diametri), hər bir multi-antimikrob, hər petri
2.4.458	Antibiotikoqram, antimikrob agent; mikrodurulaşma və ya aqarda durulaşma metodu, minimum letal konsentrasiya (MLC), hər bir kasa (əsas koddan ayrı kodlaşdırılır)
2.4.459	Antibiotikoqram, antimikrob agent; makrobrot durulaşma metodu, hər bir agent
2.4.46	Albumin; sidik, mikroalbumin, yarıkəmiyyətcə (məs., reagent strip test)
2.4.460	Yaxma, əsas mənbə interpretasiya ilə; Qram və ya Gimza üsulu ilə bakteriya, göbələk və ya hüceyrə növlərinin təyini
2.4.461	Yaxma, əsas mənbə interpretasiya ilə; flüoressent və/və ya bakteriyalar üçün turşuyadavamlı boya, göbələklər, parazitlər, viruslar və ya hüceyrə tiplərinin təyini
2.4.462	Yaxma, əsas mənbə interpretasiya ilə; parazitlərin inkluzion cisimciklərinin boyanması üçün xüsusi boya (məs., malyariya, koksidiya, mikrosporidiya, tripanasomalar, herpes virusları)
2.4.463	Yaxma, əsas mənbə interpretasiya ilə; xüsusi mürəkkəb boya (məs., trixrom, dəmir hemotoksilin) qurd yumurtaları və parazitlər üçün
2.4.464	Yaxma, əsas mənbə interpretasiya ilə; infeksion agent üçün nativ mikroskopik müayinə (məs., fizioloji məhlul, Çin mürəkkəbi, KOH preparat)
2.4.465	Toxuma müayinəsi, KOH ilə; Saç, dəri, dırnaq toxumaları; göbələk, ektoparazit yumurtaları və ya gənələrin (məs., qoturluq) təyini
2.4.466	İnfeksion agent antigeninin immunoflüoressent üsulu ilə təyini; giardia
2.4.467	İnfeksion agent antigeninin immunoflüoressent üsulu ilə təyini; Chlamydia trachomatis
2.4.468	İnfeksion agent antigeninin immunoflüoressent üsulu ilə təyini; Treponema pallidum
2.4.469	İnfeksion agent antigeninin immunoflüoressent üsulu ilə təyini; təsnifatda qeyd olunmayan, hər bir orqanizim
2.4.47	Alkoqol (etanol); nəfəs sınağından başqa hər biri
2.4.470	İnfeksion agent antigeninin ELISA üsulu ilə təyini; keyfiyyətcə və ya yarımkəmiyyətcə, çoxmərhələli; Aspergillus
2.4.471	İnfeksion agent antigeninin ELISA üsulu ilə təyini; keyfiyyətcə və ya yarımkəmiyyətcə, çoxmərhələli; Chlamydia trachomatis
2.4.472	İnfeksion agent antigeninin ELISA üsulu ilə təyini; keyfiyyətcə və ya yarımkəmiyyətcə, çoxmərhələli; Clostridium difficile toksini(lər)
2.4.473	İnfeksion agent antigeninin ELISA üsulu ilə təyini; keyfiyyətcə və ya yarımkəmiyyətcə, çoxmərhələli; Cryptococcus neoformans
2.4.474	İnfeksion agent antigeninin ELISA üsulu ilə təyini; keyfiyyətcə və ya yarımkəmiyyətcə, çoxmərhələli; giardia
2.4.475	İnfeksion agent antigeninin immunoflüoressent üsulu ilə təyini; keyfiyyətcə və ya yarımkəmiyyətcə, çoxmərhələli; cytomegalovirus
2.4.476	İnfeksion agent antigeninin ELISA üsulu ilə təyini; keyfiyyətcə və ya yarımkəmiyyətcə, çoxmərhələli; Entamoeba histolytica dispar qrup
2.4.477	İnfeksion agent antigeninin ELISA üsulu ilə təyini; keyfiyyətcə və ya yarımkəmiyyətcə, çoxmərhələli; Entamoeba histolytica group
2.4.478	İnfeksion agent antigeninin ELISA üsulu ilə təyini; keyfiyyətcə və ya yarımkəmiyyətcə, çoxmərhələli; Helicobacter pylori, nəcis
2.4.479	İnfeksion agent antigeninin ELISA üsulu ilə təyini; keyfiyyətcə və ya yarımkəmiyyətcə, çoxmərhələli; Helicobacter pylori
2.4.48	Aldosteron
2.4.480	İnfeksion agent antigeninin ELISA üsulu ilə təyini; keyfiyyətcə və ya yarımkəmiyyətcə, çoxmərhələli; hepatit B səthi antigen (HBsAg)
2.4.481	İnfeksion agent antigeninin ELISA üsulu ilə təyini; keyfiyyətcə və ya yarımkəmiyyətcə, çoxmərhələli; hepatit B səthi antigen (HBsAg) neytrallaşdırma
2.4.482	İnfeksion agent antigeninin ELISA üsulu ilə təyini; keyfiyyətcə və ya yarımkəmiyyətcə, çoxmərhələli; hepatit Be antigen (HBeAg)
2.4.483	İnfeksion agent antigeninin ELISA üsulu ilə təyini; keyfiyyətcə və ya yarımkəmiyyətcə, çoxmərhələli; hepatit, delta agent
2.4.484	İnfeksion agent antigeninin ELISA üsulu ilə təyini; keyfiyyətcə və ya yarımkəmiyyətcə, çoxmərhələli; HIV-1
2.4.485	İnfeksion agent antigeninin ELISA üsulu ilə təyini; keyfiyyətcə və ya yarımkəmiyyətcə, çoxmərhələli; HIV-2
2.4.486	İnfeksion agent antigeninin ELISA üsulu ilə təyini; keyfiyyətcə və ya yarımkəmiyyətcə, çoxmərhələli; rotavirus
2.4.487	İnfeksion agent antigeninin ELISA üsulu ilə təyini; keyfiyyətcə və ya yarımkəmiyyətcə, çoxmərhələli; A qrup streptokoklar
2.4.488	İnfeksion agent antigeninin ELISA üsulu ilə təyini; keyfiyyətcə və ya yarımkəmiyyətcə, çoxmərhələli; təsnifatda qeyd olunmayan
2.4.489	İnfeksion agent antigeninin ELISA üsulu ilə təyini; keyfiyyətcə və ya yarımkəmiyyətcə, təkmərhələli metod, təsnifatda qeyd olunmayan, hər bir orqanizm
2.4.49	Alfa-1-antitripsin; ümumi
2.4.490	İnfeksion agentin nuklein turşusu ilə təyini (DNT və ya RNT); Candida species, amplifikasiya olunmuş prob üsulu
2.4.491	İnfeksion agentin nuklein turşusu ilə təyini (DNT və ya RNT); Chlamydia pneumoniae, amplifikasiya olunmuş prob üsulu
2.4.492	İnfeksion agentin nuklein turşusu ilə təyini (DNT və ya RNT); Chlamydia trachomatis, amplifikasiya olunmuş prob üsulu
2.4.493	İnfeksion agentin nuklein turşusu ilə təyini (DNT və ya RNT); Clostridium difficile, toksin geni (genləri), amplifikasiya olunmuş prob üsulu
2.4.494	İnfeksion agentin nuklein turşusu ilə təyini (DNT və ya RNT); cytomegalovirus, amplifikasiya olunmuş prob üsulu
2.4.495	İnfeksion agentin nuklein turşusu ilə təyini (DNT və ya RNT); cytomegalovirus, kəmiyyətcə
2.4.496	İnfeksion agentin nuklein turşusu ilə təyini (DNT və ya RNT); Gardnerella vaginalis, amplifikasiya olunmuş prob üsulu
2.4.497	İnfeksion agentin nuklein turşusu ilə təyini (DNT və ya RNT); hepatit B virus, amplifikasiya olunmuş prob üsulu
2.4.498	İnfeksion agentin nuklein turşusu ilə təyini (DNT və ya RNT); hepatit B virus, kəmiyyətcə
2.4.499	İnfeksion agentin nuklein turşusu ilə təyini (DNT və ya RNT); hepatit C, amplifikasiya olunmuş prob üsulu
2.4.5	Mama-ginekoloji panel. Bu panel aşağıdakıları əhatə etməlidir: Qanın ümumi analizi (CBC), avtomatik və avtomatik differensial leykosit (WBC) miqdarı (175025 və ya 175027 və 175004) və ya avtomatik Qanın ümumi analizi (CBC) (175027) və periferik differensial leykosit (WBC) sayımı (175007 və ya 175009), Hepatit B səthi antigeni (HBsAg) (177340), Rubella anticismi (176762), Sifilis testi, qeyri-treponemal anticism; keyfiyyətcə (məs., VDRL, RPR, ART) (176592), anticism skrininqi, eritrositlər (RBC), hər serum texnikası (176850), Qan qrupu təyini ABO (176900) və Qan qrupu təyini; Rezus faktor təyini (176901)
2.4.50	Alfa-fetoprotein (AFP); serum
2.4.500	İnfeksion agentin nuklein turşusu ilə təyini (DNT və ya RNT); hepatit C, kəmiyyətcə
2.4.501	İnfeksion agentin nuklein turşusu ilə təyini (DNT və ya RNT); sadə herpes virusu (HSV), amplifikasiya olunmuş prob üsulu
2.4.502	İnfeksion agentin nuklein turşusu ilə təyini (DNT və ya RNT); sadə herpes virusu (HSV), kəmiyyətcə
2.4.503	İnfeksion agentin nuklein turşusu ilə təyini (DNT və ya RNT); Mycoplasma pneumoniae, amplifikasiya olunmuş prob üsulu
2.4.504	İnfeksion agentin nuklein turşusu ilə təyini (DNT və ya RNT); Neisseria gonorrhoeae, amplifikasiya olunmuş prob üsulu
2.4.505	İnfeksion agentin nuklein turşusu ilə təyini (DNT və ya RNT); insan papillomavirusu, amplifikasiya olunmuş prob üsulu
2.4.506	İnfeksion agentin nuklein turşusu ilə təyini (DNT və ya RNT), təsnifatda qeyd olunmayan; amplifikasiya olunmuş prob üsulu, hər bir orqanizm
2.4.507	İnfeksion agentin nuklein turşusu ilə təyini (DNT və ya RNT), təsnifatda qeyd olunmayan; kəmiyyətcə, hər bir orqanizm
2.4.508	Nuklein turşusu (DNT və ya RNT) vasitəsilə infeksion agentin genotip analizi; Hepatit C virus
2.4.509	Siyahıda olmayan mikrobioloji prosedur
2.4.51	Alfa-fetoprotein (AFP); amnion mayesi
2.4.510	Hüceyrə sayı, müxtəlif bədən mayesi məs., serebrospinal maye, oynaq mayesi), qan istisna
2.4.511	Hüceyrə sayı, müxtəlif bədən mayesi məs., serebrospinal maye, oynaq mayesi), qan istisna; müxtəlif sayda
2.4.512	Leykosit təyini, fekal, keyfiyyətcə və ya yarımkəmiyyətcə
2.4.513	İşıq mikroskopunda kristal identifikasiyası polyarizasiya ilə və ya bunsuz, toxuma və ya digər bədən mayesi (sidik istisna)
2.4.514	Duodenal intubasiya və aspirasiya; tək nümunə (məs., ödün sadə müayinəsi və ya afferent ilgək kulturası), üstəgəl müvafiq test proseduru
2.4.515	Duodenal intubasiya və aspirasiya; pankreas və ya öd kisəsi stimullaşdırılması ilə bir çox fraksiyalı nümunələrin toplanması, tək və ya cüt lümen borusu
2.4.516	Yağlı (Fat) boyama, nəcis, sidik və ya respirator sekresiyalar
2.4.517	Mədə intubasiyası və aspirasiyası, diaqnostik, hər bir nümunə, kimyəvi və ya sitopatoloji müayinə
2.4.518	Mədə intubasiyası və aspirasiyası, diaqnostik, hər bir nümunə, kimyəvi və ya sitopatoloji müayinə üçün; stimulyasiyadan sonra
2.4.519	Mədə intubasiyası, aspirasiyası və hissəvi möhtəviyyat yığımı (məs., mədə sekresiyasının öyrənilməsi); bir saatlıq
2.4.52	Ammonyak
2.4.520	Mədə intubasiyası, aspirasiyası və hissəvi möhtəviyyat yığımı (məs., mədə sekresiyasının öyrənilməsi); 2 saatlıq
2.4.521	Mədə intubasiyası, aspirasiyası və hissəvi möhtəviyyat yığımı (məs., mədə sekresiyasının öyrənilməsi); mədə stimulyasiyası daxil 2 saatlıq (məs, histaloq, penqastrin)
2.4.522	Mədə intubasiyası, aspirasiyası və hissəvi möhtəviyyat yığımı (məs., mədə sekresiyasının öyrənilməsi); mədə stimulyasiyası daxil 3 saatlıq
2.4.523	Nazal yaxma (eozinofil təyini)
2.4.524	Bəlğəm, nümunə alınması, aerozol texnikası (ayrı prosedur)
2.4.525	İonoforez metodu ilə tərin alınması
2.4.526	Su yükü testi
2.4.527	Sperma analizi; miqdarı və/və ya hərəkətliliyi Huhner test daxil (post coital)
2.4.528	Sperma analizi; hərəkətliliyi və sayı (Huhner test xaric)
2.4.529	Sperma analizi; həcmi, miqdarı,hərəkətliliyi və fərqi
2.4.53	Amnion mayesinin müayinəsi (spektrofotometrik)
2.4.530	Sperma analizi; sperm varlığı və hərəkətliliyi, əgər varsa
2.4.531	Sperma analizi; həcmi, miqdarı, hərəkətlilik və digər. Morfoloji kriteriyaları istifadə edərək (məs., Kruger)
2.4.532	Sperma anticismi
2.4.533	Sperma evalyuasiyası; hamster penetrasiya testi
2.4.534	Sperma evalyuasiyası; servikal selik penetrasiya testi, fibrozluq testi ilə/və ya bunsuz
2.4.535	Sperma evalyuasiyası, retroqrad eyakulyasiya üçün, sidik (sperma konsentrasiyası, hərəkətliliyi və strukturu, indikasiya olunduğu kimi)
2.4.536	İmprint
2.4.537	Filtr preparatı hazırlığı və müayinə
2.4.538	Hüceyrə blokunun hazırlanması və müayinəsi
2.4.539	İncə iynə aspirasiya sitologiyasının qiymətləndirilməsi
2.4.54	Amfetamin və ya metamfetamin
2.4.540	Maye əsaslı sitologiya
2.4.541	Servikal və ya vaginal sitologiya
2.4.542	Bədən mayeləri və eksfoliativ sitologiya
2.4.543	Abort materialı
2.4.544	Absess materialı
2.4.545	Ağciyər, transbronxial biopsiya
2.4.546	Anevrizma, arterial / ventrikulyar
2.4.547	Anus, polipoid inkişafı (Tag)
2.4.548	Appendiks, təsadüfi, faktiki əməliyyata əlavə
2.4.549	Arteriya, ateroma piləyi
2.4.55	Amilaza
2.4.550	Barmaqlar, əl / ayaq, amputasiya, travmatik, işemik
2.4.551	Bartolin vəzi kistası
2.4.552	Bronx, biopsiyası
2.4.553	Bursa / sinovial kist
2.4.554	Burun mukozası, biopsiyası
2.4.555	Burun, sinus polipləri iltihablı
2.4.556	Buynuz qişa
2.4.557	Dəri, punch / kəsik / qaşıntı biopsiyası
2.4.558	Divertikul-qida borusu / nazik bağırsaq
2.4.559	Duodenum, biopsiyası
2.4.56	Androstenedion
2.4.560	Dupuytren kontrakturası toxuması
2.4.561	Endometrium, küretaj / biopsiyası
2.4.562	Endoserviks, küretaj / biopsiyası
2.4.563	Epididimal kistin eksizasiyası
2.4.564	Femur başı, sınıqdan kənar
2.4.565	Fəqərəarası disk
2.4.566	Fissur / fistul
2.4.567	Hematoma
2.4.568	Hemoroidlər
2.4.569	Hidrosele kisəsi
2.4.57	Androsteron
2.4.570	Karpal tunel toxuması
2.4.571	Xolesteatoma
2.4.572	Kolon biopsiyası, tək lokalizasiya
2.4.573	Kolon, kolostomiya stoması
2.4.574	Konyunktiva, biopsiyası / ptergium
2.4.575	Qanqlion kisti
2.4.576	Qığırdaq, qaşıntı
2.4.577	Qırtlaq, biopsiyası
2.4.578	Qida borusu, biopsiyası
2.4.579	Menisk
2.4.58	Angiotenzin II
2.4.580	Mədə biopsiyası, tək lokalizasiya
2.4.581	Mucocele, tüpürcək
2.4.582	Nazik bağırsaq, biopsiyası
2.4.583	Nazofarinks / orofarinks, biopsiyası
2.4.584	Neyroma-morton / travmatik
2.4.585	Oynaq, zəif cisim
2.4.586	Öd kisəsi
2.4.587	Paratubal kistlər (Morgagni hidati)
2.4.588	Peyronie piləyi (pilək)
2.4.589	Pilonidal kist / sinus
2.4.59	Angiotenzin I - çevirici ferment (ACE)
2.4.590	Plasenta
2.4.591	Plevra / perikard-biopsiyası
2.4.592	Polip, kolorektal
2.4.593	Polip, mədə / nazik bağırsaq
2.4.594	Polip, servikal / endometrial
2.4.595	Prostat, iynə biopsiyası (1-ci səviyyə)
2.4.596	Sidik kisəsi, biopsiyası
2.4.597	Simpatik qanqlion
2.4.598	Sinir, vaqotomiya və oxşar müdaxilə
2.4.599	Sinus, paranazal biopsiyası
2.4.6	Lipid paneli. Bu panel aşağıdakıları əhatə etməlidir: serum ümumi xolesterol (172465), Lipoprotein, birbaşa ölçmə; yuxarı sıxlıqlı xolesterol (HDL cholesterol) (173718), Triqliseridlər (174478)
2.4.60	Apolipoprotein, hər biri
2.4.600	Spermatosel
2.4.601	Sümük iliyi biopsiyası, patoloji
2.4.602	Sünnət dərisi
2.4.603	Testikulyar apendiks
2.4.604	Testis, kastrasiya
2.4.605	Toxum kanalı (Vas deferens)
2.4.606	Tonzil və / və ya adenoidlər
2.4.607	Traxeya, biopsiyası
2.4.608	Tromb və ya embol
2.4.609	Ureter, biopsiyası
2.4.61	Beta-2 mikroqlobulin
2.4.610	Uretra biopsiyası
2.4.611	Uretral divertikul eksizasiyası
2.4.612	Uşaqlıq borusu, biopsiyası və sterilizasiya
2.4.613	Vagina, biopsiyası
2.4.614	Varikosel
2.4.615	Vena, varikoz damar
2.4.616	Vətər / vətər örtüyü, şişə aid olmayan
2.4.617	Yırtıq kisəsi, hər hansı nahiyə
2.4.618	Yumşaq toxuma lipoma eksizasiyası və ya biopsiyası
2.4.619	Yumşaq toxuma, cərrahi işlənmə
2.4.62	Bilirubin; ümumi
2.4.620	Ağız mukozası / diş əti biopsiyası
2.4.621	Appendiks, təsadüfi olmayan
2.4.622	Arteriya, biopsiyası
2.4.623	Barmaq, əl / ayaq, amputasiya, qeyri-travmatik
2.4.624	Beyin meninkslər, şiş rezeksiyası istisna olmaqla
2.4.625	Böyrək, iynə biopsiyası
2.4.626	Dəri, eksizion biopsiyası 1-2 lezyon
2.4.627	Dil, biopsiyası
2.4.628	Diş / odontogen kist
2.4.629	Dodaq, biopsiyası / wedge rezeksiyası
2.4.63	Bilirubin; sərbəst
2.4.630	Epididimal rezeksiya
2.4.631	Ətraf, amputasiya, travmatik
2.4.632	Əzələ, biopsiyası
2.4.633	Femur başı, sınıq
2.4.634	Hematosel eksiziyası
2.4.635	Hipofiz şişi
2.4.636	Qaraciyər, iynə biopsiyası / wedge
2.4.637	Limfa düyünü, biopsiyası
2.4.638	Mioma (lar), miomektomiya, uşaqlıq istisna
2.4.639	Omentum rezeksiyası
2.4.64	Bilirubin; nəcis, keyfiyyətcə
2.4.640	Omentum, biopsiyası
2.4.641	Oynaq, rezeksiya
2.4.642	Pankreas, biopsiyası
2.4.643	Paratiroid vəzi
2.4.644	Penis rezeksiyası qismən
2.4.645	Periton, biopsiyası
2.4.646	Peritoneal və ya mezenterik şiş, kist rezeksiyası
2.4.647	Plevral dekortikasiya
2.4.648	Prostat, iynə biopsiyası (2-ci səviyyə)
2.4.649	Prostat, TUR
2.4.65	Biotinidaza, hər bir nümunə
2.4.650	Seminal vezikul, rezeksiya
2.4.651	Serviks, biopsiyası
2.4.652	Sinir, biopsiyası
2.4.653	Süd vəzi / reduksion mammoplastika
2.4.654	Süd vəzi, biopsiyası
2.4.655	Sümük, ekzositoz
2.4.656	Synovium
2.4.657	Testis, biopsiyası
2.4.658	Testis, şiş / biopsiyası / kastrasiya istisna
2.4.659	Tiroglossal kanal / branxiogen yarıq kisti
2.4.66	Gizli qan, nəcis hemoqlobin təyin etməklə immunoloji analiz ilə, keyfiyyətcə, nəcis, 1 - 3 eynizamanlı təyin
2.4.660	Tüpürcək vəzi, biopsiyası
2.4.661	Ureter, rezeksiya
2.4.662	Uretra rezeksiyası
2.4.663	Uşaqlıq borusu, ektopik hamiləlik
2.4.664	Uşaqlıq, prolaps üçün (+ / - boru və yumurtalıqlar)
2.4.665	Ürək qapağı
2.4.666	Ürək şiş rezeksiyası
2.4.667	Vulva / labia, biopsiyası
2.4.668	Yumşaq toxuma sadə eksiziya lipoma istisna
2.4.669	Yumurtalıq (+ / - boru), neoplastik deyil
2.4.67	Vitamin D; 25 hidroksi, fraksiyalar daxil, icra olunarsa
2.4.670	Yumurtalıq, biopsiyası / wedge rezeksiyası
2.4.671	Adrenal (böyrəküstü vəz), rezeksiya
2.4.672	Ağciyər, total / lob / seqment rezeksiyası
2.4.673	Ağciyər, wedge biopsiyası
2.4.674	Ağız / Dil / tonzil-şiş rezeksiyası
2.4.675	Beyin / meninkslər, şiş rezeksiyası
2.4.676	Beyin, biopsiyası
2.4.677	Böyrək, qismən / total nefrektomiya
2.4.678	Dalaq
2.4.679	Dəri, eksizion biopsiyası 3 və daha çox lezyon
2.4.68	Kalsiferol (Vitamin D)
2.4.680	Döl, disseksiya müayinəsi
2.4.681	Dördüncü səviyyəli histopatoloji müayinə
2.4.682	Epilepsiya əməliyyatı materialı müayinəsi
2.4.683	Ətraf, disartikulyasiya
2.4.684	Göz, ekssentrasiya
2.4.685	Göz, enukleasiya / evisserasiya
2.4.686	Kolon, biopsiyası çoxsaylı lokalizasiya
2.4.687	Kolon, seqmental rezeksiya, şiş olmayan səbəblə
2.4.688	Kolon, şiş üçün seqmental rezeksiya
2.4.689	Kolon, total rezeksiya
2.4.69	Kalsitonin
2.4.690	Qaraciyər eksplantı
2.4.691	Qaraciyər, hissəvi rezeksiya
2.4.692	Qırtlaq, hissəvi / total + boyun limfa düyünləri
2.4.693	Qırtlaq, qismən / total rezeksiya
2.4.694	Qida borusu hissəvi / total rezeksiya
2.4.695	Limfa düyünləri, regional rezeksiya (diseksiya)
2.4.696	Lobektomiya beyin
2.4.697	Mandibulektomiya / maksillektomiya, hər biri
2.4.698	Mediastinum, törəmə
2.4.699	Mədə, biopsiyası çoxsaylı lokalizasiya
2.4.7	Böyrəklərin funksional paneli. Bu panel aşağıdakıları əhatə etməlidir: Albumin (172040), Kalsium, ümumi (172310), Karbon dioksid (bikarbonat) (172374), Xlor (172435), Kreatinin (172565), Qlükoza (172947), Fosfor qeyri-üzvi (fosfat) (174100), Kalium (174132), Natrium (174295), Urea nitrogeni (BUN) (174520)
2.4.70	Kalsium; ümumi
2.4.700	Mədə, subtotal / total rezeksiya, şiş olmayan səbəblə
2.4.701	Mədə, şiş üçün subtotal / total rezeksiya
2.4.702	Mədəaltı vəz, total / subtotal rezeksiya
2.4.703	Miokard, biopsiyası
2.4.704	Nazik bağırsaq, rezeksiya, şiş istisna
2.4.705	Nazik bağırsaq, şiş üçün rezeksiya
2.4.706	Odontogen şiş
2.4.707	Penis rezeksiyası, radikal
2.4.708	Prostat, iynə biopsiyası (3-cü səviyyə)
2.4.709	Prostat, radikal rezeksiya
2.4.71	Kalsium; ionlaşmış
2.4.710	Prostat, radikal rezeksiyadan başqa
2.4.711	Sentinel limfa düyünü müayinəsi
2.4.712	Serviks, konizasiya
2.4.713	Sidik kisəsi, hissəvi / total rezeksiya
2.4.714	Sidik kisəsi, TUR
2.4.715	Stereotaktik beyin biopsiyası
2.4.716	Süd vəzi, hissəvi / sadə rezeksiya
2.4.717	Süd vəzi, mastektomiya + aksilla limfa düyünləri
2.4.718	Sümük parçaları
2.4.719	Sümük, rezeksiya
2.4.72	Kalsium; kalsium infuziya testindən sonra
2.4.720	Sümük-biopsiyası / küretaj materialı
2.4.721	Testis, şiş
2.4.722	Timus, şiş
2.4.723	Tiroid, total / lobektomiya
2.4.724	Tüpürcək vəzi (şiş daxil olmaqla)
2.4.725	Uşaqlıq, (+ / - artımlar), şiş və prolaps xaric
2.4.726	Uşaqlıq, neoplastik (+ / - borular və yumurtalıqlar)
2.4.727	Ürək eksplantı
2.4.728	Ürək-ağciyər eksplantı
2.4.729	Vulva, total / subtotal rezeksiya
2.4.73	Kalsium; sidik kəmiyyətcə, müddətli toplanmış nümunə
2.4.730	Yumşaq toxuma şişi, geniş rezeksiya
2.4.731	Yumurtalıq, (+ / - Tuba), neoplastik
2.4.732	Nukleotidaza 5'-
2.4.733	Aldolaza
2.4.734	Alüminium
2.4.735	Litium
2.4.736	Manqan
2.4.737	Metanefrinlər
2.4.738	Hemoqlobin; methemoqlobin, keyfiyyətcə
2.4.739	Elastaza, pankreatik (EL-1), nəcis, keyfiyyətcə və ya yarımkəmiyyətcə
2.4.74	Daş analizi; keyfiyyətcə
2.4.740	Piruvat
2.4.741	Piruvat kinaza
2.4.742	Qurğuşun
2.4.743	Sink
2.4.744	Fibrinolitik faktorlar və inhibitorlar; plazminogen, antigen analizi daxil
2.4.745	Fibrinolitik faktorlar və inhibitorlar; plazminogen aktivatoru
2.4.746	Xrom
2.4.747	Öd turşusu; ümumi
2.4.748	17-ketosteroidlər (17-KS); ümumi
2.4.749	Aminolevulin turşusu, delta (ALA)
2.4.75	Daş analizi; kəmiyyətcə, kimyəvi
2.4.750	Mukopolisaxaridlər, turşu; skrininq
2.4.751	Reseptor analizi; endokrin, estrogen və proqesterondan başqa digər hormonlar (xüsusi hormonlar)
2.4.752	Qastrin
2.4.753	Qlükaqon
2.4.754	Serotonin
2.4.755	İnsan epididimis proteini 4 (HE4)
2.4.756	Anticisim; Borrelia burgdorferi (Laym xəstəliyi) təsdiqedici test (məs., Western Blot və ya immunoblot)
2.4.757	Anticisim; Giardia lamblia
2.4.758	Anticisim; Listeria monocytogenes
2.4.759	Helicobacter pylori; ureaza aktivliyi üçün tənəffüs testi analizi, qeyri radioaktiv izotop (məs., C-13)
2.4.76	Karbon dioksid (Bikarbonat)
2.4.760	Laktoferrin, nəcis; keyfiyyətcə
2.4.761	İnfeksion agentin nuklein turşusu ilə təyini (DNT və ya RNT); Mycobacteria tuberculosis, amplifikasiya olunmuş prob üsulu
2.4.762	Vitamin A
2.4.763	Tiamin (Vitamin B-1)
2.4.764	Riboflavin (Vitamin B-2)
2.4.765	Piridoksal fosfat (Vitamin B-6)
2.4.766	Fol turşusu; eritrosit
2.4.767	Tokoferol alfa (Vitamin E)
2.4.768	Fenobarbital
2.4.769	Vitamin D; 1,25 dihidroksi fraksiyalar daxil, icra olunarsa
2.4.77	Karboksihemoqlobin; kəmiyyətcə
2.4.770	Allerqoloji Antibiotik PANELİ
2.4.771	Allerqoloji Pediatrik PANELİ
2.4.772	Allerqoloji Qida PANELİ
2.4.773	Allerqoloji Tənəffüs PANELİ (POLYCHEK)
2.4.774	Glüten İgE (f79)
2.4.775	Leykemiya PANELİ (Periferik qan)
2.4.776	Leykemiya PANELİ (Sümük iliyi)
2.4.777	Limfoma PANELİ
2.4.778	Limfoma PANELİ (Sümük iliyi)
2.4.779	Limfoma PANELİ (Vücud mayesi)
2.4.78	Karboksihemoqlobin; keyfiyyətcə
2.4.780	Limfosit alt qrupları (BAL)
2.4.781	Limfosit alt qruplarının təyini
2.4.782	Lupus Eritematozis (LE) hüceyrəsi
2.4.783	Monoklonal anticisimlər (Antikor)
2.4.784	Paroksismal Nocturnal Hemoglobinuria (PNH)
2.4.785	Anti-Faktor Xa
2.4.786	C1 Esteraza inhibitor aktivliyi
2.4.787	C1 Esteraza inhibitoru
2.4.788	Faktor IX inhibitoru
2.4.789	Faktor VIII inhibitoru
2.4.79	Karsinoembrionik antigen (CEA)
2.4.790	Komplement C1Q
2.4.791	Lupus antikoaqulyant skrininqi
2.4.792	Lupus antikoaqulyant təsdiqi
2.4.793	Protein S aktivliyi
2.4.794	Toxuma plazminogen aktivatoru
2.4.795	Adenozin deaminaza aktivliyi, ADA (serum)
2.4.796	Alfa-2 Makroqlobulin
2.4.797	Alfa-N Asetilqlukozaminidaza
2.4.798	Amiloid A protein
2.4.799	Arilsulfataza A
2.4.8	Kəskin hepatit paneli. Bu panel aşağıdakıları əhatə etməlidir: Hepatit A anticismlər (HAAb), IgM anticismi (176709), Hepatit B özək anticismi (HBcAb), IgM anticismi (176705), Hepatit B səthi antigeni (HBsAg) (177340), Hepatit C anticismi (176803)
2.4.80	Katexolaminlər; ümumi sidik
2.4.800	Bor, Br
2.4.801	Fruktozamin
2.4.802	Kreatininkinaza izoenzimləri (CK izoenzimləri)
2.4.803	Mis, Cu (eritrositdaxili)
2.4.804	Neyron Spesifik Enolaza (NSE)
2.4.805	Pankreatik amilaza (serum)
2.4.806	Qlobulin
2.4.807	Qlükoza (toxluq)
2.4.808	Sink, Zn (eritrosit daxili)
2.4.809	Şəkər xromatoqrafiyası (nəcis)
2.4.81	Katexolaminlər; qan
2.4.810	5-Hidroksiindolasetik turşusu, 5-HIAA (spot sidik) panel
2.4.811	5-Hidroksiindolasetik turşusu, 5-HIAA (sutkalıq sidik) panel
2.4.812	Alüminum, Al (spot sidik) panel
2.4.813	Alüminum, Al (sutkalıq sidik) panel
2.4.814	Amilaza (spot sidik)
2.4.815	Aminturşu miqdarı (spot sidik) panel
2.4.816	Beta-2 mikroqlobulin (spot sidik)
2.4.817	Civə, Hg (spot sidik) panel
2.4.818	Civə, Hg (sutkalıq sidik) panel
2.4.819	Hidroksipirolin (spot sidik)
2.4.82	Katexolaminlər; fraksiyalı
2.4.820	Maqnezium, Mg (spot sidik) panel
2.4.821	Maqnezium, Mg (sutkalıq sidik) panel
2.4.822	Metanefrin (spot sidik) panel
2.4.823	Metanefrin (sutkalıq sidik) panel
2.4.824	Mis, Cu (spot sidik) panel
2.4.825	Mis, Cu (sutkalıq sidik) panel
2.4.826	Na-Nitroprussiat
2.4.827	Normetanefrin (sutkalıq sidik) panel
2.4.828	Oksalat (spot sidik) panel
2.4.829	Oksalat (sutkalıq sidik) panel
2.4.83	Seruloplazmin
2.4.830	Qlükozaminqlikanlar
2.4.831	Qurğuşun, Pb (sutkalıq sidik) panel
2.4.832	Selenium, Se (spot sidik) panel
2.4.833	Selenium, Se (sutkalıq sidik) panel
2.4.834	Sidikdə reduktan maddə (spot sidik)
2.4.835	Sink, Zn (spot sidik) panel
2.4.836	Sistin (spot sidik) panel
2.4.837	Sistin (sutkalıq sidik) panel
2.4.838	Sitrat (spot sidik) panel
2.4.839	Sitrat (sutkalıq sidik) panel
2.4.84	Xlor; qan
2.4.840	Yod, I (spot sidik) panel
2.4.841	1-ci trimestr hamiləlik skrininqi (İKİLİ)
2.4.842	2-ci trimestr hamiləlik skrininqi (DÖRDLÜ)
2.4.843	2-ci trimestr hamiləlik skrininqi (ÜÇLÜ)
2.4.844	Anti-Müller Hormonu (ELISA)
2.4.845	Anti-ZnT8
2.4.846	Fetuin A
2.4.847	IGFBP-3 (CLIA)
2.4.848	Leptin
2.4.849	Paratiroid hormonla birləşdirilmiş zülal (PTHrP)
2.4.85	Xlor; sidik
2.4.850	Renin aktivliyi (Plazma)
2.4.851	Serotonin (Sutkalıq sidik)
2.4.852	İnhibin B
2.4.853	İnsulinəbənzər boy faktoru 1 (İGF-1)
2.4.854	İA-2 Anti-Tirozine Phosphataza
2.4.855	Roma indeksi
2.4.856	Macro TSH (Tiroid stimul)
2.4.857	ANCA İFR (cANCA pANCA)
2.4.858	Anti Dəri Anticisimləri
2.4.859	Anti Envoplakin İgG
2.4.86	Xlor; digər nümunə
2.4.860	Anti fosfolipid sindrom paneli
2.4.861	Anti Nuklear Anticisimlər (ANA, ELİSA)
2.4.862	Anti Spermal Anticisimlər (ASA)
2.4.863	Anti-AMA-M2 (ELISA)
2.4.864	Anti-Desmoglein 1 İgG
2.4.865	Anti-Desmoglein 3 İgG
2.4.866	Anti-Endomizium İgA
2.4.867	Anti-Endomizium İgG
2.4.868	Anti-Musk Anticismləri
2.4.869	Anti-Qliadin İgA
2.4.87	Xolesterol, serum və ya tam qan, ümumi
2.4.870	Anti-Qliadin İgG
2.4.871	Anti-Toxuma Transqlutaminazası İgG
2.4.872	Anti-Toxuma Transqlutaminazası İgA
2.4.873	ASCA İgA
2.4.874	ASCA İgG
2.4.875	ASMA (Anti Düz Əzələ Anticisimləri)
2.4.876	Anti-GBM
2.4.877	BP180-NC16A-4X İgG
2.4.878	BP230-CF İgG
2.4.879	ENA PANELİ
2.4.88	Xolinesteraza; serum
2.4.880	Kron-Kolit PANELİ
2.4.881	Limbik ensefalit PANELİ (İFR)
2.4.882	Miozit PANELİ (BLOT)
2.4.883	Neuromyelitis Optica İgG (NMO/AQP4)
2.4.884	Paraneoplastik nevroloji sindrom (PNS / BLOT)
2.4.885	Parietal Hüceyrə Antiteli İgG
2.4.886	Qanqliozit PANELİ (BLOT)
2.4.887	Seliakiya PANELİ (Çölyak)
2.4.888	Vaskulit PANELİ (İFR)
2.4.889	İnterleykin-1 beta (İL-1 beta)
2.4.89	Xolinesteraza; eritrosit
2.4.890	İnterleykin-2 (İL-2)
2.4.891	İnterleykin-6 (İL-6)
2.4.892	Anti-MOG İgG
2.4.893	Anti-GAD Anticisimləri
2.4.894	Anti-HCV (kart-test)
2.4.895	Anti-Toxocara canis İgG
2.4.896	Ascaris lumbricoides İgG
2.4.897	Bordetella pertussis İgA (BLOT)
2.4.898	Bordetella pertussis İgG (BLOT)
2.4.899	Bordetella pertussis İgG (ELİSA)
2.4.9	Qaraciyər funksional paneli. Bu panel aşağıdakıları əhatə etməlidir: Albumin (172040), Bilirubin, ümumi (172247), Sərbəst bilirubin (172248), Qələvi fosfotaza (174075), Protein, ümumi (174155), Alaninaminotransferaza (ALT) (SGPT) (174460), Aspartataminotransferaza (AST) (SGOT) (174450)
2.4.90	Kokain və ya metabolitləri
2.4.900	Brucella Kumbs
2.4.901	Epstein-Barr virusu İgG (BLOT)
2.4.902	Epstein-Barr virusu İgM (BLOT)
2.4.903	HBsAg (kəmiyyət/Quantitative)
2.4.904	HİV/AİDS (QİÇS) (kart-test)
2.4.905	Parotit İgG (BOM)
2.4.906	Qızılca İgG (BOM)
2.4.907	Qızılca İgM (BOM)
2.4.908	BAL (Bronxalveolyar lavaj) tam müayinəsi
2.4.909	BOM, Onurğa beyni mayesinin tam müayinəsi
2.4.91	Mis
2.4.910	Enterohemorrhagic E.coli (EHEC) əkilməsi + AHT
2.4.911	Heterofil anticism (İnfeksion mononukleoz) kart-test
2.4.912	Lamblia, Entamoeba, Crypto 3-lü PANEL (kart-test)
2.4.913	Nəcisdə Ph təyini
2.4.914	Nəcisdə reduktan maddə
2.4.915	Protozoan parazitlərin təyini PANEL (nəcisdə)
2.4.916	Qalaktomannan antigeni
2.4.917	Qanın əkilməsi + AHT (pediatrik)
2.4.918	Quantiferon (Gold)
2.4.919	Salmonella Grubber Widal Test
2.4.92	Kortizol; sərbəst
2.4.920	Salmonella Qrup Təyini
2.4.921	Sil-Nilson (ARB)
2.4.922	HDV-RNT PZR (Hepatit D virus yükü)
2.4.923	HPV (Human papillomavirus) genotip təyini
2.4.924	Urogenital infeksiyalar 4 PARAMETR (PZR)
2.4.925	Urogenital infeksiyalar 6 PARAMETR (PZR)
2.4.926	Urogenital infeksiyalar 7 PARAMETR (PZR)
2.4.927	Vitamin H (Biotin)
2.4.928	Klonazepam (Rivotril)
2.4.929	Lamotrigin
2.4.93	Kortizol; ümumi
2.4.930	Levetirasetam
2.4.931	Metotreksat
2.4.94	Kreatin kinaza (CK), (CPK); ümumi
2.4.95	Kreatin kinaza (CK), (CPK); yalnız MB fraksiya
2.4.96	Kreatinin; qan
2.4.97	Kreatinin; digər nümunə
2.4.98	Kreatinin; klirensi
2.4.99	Kriofibrinogen
2.5.1	Kontrast maddə istifadə etməklə arterioqrafiya, müəyyən edilməmiş yer
2.5.10	Digər müəyyən edilmiş yerlərin arterioqrafiyası
2.5.11	Angiokardioqrafiya, başqa cür müəyyən edilməyib
2.5.12	Boş venanın angiokardioqrafiyası
2.5.13	Sağ ürək boşluqların angiokardioqrafiyası
2.5.14	Sol ürək boşluqların angiokardioqrafiyası
2.5.15	Müştərək sağ və sol ürək boşluqların angiokardioqrafiyası
2.5.16	Tək kateter istifadə etməklə koronar arterioqrafiya
2.5.17	İki kateterdən istifadə etməklə koronar arterioqrafiya
2.5.18	Digər və müəyyən edilməmiş koronar arterioqrafiya
2.5.19	Əməliyyatdaxili koronar fluoressent vaskulyar angioqrafiya
2.5.2	Serebral arteriyaların arterioqrafiyası
2.5.20	Kontrast maddə istifadə etməklə fleboqrafiya, müəyyən edilməmiş yer
2.5.21	Kontrast maddə istifadə etməklə baş və boynunun fleboqrafiyası
2.5.22	Kontrast maddə istifadə etməklə ağciyər venalarının fleboqrafiyası
2.5.23	Kontrast maddə istifadə etməklə digər intratorakal venalarının fleboqrafiyası
2.5.24	Kontrast maddə istfadə etməklə portal venoz sistemin fleboqrafiyası
2.5.25	Kontrast maddə istifadə etməklə digər intra-abdominal venalarının fleboqrafiyası
2.5.26	Kontrast maddə istifadə etməklə femoral və digər aşağı ətraf venalarının fleboqrafiyası
2.5.27	Kontrast maddə istifadə etməklə digər müəyyən edilmiş yerin fleboqrafiyası
2.5.28	İmpedans fleboqrafiyası
2.5.29	Sağ ürək boşluqlarının kateterizasiyası
2.5.3	Aortoqrafiya (Aorta və aorta qövsününün arterioqrafiyası)
2.5.30	Sol ürək boşluqlarının kateterizasiyası
2.5.31	Sağ və sol boşluqlarının müştərək kateterizasiyası
2.5.32	Perkutan hepatik xolangioqramma
2.5.4	Ağciyər arteriyalarının arterioqrafiyası
2.5.5	Digər intratorakal damarların arterioqrafiyası
2.5.6	Böyrək arteriyalarının arterioqrafiyası
2.5.7	Plasentanın arterioqrafiyası
2.5.8	Digər intra-abdominal arteriyalarının arterioqrafiyası
2.5.9	Bud arteriyasının və aşağı ətrafın digər arteriyalarının arterioqrafiyası
2.6.1	Tək damarda aparılan prosedur
2.6.10	Defibrilyasiya nəzərdə tutmayan ürək resinxronizasiya kardiostimulyatorunun implantasiyası, total system (ÜRT-P)
2.6.100	Böyrəküstü vəzinin bərpası
2.6.1000	Alt çənənin budağının qapalı osteoplastikası (osteotomiya)
2.6.1001	Alt çənənin budağının açıq osteoplastikası (osteotomiya)
2.6.1002	Alt çənənin cisminin osteoplastikası (osteotomiya)
2.6.1003	Alt çənədə aparılan digər ortodontik cərrahiyyə növləri
2.6.1004	Üst çənənin seqmentar osteoplastikası (osteotomiya)
2.6.1005	Üst çənənin total osteoplastikası (osteotomiya)
2.6.1006	Reduksion genioplastika
2.6.1007	Auqmentasion genioplastika
2.6.1008	Üz sümüklərinin digər bərpa növləri
2.6.1009	Molyar və ziqomatik sümüklərin sınığının qapalı reduksiyası / almacıq sınığı
2.6.101	Epifiz sahəsinin diaqnostik kəsilməsi
2.6.1010	Molyar və ziqomatik sümüklərin sınığının açıq reduksiyası / almacıq sınığı
2.6.1011	Maksillyar sınığının qapalı reduksiyası /Əng sümüyü sınığının qapalı reduksiyası
2.6.1012	Əng sümüyü sınığının açıq reduksiyası
2.6.1013	Çənə sınığının açıq reduksiyası
2.6.1014	Alveolyar sınığının açıq reduksiyası
2.6.1015	Üzün sınığının digər qapalı reduksiyası (Orbital sınığının qapalı reduksiyası)
2.6.1016	Üzün sınığının digər açıq reduksiya növləri
2.6.1017	Üz sümüyünə qoyulan sümük qrefti
2.6.1018	Üz sümüyünə sintetik implantın qoyulması
2.6.1019	Gicgah-çənə çıxığının açıq reduksiyası
2.6.102	Epifizdə kəsiyin aparılması
2.6.1020	Gicgah-çənə oynağında aparılan digər manipulyasiyalar
2.6.1021	Gicgah-çənə oynağına / oynağa terapevtik maddənin inyeksiyası
2.6.1022	Üz sümüyündən daxili fiksasiya vasitəsinin çıxarılması
2.6.1023	Sekvestrektomiya
2.6.1024	Sümüyün ayrılma aparılmadan digər yollarla kəsilməsi (Osteotomiya yerinin təkrar açılması)
2.6.1025	Pazvari osteotomiya, digər (çanaq sümükləri, falanqalar (pəncənin, əlin), fəqərələr)
2.6.1026	Pazvari osteotomiya, bazu sümüyü
2.6.1027	Pazvari osteotomiya, mil və dirsək sümükləri
2.6.1028	Pazvari osteotomiya, bilək və əldarağı sümükləri
2.6.1029	Pazvari osteotomiya, bud sümüyü
2.6.103	Epifizin hissəvi kəsiklə çıxarılması
2.6.1030	Pazvari osteotomiya, Patella sümüyü
2.6.1031	Pazvari osteotomiya, qamış və incik sümükləri
2.6.1032	Pazvari osteotomiya, tarsal və metatarsal sümüklər
2.6.1033	Pazvari osteotomiya, digər (çanaq sümükləri, falanqalar (pəncənin, əlin) fəqərələr)
2.6.1034	Sümüyün digər ayrılma növləri, kürək sümüyü, körpücük sümüyü və döş qəfəsi (qabırğa və döş sümüyü). Osteoartrotomiya
2.6.1035	Sümüyün digər ayrılma növləri, bazu sümüyü. Osteoartrotomiya
2.6.1036	Sümüyün digər ayrılma növləri, mil və dirsək sümükləri. Osteoartrotomiya
2.6.1037	Sümüyün digər ayrılma növləri, bilək və əldarağı sümükləri. Osteoartrotomiya
2.6.1038	Sümüyün digər ayrılma növləri, bud sümüyü. Osteoartrotomiya
2.6.1039	Sümüyün digər ayrılma növləri (Patella sümüyü). Osteoartrotomiya
2.6.104	Epifizin total kəsiklə çıxarılması
2.6.1040	Sümüyün digər ayrılma növləri, qamış və incik sümükləri. Osteoartrotomiya
2.6.1041	Sümüyün digər ayrılma növləri, tarsal və metatarsal sümüklər. Osteoartrotomiya
2.6.1042	Sümüyün digər ayrılma növləri, digər (çanaq sümükləri, falanqalar (pəncənin, əlin), fəqərələr). Osteoartrotomiya
2.6.1043	Sümüyün biopsiyası
2.6.1044	Bunionektomiya, yumşaq toxumaların korreksiyası və birinci metatarsal sümüyünün osteotomiyası ilə birlikdə
2.6.1045	Bunionektomiya, yumşaq toxumaların korreksiyası və artrodezlə birlikdə
2.6.1046	Digər bunionektomiya növləri, yumşaq toxumaların korreksiyası ilə birlikdə
2.6.1047	“Bunionette”nin kəsiklə çıxarılması və ya korreksiyası
2.6.1048	Pəncənin çəkicvari barmağının bərpası (Hammer toe)
2.6.1049	Caynaqlı pəncənin bərpası (Claw toe)
2.6.105	Epifizin üzərində aparılan digər əməliyyatlar
2.6.1050	Ayaq barmaqlarında aparılan digər kəsiklə çıxarılması, birləşdirilməsi və bərpa növləri
2.6.1051	Sümüyün zədələnmə və ya toxumasının yerli kəsiklə çıxarılması (Xoşxassəli sümük törəməsinin lokal eksiziyası)
2.6.1052	Ətrafın uzadılması prosedurları, bazu sümüyü
2.6.1053	Ətrafın uzadılması prosedurları, bud sümüyü
2.6.1054	Ətrafın uzadılması prosedurları, qamış və incik sümükləri
2.6.1055	Ətrafın uzadılması prosedurları, digər
2.6.1056	Sümükdə aparılan digər bərpa və ya plastik əməliyyatlar növləri, müəyyən edilməmiş yer
2.6.1057	Sümükdə aparılan digər bərpa və ya plastik əməliyyatlar növləri, kürək sümüyü, körpücük sümüyü və döş qəfəsi
2.6.1058	Sümükdə aparılan digər bərpa və ya plastik əməliyyatlar növləri, bazu sümüyü
2.6.1059	Sümükdə aparılan digər bərpa və ya plastik əməliyyatlar növləri, mil və dirsək sümükləri
2.6.106	Hipofizin hissəvi kəsiklə çıxarılması, transfrontal giriş
2.6.1060	Sümükdə aparılan digər bərpa və ya plastik əməliyyatlar növləri, bilək və əldarağı sümükləri
2.6.1061	Sümükdə aparılan digər bərpa və ya plastik əməliyyatlar növləri, bud sümüyü
2.6.1062	Sümükdə aparılan digər bərpa və ya plastik əməliyyatlar növləri, patella sümüyü
2.6.1063	Sümükdə aparılan digər bərpa və ya plastik əməliyyatlar növləri, qamış və incik sümükləri
2.6.1064	Sümükdə aparılan digər bərpa və ya plastik əməliyyatlar növləri, tarsal və metatarsal sümükləri
2.6.1065	Sümükdə aparılan digər bərpa və ya plastik əməliyyatlar növləri, digər (çanaq sümükləri, falanqalar (ayağın, əlin), fəqərələr)
2.6.1066	Sınığın reduksiyası olunmadan sümüyün daxili fiksasiya, kürək sümüyü, körpücük sümüyü və döş qəfəsi (qabırğa və döş sümüyü)
2.6.1067	Sınığın reduksiyası olunmadan sümüyün daxili fiksasiya, bazu sümüyü
2.6.1068	Sınığın reduksiyası olunmadan sümüyün daxili fiksasiya, mil və dirsək sümükləri
2.6.1069	Sınığın reduksiyası olunmadan sümüyün daxili fiksasiya, bilək və əldarağı sümükləri
2.6.107	Hipofizin hissəvi kəsiklə çıxarılması, transfenoidal giriş
2.6.1070	Sınığın reduksiyası olunmadan sümüyün daxili fiksasiya, bud sümüyü
2.6.1071	Sınığın reduksiyası olunmadan sümüyün daxili fiksasiya, patella
2.6.1072	Sınığın reduksiyası olunmadan sümüyün daxili fiksasiya, qamış və incik sümükləri
2.6.1073	Sınığın reduksiyası olunmadan sümüyün daxili fiksasiya, tarsal və metatarsal sümüklər
2.6.1074	Sınığın reduksiyası olunmadan sümüyün daxili fiksasiya, digər
2.6.1075	Sümükdən implantasiya edilən vasitələrin çıxarılması
2.6.1076	Osteoklaziya
2.6.1077	Daxili fiksasiya ilə birlikdə sınığın qapalı reduksiyası, bazu sümüyü
2.6.1078	Daxili fiksasiya ilə birlikdə sınığın qapalı reduksiyası, mil və dirsək sümüyü əl, başqa cür müəyyən edilməyib
2.6.1079	Daxili fiksasiya ilə birlikdə sınığın qapalı reduksiyası, bilək və əl-darağı sümükləri əl, başqa cür müəyyən edilməyib
2.6.108	Hipofizin hissəvi kəsiklə çıxarılması, qeyri-müəyyən giriş
2.6.1080	Daxili fiksasiya ilə birlikdə sınığın qapalı reduksiyası, əlin falanqaları
2.6.1081	Daxili fiksasiya ilə birlikdə sınığın qapalı reduksiyası, bud sümüyü
2.6.1082	Daxili fiksasiya ilə birlikdə sınığın qapalı reduksiyası, qamış və incik sümükləri ayaq, başqa cür müəyyən edilməyib
2.6.1083	Daxili fiksasiya ilə birlikdə sınığın qapalı reduksiyası, tarsal və metatarsal sümükləri ayaq, başqa cür müəyyən edilməyib
2.6.1084	Daxili fiksasiya ilə birlikdə sınığın qapalı reduksiyası, ayaq falanqaları
2.6.1085	Daxili fiksasiya ilə birlikdə sınığın qapalı reduksiyası, digər müəyyən edilmiş sümük
2.6.1086	Daxili fiksasiya aparılmadan sınığın açıq reduksiyası, bazu sümüyü
2.6.1087	Daxili fiksasiya aparılmadan sınığın açıq reduksiyası, mil və dirsək sümüyü əl, başqa cür müəyyən edilməyib
2.6.1088	Daxili fiksasiya aparılmadan sınığın açıq reduksiyası, bilək və əl-darağı sümükləri əl, başqa cür müəyyən edilməyib
2.6.1089	Daxili fiksasiya aparılmadan sınığın açıq reduksiyası, əlin falanqaları
2.6.109	Hipofizin total kəsiklə çıxarılması, transfrontal giriş
2.6.1090	Daxili fiksasiya aparılmadan sınığın açıq reduksiyası, bud sümüyü
2.6.1091	Daxili fiksasiya aparılmadan sınığın açıq reduksiyası, qamış və incik sümükləri ayaq, başqa cür müəyyən edilməyib
2.6.1092	Daxili fiksasiya aparılmadan sınığın açıq reduksiyası, tarsal və metatarsal sümükləri ayaq, başqa cür müəyyən edilməyib
2.6.1093	Daxili fiksasiya aparılmadan sınığın açıq reduksiyası, ayaq falanqaları
2.6.1094	Daxili fiksasiya aparılmadan sınığın açıq reduksiyası, digər müəyyən edilmiş sümük
2.6.1095	Daxili fiksasiya ilə birlikdə sınığın açıq reduksiyası, bazu sümüyü
2.6.1096	Daxili fiksasiya ilə birlikdə sınığın açıq reduksiyası, mil və dirsək sümüyü əl, başqa cür müəyyən edilməyib
2.6.1097	Daxili fiksasiya ilə birlikdə sınığın açıq reduksiyası, bilək və əl-darağı sümükləri əl, başqa cür müəyyən edilməyib
2.6.1098	Daxili fiksasiya ilə birlikdə sınığın açıq reduksiyası, əlin falanqaları
2.6.1099	Daxili fiksasiya ilə birlikdə sınığın açıq reduksiyası, bud sümüyü
2.6.11	Ürək resinxronizasiya defibrilyatorun implantasiyası, total sistem (ÜRT-D)
2.6.110	Hipofizin total kəsiklə çıxarılması, transsfenoidal giriş
2.6.1100	Daxili fiksasiya ilə birlikdə sınığın açıq reduksiyası, qamış və incik sümükləri ayaq, başqa cür müəyyən edilməyib
2.6.1101	Daxili fiksasiya ilə birlikdə sınığın açıq reduksiyası, tarsal və metatarsal sümükləri ayaq, başqa cür müəyyən edilməyib
2.6.1102	Daxili fiksasiya ilə birlikdə sınığın açıq reduksiyası, ayaq falanqaları
2.6.1103	Daxili fiksasiya ilə birlikdə sınığın açıq reduksiyası, digər müəyyən edilmiş sümük
2.6.1104	Separasiya edilmiş epifizin açıq reduksiyası, bazu sümüyü
2.6.1105	Separasiya edilmiş epifizin açıq reduksiyası, mil və dirsək sümüyü əl, başqa cür müəyyən edilməyib
2.6.1106	Separasiya edilmiş epifizin açıq reduksiyası, bud sümüyü
2.6.1107	Separasiya edilmiş epifizin açıq reduksiyası, qamış və incik sümükləri ayaq, başqa cür müəyyən edilməyib
2.6.1108	Separasiya edilmiş epifizin açıq reduksiyası, digər müəyyən edilmiş sümük
2.6.1109	Açıq sınıq yerinin cərrahi təmizlənməsi
2.6.111	Hipofizin total kəsiklə çıxarılması, digər spesifik giriş
2.6.1110	Çiyin çıxığının açıq reduksiyası
2.6.1111	Dirsək çıxığının açıq reduksiyası
2.6.1112	Bilək çıxığının açıq reduksiyası
2.6.1113	Əl və barmaq çıxığının açıq reduksiyası
2.6.1114	Bud çıxığının açıq reduksiyası
2.6.1115	Diz çıxığının açıq reduksiyası
2.6.1116	Topuq çıxığının açıq reduksiyası
2.6.1117	Pəncə və ayaq barmağı çıxığının açıq reduksiyası
2.6.1118	Digər müəyyən edilmiş yerin çıxığının açıq reduksiyası
2.6.1119	Sümük zədələnməsinin müəyyən edilməmiş əməliyyatı, əl və barmaq
2.6.112	Hipofizar çuxurun diaqnostik kəsilməsi
2.6.1120	Sümük zədələnməsinin müəyyən edilməmiş əməliyyatı, pəncə ayaq barmağı
2.6.1121	Protezin dəyişdirilmədən çıxarılması üçün aparılan artrotomiya, çiyin
2.6.1122	Protezin dəyişdirilmədən çıxarılması üçün aparılan artrotomiya, dirsək
2.6.1123	Protezin dəyişdirilmədən çıxarılması üçün aparılan artrotomiya, bilək
2.6.1124	Protezin dəyişdirilmədən çıxarılması üçün aparılan artrotomiya, əl və barmaq
2.6.1125	Protezin dəyişdirilmədən çıxarılması üçün aparılan artrotomiya, bud
2.6.1126	Protezin dəyişdirilmədən çıxarılması üçün aparılan artrotomiya, diz
2.6.1127	Protezin dəyişdirilmədən çıxarılması üçün aparılan artrotomiya, topuq
2.6.1128	Protezin dəyişdirilmədən çıxarılması üçün aparılan artrotomiya, pəncə ayaq barmağı
2.6.1129	Protezin dəyişdirilmədən çıxarılması üçün aparılan artrotomiya, digər müəyyən edilmiş yerlər
2.6.113	Hipofizin kəsiyin aparılması (Ratke boşluq və kraniofarengioma əməliyyatları)
2.6.1130	Digər artrotomiya, əl və barmaq
2.6.1131	Digər artrotomiya, pəncə ayaq barmağı
2.6.1132	Artroskopiya (Diaqnostik)
2.6.1133	Oynaq strukturunun biopsiyası (artroskopik)
2.6.1134	Oynaq kapsulası, bağı və ya qığırdağın ayrılması, çiyin
2.6.1135	Oynaq kapsulası, bağı və ya qığırdağın ayrılması, dirsək
2.6.1136	Oynaq kapsulası, bağı və ya qığırdağın ayrılması, bilək
2.6.1137	Oynaq kapsulası, bağı və ya qığırdağın ayrılması, əl və barmaq
2.6.1138	Oynaq kapsulası, bağı və ya qığırdağın ayrılması, bud
2.6.1139	Oynaq kapsulası, bağı və ya qığırdağın ayrılması, diz
2.6.114	Digər (Türk yəhərinin törəmələrinin çıxarılması)
2.6.1140	Oynaq kapsulası, bağı və ya qığırdağın ayrılması, topuq
2.6.1141	Oynaq kapsulası, bağı və ya qığırdağın ayrılması, pəncə ayaq barmağı
2.6.1142	Oynaq kapsulası, bağı və ya qığırdağın ayrılması, digər müəyyən edilmiş yerlər
2.6.1143	Fəqərəarası diskin kəsiklə çıxarılması. Diskektomiya. Fəqərəarası disk yırtığı
2.6.1144	Dizin oraqvari qığırdağının kəsiklə çıxarılması (Meniskektomiya - oynaq siçanının çıxarılması)
2.6.1145	Sinovektomiya (sinovial membranın tam və ya hissəvi rezeksiyası)
2.6.1146	Oynağın zədələnmənin digər yerli kəsiklə çıxarılması və ya destruksiyası, çiyin
2.6.1147	Oynağın zədələnmənin digər yerli kəsiklə çıxarılması və ya destruksiyası, dirsək
2.6.1148	Oynağın zədələnmənin digər yerli kəsiklə çıxarılması və ya destruksiyası, bilək
2.6.1149	Oynağın zədələnmənin digər yerli kəsiklə çıxarılması və ya destruksiyası, əl və barmaq
2.6.115	Blefarorafiyanın ayrılması
2.6.1150	Oynağın zədələnmənin digər yerli kəsiklə çıxarılması və ya destruksiyası, bud
2.6.1151	Oynağın zədələnmənin digər yerli kəsiklə çıxarılması və ya destruksiyası, diz
2.6.1152	Oynağın zədələnmənin digər yerli kəsiklə çıxarılması və ya destruksiyası, topuq
2.6.1153	Oynağın zədələnmənin digər yerli kəsiklə çıxarılması və ya destruksiyası, pəncə ayaq barmağı
2.6.1154	Oynağın zədələnmənin digər yerli kəsiklə çıxarılması və ya destruksiyası, digər müəyyən edilmiş yerlər
2.6.1155	Oynağın digər kəsiklə çıxarılması, çiyin
2.6.1156	Oynağın digər kəsiklə çıxarılması, dirsək
2.6.1157	Oynağın digər kəsiklə çıxarılması, bilək
2.6.1158	Oynağın digər kəsiklə çıxarılması, əl və barmaq
2.6.1159	Oynağın digər kəsiklə çıxarılması, bud
2.6.116	Xalazionun kəsiklə çıxarılması
2.6.1160	Oynağın digər kəsiklə çıxarılması, diz
2.6.1161	Oynağın digər kəsiklə çıxarılması, topuq
2.6.1162	Oynağın digər kəsiklə çıxarılması, pəncə ayaq barmağı
2.6.1163	Oynağın digər kəsiklə çıxarılması, digər müəyyən edilmiş yerlər
2.6.1164	Atlas-ox üzrə onurğa sütununun birləşdirilməsi
2.6.1165	Ön sütunun digər servikal birləşdirilməsi, ön texnika
2.6.1166	Arxa sütunun digər servikal birləşdirilməsi, arxa texnika
2.6.1167	Ön sütunun dorsal və dorsolumbar birləşdirilməsi, ön texnika (tək məsafə)
2.6.1168	Arxa sütunun dorsal və dorsolumbar birləşdirilməsi (tək məsafə)
2.6.1169	Ön sütunun lumbar və lumbosakral birləşdirilməsi, ön texnika (tək məsafə)
2.6.117	Göz qapağının digər kiçik zədələnməsinin kəsiklə çıxarılması
2.6.1170	Arxa sütunun lumbar və lumbosakral birləşdirilməsi, arxa texnika (tək məsafə)
2.6.1171	Ön sütunun lumbar və lumbosakral birləşdirilməsi, arxa texnika (tək məsafə)
2.6.1172	Topuğun birləşdirilməsi (artrodez - sümük qrefti, xarici fiksasiya cihazı)
2.6.1173	Üçlü artrodezi
2.6.1174	Subtalar birləşdirilmə (artrodez - sümük qrefti, xarici fiksasiya cihazı)
2.6.1175	Midtarsal birləşdirilmə (artrodez - sümük qrefti, xarici fiksasiya cihazı)
2.6.1176	Tarsometatarsal birləşdirilmə (artrodez - sümük qrefti, xarici fiksasiya cihazı)
2.6.1177	Metatarsofalangeal birləşdirilmə (artrodez - sümük qrefti, xarici fiksasiya cihazı)
2.6.1178	Subtalar oynağın artroereizisi (artrodez - sümük qrefti, xarici fiksasiya cihazı)
2.6.1179	Bud-çanaq oynağının artrodezi
2.6.118	Göz qapağının böyük zədələnməsinin kəsiklə çıxarılması, hissəvi
2.6.1180	Diz oynağının artrodezi
2.6.1181	Çiyin oynağının artrodezi
2.6.1182	Dirsək oynağının artrodezi
2.6.1183	Karporadial birləşdirilmə
2.6.1184	Metakarpokarpal birləşdirilmə
2.6.1185	Metakarpofalanqal birləşdirilmə (artrodez - sümük qrefti, xarici fiksasiya cihazı)
2.6.1186	Falanqaarası birləşdirilmə (artrodez - sümük qrefti, xarici fiksasiya cihazı)
2.6.1187	Diz oynağının bərpa triadası (Ön çarpaz bağın bərpası ilə birgə aparılan meniskektomiya əməliyyatı. O'Donoghue proseduru)
2.6.1188	Patellar stabilizasiya (Patellanın residivləşən çıxığının Roux-oldthwait əməliyyatı)
2.6.1189	Çarpazvari bağlarının digər bərpa növləri (xaçvari bağlarının artroskopik rekonstruksiyası)
2.6.119	Göz qapağının böyük zədələnməsinin kəsiklə tam çıxarılması (Göz kənarının dörddə biri və ya daha çox hissəsinin kəsiklə tam çıxarılması. Göz kənarının pazvari rezeksiyası)
2.6.1190	Kollateral bağlarının digər bərpa növləri
2.6.1191	Bud-çanaq oynağının total dəyişdirilməsi (Həm bud sümüyü başının və asetabulumun protez vasitəsilə dəyişdirilməsi. Bud-çanaq oynağının total rekonstruksiyası)
2.6.1192	Bud-çanaq oynağının hissəvi dəyişdirilməsi (bipolyar endoprotez)
2.6.1193	Diz oynağının total dəyişdirilməsi
2.6.1194	2-3 fəqərənin birləşdirilməsi və ya təkrar birləşdirilməsi
2.6.1195	4-8 fəqərənin birləşdirilməsi və ya təkrar birləşdirilməsi
2.6.1196	9 və ya daha çox fəqərənin birləşdirilməsi və ya təkrar birləşdirilməsi
2.6.1197	Perkutan vertebroplastika
2.6.1198	Metakarpofalangeal və interfalangeal oynağın implantla artroplastikası
2.6.1199	Metakarpofalangeal və interfalangeal oynağının implantsız artroplastikası
2.6.12	Yalnız ürək resinxronizasiya kardiostimulyator puls generatorun implantasiyası və ya dəyişdirilməsi (ÜRT-K)
2.6.120	Göz qapağı zədələnməsinin destruksiyası
2.6.1200	Total bilək dəyişdirilməsi
2.6.1201	Karpokarpal və ya karpometakarpal oynağının implantla artroplastikası
2.6.1202	Karpokarpal və ya karpometakarpal oynağının implantsız artroplastikası
2.6.1203	Çiyinin digər total dəyişdirilmə növləri
2.6.1204	Çiyinin hissəvi dəyişdirilməsi
2.6.1205	Çiyinin residivləşən çıxığının bərpası
2.6.1206	Çiyinin digər bərpa növləri
2.6.1207	Dirsək oynağının total dəyişdirilməsi
2.6.1208	Dirsək oynağının digər bərpa növləri
2.6.1209	Dəyişdirilmiş total çiyin oynağının çevrilməsi
2.6.121	Ön əzələnin tikiş texnikası vasitəsilə blefaroptozun bərpası
2.6.1210	Yuxarı ətrafın kapsula və ya bağın tikilməsi
2.6.1211	Topuq və pəncənin kapsula və ya bağın tikilməsi
2.6.1212	Aşağı ətrafın digər kapsula və ya bağın tikilməsi
2.6.1213	Əlin vətər qılafının kəsilməsi
2.6.1214	Əlin miotomiyası
2.6.1215	Əlin bursotomiyası
2.6.1216	Palmar və ya tenar sahənin kəsilməsi və drenaj edilməsi
2.6.1217	Əlin tenotomiyası
2.6.1218	Əlin fassitomiyası
2.6.1219	Əldə vətər qılafının qanqlionektomiyası (bilək)
2.6.122	Ön əzələnin tikiş texnikası vasitəsilə fassial bərpası
2.6.1220	Əlin əzələ zədələnməsinin kəsiklə çıxarılması
2.6.1221	Əlin əzələ və ya fassiyanın qreft üçün kəsiklə çıxarılması
2.6.1222	Əlin vətər qılafın tikilməsi
2.6.1223	Əlin “flexor” vətərinin gecikdirilmiş tikilməsi
2.6.1224	Əlin digər vətərinin gecikdirilmiş tikilməsi
2.6.1225	Əlin “flexor” vətərinin digər tikilməsi növləri
2.6.1226	Əlin digər vətərinin digər tikilməsi növləri (açıcı vətərlərin tikilməsi)
2.6.1227	Əlin əzələ və ya fassiyanın tikilməsi
2.6.1228	Əlin vətərinin yerdəyişməsi
2.6.1229	Əlin vətərinin resessiyası
2.6.123	Blefaroptozun levator əzələ və ya aponevrozun rezeksiyası və ya yerdəyişməsi vasitəsilə bərpası
2.6.1230	Əlin vətərinin təkrar birləşdirilməsi
2.6.1231	Əlin vətər transpozisiyasının digər yolları (çoxlu vətərin transpozisiyası)
2.6.1232	Əlin əzələ transpozisiyasının digər yolları (çoxlu əzələ transpozisiyası)
2.6.1233	Sinir və qan dövranın yerdəyişməsi üçün baş barmağın amputasiyası
2.6.1234	Vətər bloku (pulley) rekonstruksiyası
2.6.1235	Əlin əzələ və ya fassiya qreftlə plastik əməliyyatı
2.6.1236	Əldə digər qreft və ya implantla plastik əməliyyatı
2.6.1237	Parçalanmış əlin bərpası
2.6.1238	Makrodaktiliyanın bərpası
2.6.1239	Çəkicvari barmağın (mallet finger) bərpası
2.6.124	Blefaroptozun digər əzələ texnikaları vasitəsilə bərpası
2.6.1240	Əlin tenodez növləri (Əlin vətər fiksasiyası, başqa cür müəyyən edilməyib)
2.6.1241	Əlin tenoplastika növləri (miotenoplastika)
2.6.1242	Əlin digər plastik əməliyyatları
2.6.1243	Əlin bitişmələrinin lizisi
2.6.1244	Əlin əzələ, vətər və fassiyasında aparılan digər əməliyyatlar
2.6.1245	Bursotomiya
2.6.1246	Axillotenotomiya
2.6.1247	Bud-çanaq oynağının adductor tenotomiyası/uzaqlaşdırıcı
2.6.1248	Digər tenotomiya növləri
2.6.1249	Fassiotomiya
2.6.125	Blefaroptozun tarsal texnika vasitəsilə bərpası
2.6.1250	Yumşaq toxumaların açıq biopsiyası
2.6.1251	Baker sistin kəsiklə çıxarılması
2.6.1252	Bursektomiya
2.6.1253	Vətər qılafın tikilməsi
2.6.1254	Vətərin gecikdirilmiş tikilməsi
2.6.1255	Rotator manjet bərpası
2.6.1256	Vətərin digər tikilmə növləri (Axillorrafiya. Aponevrorrafiya)
2.6.1257	Əzələ və ya fassiyanın digər tikilmə növləri
2.6.1258	Vətərin yerdəyişməsi
2.6.1259	Vətərin resessiyası
2.6.126	Blefaroptozun digər texnikalar vasitəsilə bərpası (Blefaroptozun korreksiyası üçün gözün dairəvi əzələsinin bağlanma texnikası)
2.6.1260	Vətərin təkrar birləşdirilməsi
2.6.1261	Əzələnin təkrar birləşdirilməsi
2.6.1262	Vətərin köçürülməsi və ya transplantasiyası
2.6.1263	Digər vətər transpozisiya növləri
2.6.1264	Əzələnin köçürülməsi və ya transplantasiyası
2.6.1265	Digər əzələ transpozisiya növləri
2.6.1266	Vətərin qrefti
2.6.1267	Əzələ və ya fassiyanın qrefti
2.6.1268	Ayaq əyriliyinin aradan qaldırılması (Evans əməliyyatı)
2.6.1269	Aşağı ətraflarda əzələ və ya vətər uzunluğunda edilən digər dəyişikliklər (Hamstrinq uzadılması. Daban vətərinin qısaldılması. Plastik azillotenotomiya. Vətərin plikasiyası)
2.6.127	Hiperptozun korreksiyası
2.6.1270	Quadriseps plastikası (Budun dördbaşlı əzələ plastikası)
2.6.1271	Əzələdə aparılan digər plastik əməliyyatlar (muskuloplastika, mioplastika)
2.6.1272	Vətərdə aparılan digər plastik əməliyyatlar (miotenoplastika, vətərin fiksasiyası, tenodez, tenoplastika)
2.6.1273	Fassiyada aparılan digər plastik əməliyyatlar (Fassiyanın uzadılması, fassioplastika, fassiyanın plikasiyası)
2.6.1274	Əzələ, vətər, fassiya və sinovial kisənin bitişmələrin lizisi
2.6.1275	Barmağın amputasiyası və dizartikulyasiyası
2.6.1276	Baş barmağın amputasiyası və dizartikulyasiyası
2.6.1277	Əldə amputasiya (karpal sümüklərdən keçən amputasiya)
2.6.1278	Biləyin dizartikulyasiyası
2.6.1279	Saiddən keçməklə aparılan amputasiya (Saidin amputasiyası)
2.6.128	Göz qapağı retraksiyasının korreksiyası
2.6.1280	Dirsək dizartikulyasiyası
2.6.1281	Bazu sümüyündən keçən amputasiya (Bazunun amputasiyası)
2.6.1282	Çiyinin dizartikulyasiyası
2.6.1283	İntertorakoskapulyar amputasiya (Çiyinin geniş amputasiyası)
2.6.1284	Ayaq barmağının amputasiyası (Metatarsofalangeal oynağından keçən amputasiyası. Ayaq barmağının dizartikulyasiyası. Metatarsal basin amputasiyası. Pəncənin şüavari amputasiyası)
2.6.1285	Pəncədən keçən amputasiya (Pəncənin ön hissəsinin amputasiyası. Pəncənin orta hissəsindən keçən amputasiya. Chopart amputasiya. Midtarsal amputasiya. Transmetatarsal amputasiya)
2.6.1286	Topuğun dizartikulyasiyası
2.6.1287	Qamış və incik sümüklərinin topuq çıxıntısından keçən topuğunun amputasiyası
2.6.1288	Dizdən aşağı aparılan digər amputasiya (Qamış və incik sümüklərindən keçən ayağın amputasiyası)
2.6.1289	Dizin dizartikulyasiyası (Batch. Spitler, McFaddin, Mazet və S.P.Roger amputasiyası)
2.6.129	Entropion və ektropionun termokauterizasiya vasitəsilə bərpası
2.6.1290	Dizdən yuxarı aparılan amputasiya (Bud sümüyündən keçərək aparılan amputasiya. Budun amputasiyası. Dizdən aşağı olan amputasiyanın dizdən yuxarı amputasiyaya çevrilməsi. Kondilus üstü, dizdən yuxarı amputasiya)
2.6.1291	Budun dizartikulyasiyası
2.6.1292	Abdominopelvik amputasiya
2.6.1293	Baş barmağın təkrar birləşdirilməsi
2.6.1294	Barmağın təkrar birləşdirilməsi
2.6.1295	Said, bilək və ya əlin təkrar birləşdirilməsi
2.6.1296	Bazunun təkrar birləşdirilməsi
2.6.1297	Ayaq barmağının təkrar birləşdirilməsi
2.6.1298	Pəncənin təkrar birləşdirilməsi
2.6.1299	Ayağın alt hissəsinin və ya topuğunun təkrar birləşdirilməsi
2.6.13	Yalnız ürək resinxronizasiya defibrilyator puls generator cihazın implantasiyası və ya dəyişdirilməsi (ÜRT-D)
2.6.130	Entropion və ya ektropionun tikiş texnikası vasitəsilə bərpası
2.6.1300	Budun təkrar birləşdirilməsi
2.6.1301	Amputasiya güdülün reviziyası (travmatik)
2.6.1302	Protez ətraf vasitəsinin implantasiyası və ya uyğunlaşdırılması, başqa cür müəyyən edilməyib
2.6.1303	Xarici fiksator cihazının tətbiqi, halqa sistemi (İlizarov və Sheffeld növü)
2.6.1304	Mastotomiya (Süd vəzinin dərisinin kəsilməsi. Mammotomiya)
2.6.1305	Süd vəzinin açıq biopsiyası
2.6.1306	Süd vəzi zədələnməsinin yerli kəsiklə çıxarılması (Süd vəzinin fibroz sahəsinin çıxarılması)
2.6.1307	Süd vəzi kvadrantının rezeksiyası (Lumpektomiya)
2.6.1308	Ektopik döş vəzinin toxumasının kəsiklə çıxarılması (Əlavə gilənin kəsiklə çıxarılması)
2.6.1309	Birtərəfli reduksiya mammoplastikası (Birtərəfli ginekomastiya)
2.6.131	Entropion və ya ektropionun pazvari texnika vasitəsilə bərpası
2.6.1310	İkitərəfli reduksiya mammoplastikası (İkitərəfli ginekomastiya)
2.6.1311	Süd vəzinin cırılmasının tikilməsi
2.6.1312	Süd vəzinə parçalanmış qreftin qoyulması
2.6.1313	Dəri və dərialtı toxumasının drenaj edilməsi ilə digər kəsilməsi
2.6.1314	Dəri və dərialtı toxumasından yad cism və ya cihazın çıxarılması ilə birlikdə kəsilməsi
2.6.1315	Pilonidal sist və ya sinusun kəsiklə çıxarılması
2.6.1316	Ələ edilən tam dəri eninə dəri qrefti
2.6.1317	Ələ edilən digər dəri qrefti
2.6.1318	Digər yerlərə edilən tam dəri eninə dəri qrefti
2.6.1319	Digər yerlərdə qoyulan digər dəri qreftləri
2.6.132	Entropion və ya ektropionun göz qapağı rekonstruksiya vasitəsilə bərpası
2.6.1320	Ayaqcıqda və ya yamaq qrefti, başqa cür müəyyən edilməyib
2.6.1321	Ayaqcıqda qreftlər və ya yamaqların kəsilməsi və ya hazırlanması
2.6.1322	Ələ ayaqcıqda və ya yamaq qreftin birləşdirilməsi
2.6.1323	Sindaktiliyanın korreksiyası
2.6.1324	Dəri və dərialtı toxumasının digər bərpası və rekonstruksiyası
2.6.1325	Qreft üçün dərinin kəsiklə çıxarılması
2.6.1326	Əməliyyatdaxili xolangioqramma
2.6.1327	Uretral stentin çıxarılması (sistoureteroskopiya ilə)
2.6.1328	Yad cismin çıxarılması, başqa cür müəyyən edilməyib (yumşaq toxumadan kəsik ilə)
2.6.1329	Böyrək, sidik axarı və ya sidik kisəsinin ekstrakorporal şok dalğalı litotripsiya (ESWL)
2.6.133	Entropion və ya ektropionun digər bərpa növləri
2.6.1330	Trombolitik maddənin inyeksiyası və ya infuziyası (Trombolizis)
2.6.1331.1	Digər böyrək transplantasiya növləri (Böyrəyin transplantantı). Resipiyent əməliyyatı
2.6.1331.2	Tam nefrektomiya (Donor nefrektomiya). Bir donor əməliyyatı.Donor mənbəyini göstərmək üçün aşağı qaydada kodlaşdırın:00.91- Canlı qohum donordan alınan transplantant 00.92- Canlı qohum olmayan donordan alınan transplantant00.93- Meyitdən alınan transplantant
2.6.1332.1	Qaraciyərin digər transplantantı (Qaraciyərin transplantantı). Resipiyent əməliyyatı
2.6.1332.2	Qaraciyərdə aparılan digər əməliyyatlar (Donor hepatoektomiya). Bir donor əməliyyatı.Donor mənbəyini göstərmək üçün aşağı qaydada kodlaşdırın:00.91- Canlı qohum donordan alınan transplantant 00.92- Canlı qohum olmayan donordan alınan transplantant00.93- Meyitdən alınan transplantant
2.6.1333.1	Autoloji hematopoetik kök hüceyrələrinin transplantantı təmizləmə aparılmaqla
2.6.1334.1	Allogen sümük iliyi transplantantı təmizləmə aparılmaqla Resipiyent əməliyyatı
2.6.1334.2	Canlı qohum donordan alınan transplantant (Bir donor əməliyyatı)
2.6.134	Kantotomiya (Görmə dəliyinin genişləndirilməsi)
2.6.135	Blefarorafiya (Kantorafiya.Tarsorafiya)
2.6.136	Kantoplastika. Epikantusun bərpası
2.6.137	Göz qapağının dəri yamağı və ya qreft vasitəsilə rekonstruksiyası
2.6.138	Göz qapağının selikli qişalarının yamaq və ya qrefti vasitəsilə rekonstruksiyası
2.6.139	Göz qapağının saç follikulu qrefti vasitəsilə rekonstruksiyası
2.6.14	Digər periferik damara (damarlara) dərman ifraz edən stentin (stentlərin) taxılması (bir stent qreftin taxılması)
2.6.140	Göz qapağının tarsokonyuktival yamaq vasitəsilə rekonstruksiyası
2.6.141	Göz qapağının yamağı və ya qreftin digər növ rekonstruksiyaları
2.6.142	Göz qapağının rekonstruksiyası, başqa cür müəyyən edilməyib
2.6.143	Göz qapağının qapaq kənarı ilə rekonstruksiyası, hissəvi
2.6.144	Göz qapağının digər rekonstruksiya növləri, hissəvi
2.6.145	Göz qapağının qapaq kənarını cəlb etməklə rekonstruksiyası, tam
2.6.146	Göz qapağının digər rekonstruksiya növləri, tam
2.6.147	Cırılmanın qapaq kənarını cəlb etməklə bərpası, hissəvi
2.6.148	Göz qapağı cırılmasının digər bərpa növü, hissəvi
2.6.149	Qapağın kənarını cəlb etməklə, tam cırılmanın bərpası
2.6.15	Hemodinamik monitorinqin aparılması ilə birgə ürəkdaxili və ya böyük damarlara implant edilən təzyiq sensorunun taxılması və ya dəyişdirilməsi
2.6.150	Göz qapağı cırılmasının digər bərpa növü, tam
2.6.151	Göz yaşı vəzisində kəsiyin aparılması (Göz yaşı vəzisində kəsiyin aparılması,drenajla)
2.6.152	Göz yaşı vəzi toxumasının və ya zədələnməsinin kəsiklə çıxarılması
2.6.153	Göz yaşı yolları üzərində manipulyasiya
2.6.154	Nazolakrimal axarının intubasiyası (Nazolakrimal axara stentin taxılması)
2.6.155	Kanalın və dəliyin bərpası
2.6.156	Eversiya olunmuş dəliyin korreksiyası
2.6.157	Kanalın bərpası
2.6.158	Dakriosistorinostomiya (DCR)
2.6.159	Konyuktivodakriosistorinostomiya (KDCR)
2.6.16	Ürəkdaxili və ya böyük damarların hemodinamik monitorinqi üçün dərialtı cihazın implantasiyası və ya dəyişdirilməsi
2.6.160	Boru və ya stentin taxılması ilə birlikdə konyuktivosinostomiya
2.6.161	Konyuktiva toxumasının və ya zədələnməsinin kəsiklə çıxarılması və ya destruksiyası
2.6.162	Konyuktivada aparılan digər destruktiv prosedurlar
2.6.163	Simblefaronun sərbəst qreftlə bərpası
2.6.164	Konyuktival duqlas boşluğunun sərbəst qreftlə rekonstruksiyası
2.6.165	Konyuktivaya qoyulan digər sərbəst qreftlər
2.6.166	Digər konyuktivoplastika növləri
2.6.167	Konyuktiva və göz qapağı bitişmələrinin lizisi
2.6.168	Konyuktivanın kəsiyinın bərpası
2.6.169	Buynuz qişada kəsiyin aparılması (Buynuz qişadan pərcimlənmiş yad cismin kəsik vasitəsilə çıxarılması)
2.6.17	Koronar arteriyalarda damardaxili təzyiqin ölçülməsi (FFR)
2.6.170	Pteriqiumun kəsiklə çıxarılması
2.6.171	Pteriqiumun transpozisiyası
2.6.172	Buynuz qişa kəsiyinin tikilməsi
2.6.173	Buynuz qişa kəsiyinin və ya yaranın konyuktival yamaq vasitəsilə bərpası
2.6.174	Buynuz qişanın digər bərpa yolları
2.6.175	Geniş keratoplastika autoqraftla (Dəlik açmaqla autoqraftla keratoplastika)
2.6.176	İridotomiya və sadə iridoektomiya
2.6.177	Qüzehli qişa prolapsının kəsiklə çıxarılması
2.6.178	Digər iridoektomiya növləri
2.6.179	Qoniosinexiyanın lizisi (Qoniosinexiyanın hava və ya maye inyeksiyası vasitəsilə lizisi)
2.6.18	Ekstrakranial damarın (damarların) perkutan angioplastikası (vertebral). (Taxılan damar stentlərin sayı, müalicə olunan damarların sayı əlavə kodlaşdırılsın)
2.6.180	Korneovitreal bitişmələrin lizisi
2.6.181	Digər iridoplastika növləri
2.6.182	Göz qişası zədələnməsinin destruksiyası, kəsik aparılmadan
2.6.183	Göz qişasının zədələnməsinin kəsiklə çıxarılması
2.6.184	Qoniopunksiya ilə birlikdə qoniotomiya
2.6.185	Trabekulotomiya “ab externo”
2.6.186	Siklodializ
2.6.187	İridoektomiya ilə birlikdə skleranın trepanasiyası
2.6.188	İridoektomiya ilə birlikdə skleranın termokauterizasiyası
2.6.189	Trabekulektomiya “ab externo”
2.6.19	İntrakranial damarın (damarların) perkutan angioplastikası (bazilyar arteriya, vertebral arteriyanın intrakranial hissəsi). Taxılan damar stentlərin sayı, müalicə olunan damarların sayı əlavə kodlaşdırılsın)
2.6.190	Sulu drenaj vasitənin taxılması (Ön kameranın drenaj vasitəsi. Şunt və ya stentin sulu drenajı. Göz qapağı implantı. Filtrasiya kanalının şuntu və ya vasitəsi)
2.6.191	Digər fistulizasiya prosedurları
2.6.192	Siklodiatermiya
2.6.193	Siklokrioterapiya
2.6.194	Siklofotokoaqulyasiya
2.6.195	Digər qlaukoma prosedurları
2.6.196	Sklera kəsiyinin tikilməsi (Konyuktivanın eyni vaxtda bərpası ilə birlikdə skleranın tikilməsi)
2.6.197	Skleral fistulanın bərpası
2.6.198	Skleral stafilomanın qreft vasitəsilə bərpası
2.6.199	Sklerada aparılan digər əməliyyatlar (İncələnmə məqsədilə sklerotomiya)
2.6.2	İki damarda aparılan prosedur (Əlavə damar müdaxiləsi)
2.6.20	Karotid arteriyaya stentin (stentlərin) perkutan taxılması (Taxılan damar stentlərin sayı, müalicə olunan damarların sayı əlavə kodlaşdırılsın )
2.6.200	Ön kameradan epitelial artıq böyümənin çıxarılması və ya destruksiyası
2.6.201	Göz büllurundan yad cismin çıxarılması (kəsik və ya maqnit)
2.6.202	Göz büllurunun intrakapsulyar ekstraksiyası
2.6.203	Kataraktanın fakoemulsifikasiyası və aspirasiyası
2.6.204	Göz büllurunun müvəqqəti aşağı giriş vasitəsilə ekstrakapsulyar ekstraksiyası
2.6.205	Göz büllurunun digər ekstrakapsulyar ekstraksiya növləri
2.6.206	İkincili membranın (kataraktadan sonra) yarılması
2.6.207	İkincili membranın (kataraktadan sonra) kəsiklə çıxarılması (Kapsulektomiya)
2.6.208	Kataraktanın digər ekstraksiya növləri
2.6.209	Katarakta ekstraksiya zamanı intraokulyar göz bülluru protezinin taxılması, təkmərhələli
2.6.21	Digər ekstrakranial arteriya stentinin (stentlərin) perkutan taxılması (Taxılan damar stentlərin sayı, müalicə olunan damarların sayı əlavə kodlaşdırılsın )
2.6.210	İntraokulyar göz bülluru protezinin ikincili taxılması (ikincili İOL implantasiyası)
2.6.211	İmplantasiya edilən göz büllurunun çıxarılması
2.6.212	Gözün arxa kamerasından yad cismin maqnit istifadə etməklə çıxarılması
2.6.213	Gözün arxa kamerasından yad cismin maqnit istifadə etmədən çıxarılması
2.6.214	Şüşəyəbənzər cismin diaqnostik aspirasiyası
2.6.215	Tor qişa, damarlı qişa, şüşəyəbənzər cisim və arxa kameranın digər diaqnostik prosedurları
2.6.216	Xorioretinal zədələnmənin diatermiya vasitəsilə destruksiyası
2.6.217	Xorioretinal zədələnmənin krioterapiya vasitəsilə destruksiyası
2.6.218	Xorioretinal zədələnmənin ksenon qövs fotokoaqulyasiya vasitəsilə destruksiyası
2.6.219	Xorioretinal zədələnmənin lazer fotokoaqulyasiya vasitəsilə destruksiyası
2.6.22	Perkutan translyuminal koronar angioplastika. PTKA (Taxılan damar stentlərin sayı, müalicə olunan damarların sayı əlavə kodlaşdırılsın)
2.6.220	Xorioretinal zədələnmənin qeyri-müəyyən tipli fotokoaqulyasiya vasitəsilə destruksiyası
2.6.221	Retinal cırılmanın digər bərpa növləri (Retinal defektin bərpası)
2.6.222	Tor qişanın ayrılmasının implantla bərpası (İmplantla skleral qabarma)
2.6.223	Digər skleral qabarma (hava tamponadası, skleranın rezeksiyası, vitrektomiya)
2.6.224	Tor qişanın ayrılmasının digər bərpa növləri (drenajla bərpa növləri)
2.6.225	Şüşəyəbənzər cismin çıxarılması, ön giriş (açıq fəza texnikası). Şüşəyəbənzər cismin çıxarılması, ön giriş (dəyişdirilmə ilə birlikdə)
2.6.226	Şüşəyəbənər cismin digər çıxarılma növləri
2.6.227	Bir ekstraokulyar əzələnin rezeksiyası
2.6.228	Bir ekstraokulyar əzələnin gücləndirilməsi
2.6.229	Göz almasından müvəqqəti ayrılma ilə bir ekstraokulyar əzələdə aparılan digər əməliyyatlar
2.6.23	Sisternal punksiya
2.6.230	Bir ekstraokulyar əzələdə uzadılma proseduru
2.6.231	Bir ekstraokulyar əzələdə qısaltma proseduru
2.6.232	Ekstraokulyar əzələlərdə aparılan digər əməliyyatlar
2.6.233	İki və ya daha çox ekstraokulyar əzələdə aparılan digər əməliyyatlar, bir və ya hər iki göz
2.6.234	Ekstraokulyar əzələlərin transpozisiyası
2.6.235	Ekstraokulyar əzələ cərrahiyyəsinin reviziyası
2.6.236	Ekstraokulyar əzələnin zədələnməsinin bərpası
2.6.237	Orbitotomiya
2.6.238	Sümük yamağı ilə birlikdə orbitotomiya
2.6.239	Orbital implantın taxılması ilə birlikdə orbitotomiya
2.6.24	Əvvəlcə implant edilən kateter vasitəsilə mədəcik punksiyası
2.6.240	Gözdən dəlib keçən yad cismin çıxarılması, başqa cür müəyyən edilməyib
2.6.241	Orbita və göz almasında diaqnostik prosedurlar
2.6.242	Orbitanın diaqnostik aspirasiyası
2.6.243	Göz alması və orbitanın biopsiyası
2.6.244	Göz almasının evisserasiyası
2.6.245	Eyni vaxtda skleral boşluğun implantasiya ilə birlikdə okulyar tərkibinin çıxarılması
2.6.246	Göz almasının enukleasiyası
2.6.247	Göz almasının enukleasiyası, eyni zamanda Tenon kapsulasına implantasiya və əzələlərin birləşdirilməsi
2.6.248	Göz almasının enukleasiyası, eyni zamanda digər implantasiya ilə birlikdə
2.6.249	Yanaşı strukturlarının çıxarılması ilə birlikdə orbitanın evisserasiyası
2.6.25	Digər kranial punksiyalar
2.6.250	Orbitanın digər evisserasiya növləri
2.6.251	Okulyar implantın ikincili yerləşdirilməsi
2.6.252	Okulyar implantın reviziyası və təkrar yerləşdirilməsi
2.6.253	Enukleasiya kisəciyin qreftlə birlikdə reviziyası
2.6.254	Evisserasiya boşluğa yerləşdirilən ikincili qreft
2.6.255	Göz almasının çıxarılmasından sonra digər ikincili prosedurlar
2.6.256	Okulyar implantın çıxarılması
2.6.257	Orbital implantın çıxarılması
2.6.258	Orbita yarasının bərpası
2.6.259	Göz alması kəsiyinin bərpası
2.6.26	Kəllədaxili təzyiqin monitorinqi
2.6.260	Orbita zədələnməsinin kəsiklə çıxarılması (Orbita törəmələrinin çıxarılması)
2.6.261	Orbitada aparılan digər əməliyyatlar
2.6.262	Düz qasıq yırtığının qreft və ya protezlə laparoskopik birtərəfli bərpası (düz qasıq yırtığının laparoskopik birtərəfli bərpası)
2.6.263	Çəp qasıq yırtığının qreft və ya protezlə laparoskopik birtərəfli bərpası (çəp qasıq yırtığının laparoskopik birtərəfli bərpası)
2.6.264	Qasıq yırtığının qreft və ya protezlə laparoskopik bərpası, başqa cür müəyyən edilməyib
2.6.265	Laparoskopik sağ hemikolonektomiya
2.6.266	Köndələn çənbər bağırsağın laparoskopik rezeksiyası
2.6.267	Laparoskopik sol hemikolonektomiya
2.6.268	Laparoskopik siqmoidektomiya
2.6.269	Çənbər bağırsağın digər laparoskopik kəsiklə çıxarılması
2.6.27	Kraniotomiya yerinin təkrar açılması (Təkrar kraniotomiya)
2.6.270	Preaurikulyar sinusun kəsiklə çıxarılması
2.6.271	Stapedektomiya zindanın dəyişdirilməsi ilə birlikdə
2.6.272	Sümük zəncirin üzərində aparılan digər əməliyyatlar
2.6.273	Mirinqoplastika (Tip I timpanoplastika)
2.6.274	Tip II timpanoplastika
2.6.275	Tip III timpanoplastika
2.6.276	Tip IV timpanoplastika
2.6.277	Tip V timpanoplastika
2.6.278	Mirinqotomiya borunun taxılması ilə birlikdə (təktərəfli)
2.6.279	Mastoidektomiya
2.6.28	Digər kraniotomiya (Dekompressiv trepanasiya)
2.6.280	Sadə mastoidektomiya
2.6.281	Radikal mastoidektomiya
2.6.282	Daxili qulağın fenestrasiyası
2.6.283	Endolimfatik şunt
2.6.284	Yevstax borusunda aparılan əməliyyatlar
2.6.285	Koxlear protez cihazının implantasiyası və ya dəyişdirilməsi, çoxsaylı kanallı
2.6.286	Burun qanaxmasının dayandırılması, arxa nazal tamponun (və ön) yerləşdirilməsi vasitəsilə
2.6.287	Burun qanaxmasının dayandırılması, kauterizasiya vasitəsilə (və tamponun yerləşdirilməsi vasitəsilə)
2.6.288	Burun qanaxmasının dayandırılması, etmoidal /xəlbir/ arteriyalara liqaturanın qoyulması vasitəsilə
2.6.289	Burun qanaxmasının dayandırılması, maksillyar/əng/ arteriyasına liqaturanın qoyulması vasitəsilə (transantral)
2.6.29	Kranial boşluq və ya toxumanın daxilinə kateterin (kateterlərin) taxılması
2.6.290	Burun qanaxmasının dayandırılması, xarici yuxu arteriyasına liqaturanın qoyulması vasitəsilə
2.6.291	İntranazal zədələnmənin yerli kəsiklə çıxarılması və ya destruksiyası (Nazal polipektomiya)
2.6.292	Burunun rezeksiyası (amputasiyası)
2.6.293	Burun çəpərinin submukoz rezeksiyası
2.6.294	Konxektomiya
2.6.295	Burun sınığının açıq reduksiyası
2.6.296	Digər septoplastika növləri (Burun çəpərinin parçalanması. Septal perforasiyanın bərpası)
2.6.297	Burun bitişmələrinin lizisi
2.6.298	Nazal sinusun açıq biopsiyası
2.6.299	İntranazal antrotomiya
2.6.3	Üç damarda aparılan prosedur (Əlavə damar müdaxiləsi)
2.6.30	Talamus üzərində aparılan əməliyyatlar
2.6.300	Radikal maksilyar antrotomiya
2.6.301	Frontal sinusotomiya
2.6.302	Frontal sinusektomiya
2.6.303	Etmoidotomiya
2.6.304	Sfenoidotomiya
2.6.305	Digər nazal sinusektomiya - total sfenoidoetmoidektomiya (təktərəfli)
2.6.306	Kaldvel-Lyuk girişindən maksillyar sinusun kəsiklə çıxarılması
2.6.307	Digər girişdən maksillyar sinusun/əng cibinin/ zədələnməsinin kəsiklə çıxarılması
2.6.308	Nazal sinus fistulasının qapadılması (Oro-antral fistulasının bərpası)
2.6.309	Nazal sinusun digər bərpa növləri (Frontonazal axarının rekonstruksiyası. Əlavə sinus axarının bərpası)
2.6.31	Globus pallidus (solğun kürə) üzərində aparılan əməliyyatlar
2.6.310	Dilin açıq biopsiyası
2.6.311	Dilin kəsiyinin tikilməsi
2.6.312	Tüpürcək vəzi və axarının açıq biopsiyası
2.6.313	Hissəvi sialoadenektomiya
2.6.314	Tam sialoadenektomiya (Tüpürcək vəzi və axarının müştərək kəsiklə çıxarılması. Radikal sialoadenektomiya)
2.6.315	Ağzın digər hissəsinin cırılmasının tikilməsi
2.6.316	Ağız fistulasının qapadılması
2.6.317	'Cleft' dodağın bərpa edilməsi
2.6.318	Dodaq və ağıza tam dəri qreftinin yerləşdirilməsi
2.6.319	Dodaq və ağıza digər dəri qreft növünün yerləşdirilməsi
2.6.32	Beyin qişalarının zədələnməsi və ya toxumalarının kəsiklə çıxarılması (kalvarial törəmələrin çıxarılması)
2.6.320	Dodaq və ağıza qreft ayaqcığı və yamağın yerləşdirilməsi
2.6.321	Ağızda digər plastik bərpa növləri
2.6.322	Palatosxizisin korreksiyası
2.6.323	Tonzillalar və peritonzilyar strukturların üzərində kəsiyin aparılması və drenajın qoyulması
2.6.324	Adenoidektomiya aparılmadan tonzillektomiya
2.6.325	Adenoidektomiya ilə birlikdə tonzillektomiya
2.6.326	Tonzillektomiya aparılmadan adenoidektomiya
2.6.327	Udlağın biopsiyası
2.6.328	Branxial kleft sisti və ya vetiqiyin kəsiklə çıxarılması
2.6.329	Kriofaringeal miotomiya
2.6.33	Hemisferektomiya
2.6.330	Udlağın cırılmasının tikilməsi
2.6.331	Udlağın digər fistula növünün qapadılması (farinqoezofageal)
2.6.332	Larinqial sistin marsupializasiyası
2.6.333	Qırtlağın zədələnmə və ya toxumasının digər kəsik vasitəsilə çıxarılması və ya destruksiyası növləri
2.6.334	Müvəqqəti traxeostomiya
2.6.335	Daimi traxeostomiya
2.6.336	Digər daimi traxeostomiya növləri (Krikotireotomiya, konikotomiya)
2.6.337	Qırtlağın qapalı (endoskopik) biopsiyası
2.6.338	Traxeyanın qapalı (endoskopik) biopsiyası
2.6.339	Qırtlaq cırılmasının tikilməsi
2.6.34	Baş-beynin lobektomiyası
2.6.340	Qırtlaq fistulasının qapadılması (Larinqotraxeal fistulektomiya. Larinqostomanın çıxarılması)
2.6.341	Qırtlaq sınığının bərpası
2.6.342	Traxeyanın cırılmasının tikilməsi
2.6.343	Traxeyanın digər fistula növlərinin qapadılması (traxeoezofageal)
2.6.344	Traxeya və ya qırtlaq bitişmələrinin lizisi
2.6.345	Traxeoezofageal fistulizasiya
2.6.346	Qırtlaqda aparılan digər əməliyyatlar - Qırtlağın dilatasiyası
2.6.347	Bronxun zədələnməsinin və ya toxumasının endoskopik yolla kəsilməsi və ya destruksiyası
2.6.348	Bronxun zədələnməsinin və ya toxumasının digər yollarla kəsilməsi və ya destruksiyası (Bronxun zədələnməsinin və ya toxumasının açıq yolla kəsilməsi və ya destruksiyası)
2.6.349	Ağciyər zədələnməsi və ya toxumasının torakoskopik kəsiyi
2.6.35	Baş beyin toxumasının və ya zədələnməsinin destruksiyası və ya digər kəsiklə çıxarılması (qlial törəmələrin çıxarılması)
2.6.350	Emfizematoz kisəciyin plikasiyası (Emfizematoz kisəciyin torakoskopik plikasiyası)
2.6.351	Ağciyər həcminin azaldıcı cərrahiyyə
2.6.352	Digər plevral biopsiya (Bronxun qapalı endoskopik biopsiyası)
2.6.353	Ağciyər zədələnməsi və ya toxumasının endoskopik kəsiklə çıxarılması və ya destruksiyası
2.6.354	Ağciyər zədələnməsi və ya toxumasının digər yerli kəsiklə çıxarılması və ya destruksiyası
2.6.355	Ağciyərin torakoskopik seqmentar rezeksiyası (Ağciyərin torakoskopik seqmentektomiyası)
2.6.356	Ağciyərin digər və müəyyən edilməmiş seqmentar rezeksiyası (Ağciyərin aciq seqmentektomiyası)
2.6.357	Ağciyərin torakoskopik lobektomiyası
2.6.358	Ağciyərin digər lobektomiya növləri (Açıq lobektomiya)
2.6.359	Bronx üzərində kəsiyin aparılması. Bronxotomiya (yad cisim çıxarılması)
2.6.36	Kəllə sümüyü zədələnməsinin kəsiklə çıxarılması (kranial sümük törəmələrin çıxarılması)
2.6.360	Torakoskopik ağciyər biopsiyası
2.6.361	Fiberoptik bronxoskopiya (sanasiya məqsədilə)
2.6.362	Digər bronxoskopiya (Rigid - yad cismin cıxarılması və ya bujlama dillatasiya məqsədilə)
2.6.363	Ağciyərin açıq biopsiyası
2.6.364	Ağciyərin kollapsı məqsədilə azan sinirin destruksiyası
2.6.365	Ağciyərin kollapsı məqsədilə suni pnevmotoraks (torakotomiya ilə)
2.6.366	Torakoplastika
2.6.367	Bronxun cırılmasının tikilməsi
2.6.368	Bronxial fistulanın qapadılması (Bronxostomiyanın qapadılması)
2.6.369	Ağciyər cırılmasının bərpası
2.6.37	Kranial şırımın açılması (Kraniosinostoz əməliyyatları)
2.6.370	Müayinə məqsədilə (diaqnostik) torakotomiya
2.6.371	Təzəliklə torakotomiya yerin təkrar açılması (Retorakotomiya)
2.6.372	Drenaj üçün interkostal kateterin taxılması
2.6.373	Plevroperitoneal şuntun yaradılması
2.6.374	Plevral boşluğun torakoskopik drenajı (Empiemanın evakuasiyası)
2.6.375	Torakoskopik plevral biopsiya
2.6.376	Mediastinoskopiya (diaqnostik)
2.6.377	Döş qəfəsi divarının biopsiyası
2.6.378	Torakotomiya ilə plevral biopsiya
2.6.379	Açıq mediastinal biopsiya (Сhamberlen proseduru)
2.6.38	Kəllə sümüyü fraqmentlərinin qaldırılması
2.6.380	Diafraqmanın biopsiyası
2.6.381	Ağciyər dekortikasiyası (Ağciyər torakotomik dekortikasiyası)
2.6.382	Ağciyərin torakoskopik dekortikasiyası
2.6.383	Plevranın üzərində aparılan digər kəsik növləri (Plevral zədələnmənin kəsiklə çıxarılması)
2.6.384	Döş qəfəsi divarının cırılmasının tikilməsi
2.6.385	Torakostomanın ləğvi
2.6.386	Döş qəfəsinin digər fistulalarının ləğvi (ezofaqoplevrokutan)
2.6.387	Döş qəfəsi deformasiyasının bərpası (Pectus carinatum və pectus excavatum cərrahiyyəsi)
2.6.388	Diafraqmanın zədələnmə və ya toxumasının kəsilib götürülməsi
2.6.389	Diafraqma cırılmasının tikilməsi (Diafraqma cırılmasının bərpası)
2.6.39	Kranial sümük yamağının yaradılması
2.6.390	Diafraqma fistulasının qapadılması (Diafraqma fistulasının ləğvi)
2.6.391	Diafraqmal kardiostimulyatorun implantasiyası
2.6.392	Qapalı ürək valvotomiyası, aortal qapaq
2.6.393	Qapalı ürək valvotomiyası, ikitaylı qapaq (mitral qapaq)
2.6.394	Qapalı ürək valvotomiyası, pulmonar qapaq
2.6.395	Qapalı ürək valvotomiyası, trikuspidal (üçtaylı) qapaq
2.6.396	Aortal qapağın endovaskulyar dəyişdirilməsi (TAQİ, TAQD)
2.6.397	Pulmonar qapağının endovaskulyar dəyişdirilməsi (TPQİ)
2.6.398	Müəyyən edilməmiş ürək qapağının endovaskulyar dəyişdirilməsi (mitral qapaq)
2.6.399	Açıq ürək valvuloplastikası, dəyişdirilmə aparılmadan, müəyyən edilməmiş qapaq
2.6.4	Dörd və ya daha çox damarda aparılan prosedur (Əlavə damar müdaxiləsi)
2.6.40	Kəllə sümüyünə qoyulan sümük qrefti
2.6.400	Aortal qapağın açıq ürək valvuloplastikası, dəyişdirilmə aparılmadan
2.6.401	Mitral qapağın açıq ürək valvuloplastikası, dəyişdirilmə aparılmadan
2.6.402	Pulmonar qapağın açıq ürək valvuloplastikası, dəyişdirilmə aparılmadan
2.6.403	Trikuspidal qapağın açıq ürək valvuloplastikası, dəyişdirilmə aparılmadan
2.6.404	Müəyyən edilməmiş ürək qapağının açıq və digər yolla dəyişdirilməsi
2.6.405	Aortal qapağın açıq və digər yolla toxuma qrefti ilə dəyişdirilməsi
2.6.406	Aortal qapağının açıq və digər yolla dəyişdirilməsi
2.6.407	Mitral qapağın açıq və digər yolla toxuma qrefti ilə dəyişdirilməsi
2.6.408	Mitral qapağın açıq və digər yolla dəyişdirilməsi
2.6.409	Pulmonar qapağın açıq və digər yolla toxuma qrefti ilə dəyişdirilməsi
2.6.41	Digər kranial osteoplastika (Kranioplastika)
2.6.410	Pulmonar qapağın açıq və digər yolla dəyişdirilməsi
2.6.411	Trikuspidal qapağın açıq və digər yolla toxuma qrefti ilə dəyişdirilməsi
2.6.412	Trikuspidal qapağın açıq və digər yolla dəyişdirilməsi
2.6.413	Məməyəbənzər əzələdə aparılan əməliyyatlar
2.6.414	Annuloplastika
2.6.415	İnfundibulektomiya (Sağ mədəciyinin infundibulektomiyası)
2.6.416	Ətli atma tellərində (trabeculae carneae cordis) aparılan əməliyyatlar
2.6.417	Ürək qapaqları ilə yanaşı digər strukturlarda aparılan əməliyyatlar (Valsalva sinusunun (anevrizmanın) bərpası)
2.6.418	Mövcud olan qulaqcıqarası çəpər defektinin genişləndirilməsi (Raşkind proseduru. Septostomiya)
2.6.419	Ürəkdə çəpər defektinin yaradılması
2.6.42	Baş beynin sərt qişasının sadə tikişi
2.6.420	Qulaqcıqarası çəpər defektinin protezlə bərpası, açıq texnika
2.6.421	Qulaqcıqarası çəpər defektinin protezlə bərpası, qapalı texnika
2.6.422	Mədəcikarası çəpər defektinin protezlə bərpası, açıq texnika
2.6.423	Atrioventrikulyar çəpər defektinin (qüsurun) tam formasının protezlə bərpası
2.6.424	Mədəcikarası çəpər defektinin protezlə bərpası, qapalı texnika
2.6.425	Ürəyin müəyyən edilməmiş çəpər defektinin toxuma qrefti ilə bərpası
2.6.426	Qulaqcıqarası çəpər defektinin toxuma qrefti ilə bərpası
2.6.427	Mədəcikarası çəpər defektinin toxuma qrefti ilə bərpası
2.6.428	Atrioventrikulyar çəpər defektinin (qüsurun) tam formasının toxuma qrefti ilə bərpası
2.6.429	Fallo tetradasının total bərpası
2.6.43	Serebral qişaların digər bərpa prosedurları
2.6.430	Total anormal pulmonar venoz bağlantının total bərpası
2.6.431	Ümumi arterial kotük defektinin total bərpası
2.6.432	Böyük damarların transpozisiyasının total korreksiyası, DRTO
2.6.433	Venoz dönüşün qulaqcıqdaxili transpozisiyası
2.6.434	Sağ mədəcik və pulmonar arteriya arasında şuntun yaradılması
2.6.435	Sol mədəcik və aorta arasında şuntun yaradılması
2.6.436	Qulaqcıq və pulmonar arteriya arasında şuntun yaradılması
2.6.437	Ürəyin korreksiya prosedurunun reviziyası
2.6.438	Perkutan balon valvuloplastikası (Qapağın balon dilatasiyası)
2.6.439	Ürək çəpərində aparılan digər əməliyyatlar
2.6.44	Xarici mədəcik drenin yerləşdirilməsi və ya dəyişdirilməsi (XMD)
2.6.440	Ürəyin qapaqlarında aparılan digər əməliyyatlar
2.6.441	İntrakoronar arteriyaya trombolitik maddənin infuziyası
2.6.442	Dərman ifraz etməyən koronar stentin (stentlərin) taxılması (bir stent qreftin taxılması)
2.6.443	Dərman ifraz edən koronar stentinin (stentlərin) taxılması (bir stentin taxılması)
2.6.444	Koronar arteriyanın obstruksiyanın digər yollarla aradan qaldırılması. Koronar angioplastika (dərman ifraz edən balon taxılması, daxildir). (Taxılan damar stentlərin sayı, müalicə olunan damarların sayı əlavə kodlaşdırılsın)
2.6.445	Tək koronar arteriyanın (aorto) koronar şuntlama əməliyyatı
2.6.446	İki koronar arteriyanın (aorto) koronar şuntlama əməliyyatı
2.6.447	Üç koronar arteriyanın (aorto) koronar şuntlama əməliyyatı
2.6.448	Dörd və ya daha çox koronar arteriyanın (aorto) koronar şuntlama əməliyyatı
2.6.449	Tək daxili məmə-koronar arteriya şuntlama əməliyyatı
2.6.45	İntrakranial mədəcik şuntun və ya anastomozun qoyulması (Endoskopik hidrosefaliya əməliyyatı)
2.6.450	İkili daxili məmə-koronar arteriya şuntlama əməliyyatı
2.6.451	Perikardisentez
2.6.452	Kardiotomiya
2.6.453	Perikardiotomiya
2.6.454	Perikardın biopsiyası
2.6.455	Ürəyin biopsiyası
2.6.456	Kateter əsaslı invaziv elektrofizioloji müayinə
2.6.457	Perikardiektomiya
2.6.458	Ürək anevrizmasının kəsiklə çıxarılması
2.6.459	Ürəyin digər zədələnmə və ya toxumasının kəsiklə çıxarılması, açıq giriş
2.6.46	Qan dövranı sisteminə mədəcik şuntu
2.6.460	Ürəyin digər zədələnmə və ya toxumasının kəsiklə çıxarılması və ya destruksiyası, endovaskulyar giriş (Ablasiya)
2.6.461	Sol qulaqcıq artımının (SQA) kəsiklə çıxarılması, destruksiyası və ya ekskluziyası
2.6.462	Ürəyin zədələnmə və ya toxumasının kəsiklə çıxarılması və ya destruksiyası, torakoskopik giriş
2.6.463	Pulsasiya edən balon implantı
2.6.464	Kardiomiostimulyasiya sisteminin implantasiyası
2.6.465	Transvenoz aparmanın (elektrod) mədəcik daxilinə ilkin yerləşdirilməsi
2.6.466	Aparmanın (elektrodun) reviziyası (Xroniki aparmanın ekstraksiyası)
2.6.467	Transvenoz qulaqcıq və/ya mədəcik aparmasının (aparmalarının) (elektrod) dəyişdirilməsi
2.6.468	Aparmanın (aparmalarının) (elektrod) dəyişdirilmə aparılmadan çıxarılması
2.6.469	Müvəqqəti transvenoz kardiostimulyator sisteminin taxılması
2.6.47	Ventrikulyar şunt ekstrakranial sahəyə (DRTO)
2.6.470	Ürək cihazı cibinin reviziyası və ya yerdəyişməsi
2.6.471	Daimi kardiostimulyatorun taxılması, ilkin və ya dəyişdirilməsi (cihaz təminata alınmamışdır)
2.6.472	Tək-boşluq cihazının ilkin taxılması, nəbzə cavab reaksiyası müəyyən edilməyib
2.6.473	Tək-boşluq cihazının taxılması, nəbz cavabı göstərilib (İCD DR)
2.6.474	İki-boşluq cihazının ilkin taxılması (DR pacemaker)
2.6.475	İstənilən növ kardiostimulyator cihazının tək-boşluq cihazı ilə dəyişdirilməsi, nəbz cavabı göstərilməyib (VR pacemaker)
2.6.476	İstənilən növ kardiostimulyatorun tək-boşluq cihazı ilə dəyişdirilməsi, nəbz cavabı göstərilib (VR pacemaker)
2.6.477	İstənilən kardiostimulyator cihazının iki-boşluq cihazı ilə dəyişdirilməsi (DR pacemaker)
2.6.478	Sol qulaqcıq artımının cihazının taxılması
2.6.479	Avtomatik kardioverter / defibrilyator implantasiyası və ya dəyişdirilməsi, total sistem (AÜKD)
2.6.48	Ventrikulyar şuntun reviziyası, çıxarılması və irriqasiyası
2.6.480	Avtomatik kardioverter / defibrilyator aparmanın (aparmaların) dəyişdirilməsi
2.6.481	Yalnız avtomatik kardioverter/defibrilyator puls generatorun dəyişdirilməsi
2.6.482	Damarın kəsilməsi, beyindaxili damarlar (tromb və ya embolektomiya)
2.6.483	Damarın kəsilməsi, baş və boynun digər damarları (tromb və ya embolektomiya)
2.6.484	Damarın kəsilməsi, yuxarı ətraf damarları (tromb və ya embolektomiya)
2.6.485	Damarın kəsilməsi, aorta (tromb və ya embolektomiya)
2.6.486	Damarın kəsilməsi, digər döş qəfəsi damarları (tromb və ya embolektomiya)
2.6.487	Damarın kəsilməsi, abdominal arteriyalar (tromb və ya embolektomiya)
2.6.488	Damarın kəsilməsi, abdominal venaları (tromb və ya embolektomiya)
2.6.489	Damarın kəsilməsi, aşağı ətraf arteriyaları (tromb və ya embolektomiya)
2.6.49	Spinal kanaldan yad cismin çıxarılması
2.6.490	Damarın kəsilməsi, aşağı ətraf venaları (tromb və ya embolektomiya)
2.6.491	Endarterektomiya, beyindaxili damarlar
2.6.492	Endarterektomiya, baş və boynun digər damarları
2.6.493	Endarterektomiya, yuxarı ətraf damarları
2.6.494	Endarterektomiya, aorta
2.6.495	Endarterektomiya, digər döş qəfəsi damarları
2.6.496	Endarterektomiya, abdominal arteriyalar
2.6.497	Endarterektomiya, aşağı ətraf arteriyaları
2.6.498	Koronar damarların optik koherent tomoqrafiya vasitəsilə damardaxili vizualizasiyası (OKT)
2.6.499	Anastomozla olan damarın rezeksiyası, beyindaxili damarlar
2.6.5	Damar bifurkasiyası üzərində aparılan prosedur
2.6.50	Laminektomiya yerinin təkrar açılması (Hemilaminektomiya)
2.6.500	Anastomozla olan damarın rezeksiyası, baş və boynun digər damarları
2.6.501	Anastomozla olan damarın rezeksiyası, yuxarı ətraf damarları
2.6.502	Anastomozla olan damarın rezeksiyası, aorta
2.6.503	Anastomozla olan damarın rezeksiyası, digər döş qəfəsi damarları
2.6.504	Anastomozla olan damarın rezeksiyası, abdominal arteriyalar
2.6.505	Anastomozla olan damarın rezeksiyası, abdominal venalar
2.6.506	Anastomozla olan damarın rezeksiyası, aşağı ətraf arteriyaları
2.6.507	Anastomozla olan damarın rezeksiyası, aşağı ətraf venaları
2.6.508	Damarın dəyişdirilməsi ilə birlikdə rezeksiyası, beyindaxili damarlar
2.6.509	Damarın dəyişdirilməsi ilə birlikdə rezeksiyası, baş və boynun digər damarları
2.6.51	Spinal kanalın digər incələnmə və dekompressiyası (bir fəqərədə laminektomiya)
2.6.510	Damarın dəyişdirilməsi ilə birlikdə rezeksiyası, yuxarı ətraf damarları
2.6.511	Damarın dəyişdirilməsi ilə birlikdə rezeksiyası, aorta, qarın (abdominal)
2.6.512	Damarın dəyişdirilməsi ilə birlikdə rezeksiyası, torakal damarlar
2.6.513	Damarın dəyişdirilməsi ilə birlikdə rezeksiyası, abdominal arteriyalar
2.6.514	Damarın dəyişdirilməsi ilə birlikdə rezeksiyası, abdominal venalar
2.6.515	Damarın dəyişdirilməsi ilə birlikdə rezeksiyası, aşağı ətraf arteriyaları
2.6.516	Damarın dəyişdirilməsi ilə birlikdə rezeksiyası, aşağı ətraf venaları
2.6.517	Varikoz venalara liqaturanın qoyulması və ayrılması, yuxarı ətraf damarları
2.6.518	Varikoz venalara liqaturanın qoyulması və ayrılması, aşağı ətraf venaları
2.6.519	Damarın digər kəsiklə çıxarılması, beyindaxili damarlar
2.6.52	Spinal punksiya
2.6.520	Damarın digər kəsiklə çıxarılması, baş və boynun digər damarları
2.6.521	Damarın digər kəsiklə çıxarılması, yuxarı ətraf damarları
2.6.522	Damarın digər kəsiklə çıxarılması, aorta, abdominal
2.6.523	Damarın digər kəsiklə çıxarılması, torakal damarlar
2.6.524	Damarın digər kəsiklə çıxarılması, abdominal arteriyalar
2.6.525	Damarın digər kəsiklə çıxarılması, abdominal venalar
2.6.526	Damarın digər kəsiklə çıxarılması, aşağı ətraf arteriyaları
2.6.527	Damarın digər kəsiklə çıxarılması, aşağı ətraf venaları
2.6.528	Boş vena üzərində müdaxilə
2.6.529	Damarların digər cərrahi okklüziyası, beyindaxili damarlar
2.6.53	Spinal meninqoselenin bərpası
2.6.530	Damarların digər cərrahi okklüziyası, baş və boynun digər damarları
2.6.531	Damarların digər cərrahi okklüziyası, yuxarı ətraf damarları
2.6.532	Damarların digər cərrahi okklüziyası, aorta, abdominal
2.6.533	Damarların digər cərrahi okklüziyası, torakal damarlar
2.6.534	Damarların digər cərrahi okklüziyası, abdominal arteriyalar
2.6.535	Damarların digər cərrahi okklüziyası, abdominal venalar
2.6.536	Damarların digər cərrahi okklüziyası, aşağı ətraf arteriyaları
2.6.537	Damarların digər cərrahi okklüziyası, aşağı ətraf venaları
2.6.538	Arterial kateterizasiya (selektiv)
2.6.539	Göbək venasının katerizasiyası (selektiv)
2.6.54	Fəqərə sınığının bərpası (osteosintez)
2.6.540	Venoz kateterizasiya, başqa cür müəyyən edilməyib (selektiv)
2.6.541	Böyrək dializi üçün venoz kateterizasiya (qalıcı)
2.6.542	Sistem–ağciyər arteriya şuntu (B-T şunt)
2.6.543	Boş vena – ağciyər arteriyası anastomozu
2.6.544	Aorta-körpücükaltı-karotid “bypass” (şunt)
2.6.545	Aorta-renal “bypass”
2.6.546	Aorta-iliak-femoral (Aorta-qalça-bud) “bypass”
2.6.547	Böyrək dializi üçün arteriovenostomiya
2.6.548	Digər (periferik) vaskulyar şunt və ya “bypass”
2.6.549	Müəyyən edilməmiş qan damarının tikilməsi
2.6.55	Onurğa beyni strukturlarında digər bərpa xarakterli və plastik əməliyyatlar (likvoreya fistulunun bərpası)
2.6.550	Arteriyanın tikilməsi
2.6.551	Venanın tikilməsi
2.6.552	Böyrək dializi üçün arteriovenoz şuntun ləğvi
2.6.553	Digər qeyri-koronar damarın (damarların) angioplastikası (balon daxil). PTA. (Taxılan damar stentlərin sayı, müalicə olunan damarların sayı əlavə kodlaşdırılsın)
2.6.554	Anevrizmanın kliplənməsi
2.6.555	Anevrizmanın digər bərpa növləri
2.6.556	Arteriovenoz fistulun bərpası
2.6.557	“Re-entry” (təkrar giriş) əməliyyatı (aorta)
2.6.558	Qan damarının toxuma yamaq qrefti ilə bərpası
2.6.559	Damarın digər bərpa növü (Aortopulmonar pəncərə əməliyyatı)
2.6.56	Onurğa beyni və sinir köklərinin bitişmələrinin lizisi
2.6.560	Abdominal aortaya digər qreftin endovaskulyar implantasiyası (EVAR)
2.6.561	Torakal aortaya qreftin endovaskulyar implantasiyası (TEVAR)
2.6.562	Karotid cisim, karotid sinus və digər vaskulyar sahələrdə aparılan digər əməliyyatlar
2.6.563	Dərman ifraz etməyən periferik (qeyri-koronar) damar stentinin taxılması (bir stent)
2.6.564	Sklerozlaşdırıcı maddənin venaya inyeksiyası (aşağı ətrafların skleroterapiyası)
2.6.565	Hemodializ. Kəskin və xroniki böyrək çatışmazlığında ilkin hemodializ
2.6.566	Qoltuqaltı limfatik düyünün kəsiklə çıxarılması
2.6.567	Digər limfatik strukturun sadə kəsiklə çıxarılması (Hiqromanın, limfaangiomanın kəsiklə çıxarılması; Sadə limfadenektomiya)
2.6.568	Dalağın açıq biopsiyası
2.6.569	Dalaq kistasının marsupializasiyası
2.6.57	Spinal subaraxnoido-peritoneal şunt
2.6.570	Hissəvi splenektomiya
2.6.571	Total splenektomiya
2.6.572	Ezofaqotomiya
2.6.573	Ezofaqostomiya
2.6.574	Qida borusunun açıq biopsiyası
2.6.575	Qida borusunun zədələnmə və ya toxumasının endoskopik kəsiklə çıxarılması və ya destruksiyası
2.6.576	Total ezofaqektomiya (qastrostomiya və uc-uca anastomozdan fərqli interpozisiya və ya anastomoz)
2.6.577	İntratorakal ezofaqoezofaqostomiya
2.6.578	İntratorakal ezofaqoqastrostomiya
2.6.579	İntratorakal ezofaqeal anastomoz nazik bağırsağın interpozisiyası ilə birlikdə
2.6.58	Spinal kapsulun digər şuntu (sirinqo-subaraxnoidal şunt)
2.6.580	İntratorakal ezofaqeal anastomoz yoğun bağırsağın interpozisyası ilə birlikdə
2.6.581	İntratorakal ezofaqeal anastomoz digər interpozisyası növləri ilə birlikdə
2.6.582	Antesternal ezofaqoqastrostomiya
2.6.583	Antesternal ezofaqeal anastomoz nazik bağırsağın interpozisiyası ilə birlikdə
2.6.584	Digər antesternal ezofaqoenterostomiya
2.6.585	Antesternal ezofaqeal anastomoz yoğun bağırsağın interpozisiyası ilə birlikdə
2.6.586	Ezofaqomiotomiya
2.6.587	Qida borusunun cırılmasının tikilməsi
2.6.588	Ezofaqostomiyanın qapadılması
2.6.589	Ezofaqeal fistulun bərpası, başqa cür müəyyən edilməyib
2.6.59	Terapevtik və ya palliativ maddənin infuziyası üçün spinal kanala kateterin yerləşdirilməsi (lumbal drenaj)
2.6.590	Qida borusunun digər bərpa növləri (Ezofaqus varikozun skleroterapiyası)
2.6.591	Qida borusunun varikoz genişlənmiş venalarına liqaturanın (həlqə) qoyulması
2.6.592	Qastrotomiya
2.6.593	Qastrostomiya (açıq)
2.6.594	Perkutan (endoskopik) qastrostomiya (PEG)
2.6.595	Mədənin zədələnmə və ya toxumasının endoskopik kəsiklə çıxarılması və destruksiyası
2.6.596	Hissəvi qastrektomiya qida borusuna anastomozla (Proksimal qastrektomiya)
2.6.597	Hissəvi qastrektomiya onikibarmaq bağırsaq anastomozla (Distal qastrektomiya - Bilrot I rekonstruksiya)
2.6.598	Hissəvi qastrektomiya nazik bağırsaq anastomozla (Distal qastrektomiya - Bilrot II rekonstruksiya)
2.6.599	Hissəvi qastrektomiya yeyunal transpozisiya ilə Henli yeyunal transpozisiya əməliyyatı (Hissəvi qastrektomiya yeyunal transpozisiya ilə, distal qastrektomiya - Henli rekonstruksiya)
2.6.6	Bir vaskulyar stentin taxılması
2.6.60	Spinal kanala digər maddənin inyeksiyası
2.6.600	Total qastrektomiya intestinal interpozisiya ilə
2.6.601	Trunkal vaqotomiya
2.6.602	Yüksək selektiv vaqotomiya (Parietal hüceyrə vaqotomiyası. Selektiv proksimal vaqotomiya)
2.6.603	Digər selektiv vaqotomiya
2.6.604	Transabdominal qastroskopiya (əməliyyatdaxili)
2.6.605	Mədənin açıq biopsiyası
2.6.606	Piloroplastika
2.6.607	Pilorusun kəsiklə dilatasiyası
2.6.608	Pilorusun endoskopik dilatasiyası
2.6.609	Digər piloroplastika növləri
2.6.61	Spinal qan yamağı
2.6.610	Qastrektomiya aparılmadan qastroenterostomiya
2.6.611	Perkutan qastroyeyunostomiya (endoskopik)
2.6.612	Laparoskopik qastroenterostomiya
2.6.613	Digər qastroenterostomiya növləri
2.6.614	Mədə və onikibarmaq bağırsağın xorasının qanaxmasının dayandırılması və tikilməsi
2.6.615	Mədəxora yerinin tikilməsi (mədə xorasının tikilməsi)
2.6.616	Onikibarmaq bağırsağın xora yarasının tikilməsi
2.6.617	Mədə və ya duodenal qanaxmanın endoskopik dayandırılması
2.6.618	Mədə və ya duodenal qanaxma üçün transkateter embolizasiyası
2.6.619	Mədə və ya onikibarmaq bağırsağın qanaxmasının digər dayandırılma üsulları (qastrotomiya ilə birlikdə)
2.6.62	Fasetlərin perkutan denervasiyası
2.6.620	Mədə anastomozların reviziyası (ləğv edilməsi)
2.6.621	Mədənin cırılmasının tikilməsi
2.6.622	Qatrostomiyanın qapadılması
2.6.623	Digər qastrik fistulanın qapadılması (qastrokolik fistula, qastroyeyunokolik fistula)
2.6.624	Ezofaqoqastroplastika
2.6.625	Ezofaqoqastrik sfinkterin uyğunluğunun yaradılması üçün digər prosedurlar (Fundopliksiya, Qastrik kardioplastika, Nissen fundoplikasiyası, Kardio-ezofaqeal bucağın bərpa edilməsi)
2.6.626	Ezofaqoqastrik sfinkterin uyğunluğunun yaradılması üçün laparoskopik prosedurlar (fundoplikasiya)
2.6.627	Mədədə əməliyyatdaxili aparılan manipulyasiyalar. Qastrik volvulusda reduksiyası
2.6.628	Enterotomiya
2.6.629	Nazik bağırsağın qapalı (endoskopik) biopsiyası
2.6.63	Spinal qişa şuntun reviziyası
2.6.630	Nazik bağırsağın açıq biopsiyası
2.6.631	Yoğun bağırsağın qapalı (endoskopik) biopsiyası
2.6.632	Onikibarmaq bağırsağın zədələnməsinin endoskopik kəsiklə çıxarılması və ya destruksiyası
2.6.633	Nazik bağırsağın zədələnmə və ya toxumasının yerli kəsiklə çıxarılması, onikibarmaq bağırsağı istisna (Mekkel divertikulektomiya)
2.6.634	Yoğun bağırsağın digər zədələnmə və ya toxumasının endoskopik destruksiyası
2.6.635	Nazik bağırsağın çoxsaylı seqmentar rezeksiyası (Nazik bağırsağın çoxsaylı travmatik zədələnmələr səbəbindən seqmentar rezeksiya)
2.6.636	Nazik bağırsağın digər hissəvi rezeksiyası (Duodenektomiya. İleoektomiya. Yeyunektomiya)
2.6.637	Yoğun bağırsağın açıq və digər çoxsaylı seqmentar rezeksiyası (Yoğun bağırsağın çoxsaylı travmatik zədələnmələr səbəbindən seqmentar rezeksiya)
2.6.638	Açıq və digər sağ hemikolektomiya (İleokolektomiya. Sağ radikal kolektomiya)
2.6.639	Köndələn çəmbər bağırsağın açıq və digər rezeksiya növü
2.6.64	Spinal qişa şuntun çıxarılması
2.6.640	Açıq və digər sol hemikolektomiya
2.6.641	Açıq və digər növ siqmoidektomiya
2.6.642	Laparoskopik total intraabdominal kolektomiya
2.6.643	Açıq total intraabdominal kolektomiya (Total intraabdominal kolektomiya kor bağırsaq, çənbər və siqmavari bağırsağın kəsiklə çıxarılması)
2.6.644	Bağırsağın eksteriorizasiyası (Halqa enterostomiyası. Bağırsağın çoxmərhələli rezeksiyası)
2.6.645	Nazik bağırsağın eksterorizasiyası (Halqa ileostomiyası)
2.6.646	Nazik bağırsağın eksteriorizasiyalaşdırılmış seqmentinin rezeksiyası
2.6.647	Yoğun bağırsağın eksteriorizasiyası (Halqa kolostomiyası. Mikuliç əməliyyatın birinci mərhələsi)
2.6.648	Yoğun bağırsağın eksteriorizasiyalaşdırılmış seqmentinin rezeksiyası (Mikuliç əməliyyatın ikinci mərhələsi)
2.6.649	Müvəqqəti kolostomiya
2.6.65	Eşitmə sinirinin nevrinomasının kəsiklə çıxarılması
2.6.650	Daimi kolostomiya
2.6.651	İleostomiya, başqa cür müəyyən edilməyib (perkutan)
2.6.652	Müvəqqəti ileostomiya
2.6.653	Daimi ileostoma
2.6.654	Digər enterostomiya növləri (Endoskopik kisto-duodenostomiya)
2.6.655	Perkutan (endoskopik) yeyunostomiya (PEY) (Qastrostomanın yeyunostomaya endoskopik çevrilməsi, Perkutan (endoskopik) qidalanma məqsədilə enterostomiya)
2.6.656	Duodenostomiya (Açıq yolla duodenostomiya. Qidalanma məqsədilə enterostomiya)
2.6.657	İntestinal stomanın reviziyası
2.6.658	Nazik bağırsağın stomasının reviziyası
2.6.659	Perikolostoma yırtığının bərpası
2.6.66	Kranial və periferik sinirlərin digər kəsilmə prosedurları
2.6.660	Yoğun bağırsağın stomasının digər yollarla reviziyası
2.6.661	Nazik bağırsağın stomasının qapadılması
2.6.662	Yoğun bağırsağın stomasının qapadılması
2.6.663	Nazik bağırsağın qarın divarına fiksasiyası (İleopeksiya)
2.6.664	Yoğun bağırsağın qarın divarına fiksasiyası
2.6.665	Onikibarmağın cırılmasının tikilməsi
2.6.666	Onikibarmaq bağırsağın fistulasının qapadılması
2.6.667	Nazik bağırsağın cırılmasının tikilməsi (onikibarmaq bağırsaq istisna)
2.6.668	Nazik bağırsağın fistulasının qapadılması (onikibarmaq bağırsaq istisna)
2.6.669	Yoğun bağırsağın cırılmasının tikilməsi
2.6.67	Qasser qanqlionektomiya
2.6.670	Yoğun bağırsağın fistulasının qapadılması
2.6.671	Yoğun bağırsaqda aparılan intraabdominal manipulyasiya (Mezasiqmoplikasiya, Hagentonun əməliyyatı)
2.6.672	Nazik bağırsağın anastomozunun reviziyası
2.6.673	Yoğun bağırsağın anastomozunun reviziyası
2.6.674	Appendektomiya
2.6.675	Laparoskopik appendektomiya
2.6.676	Digər appendektomiya növləri (ağırlaşmış)
2.6.677	Yanaşı appendektomiya
2.6.678	Düz bağırsağın açıq biopsiyası
2.6.679	Düz bağırsağın zədələnmə və ya toxumasının yerli kəsiklə çıxarılması və ya destruksiyası
2.6.68	Kranial və periferik sinir, ya da qanqliyalarda aparılan digər diaqnostik prosedurlar (sinir biopsiyası)
2.6.680	Rektal zədələnmə və ya toxumasının radikal elektrokoaqulasiyası (Rektal toxuma zədələnməsinin radikal elektrokoaqulasiyası)
2.6.681	Düz bağırsağın transanal rezeksiyası
2.6.682	Düz bağırsağın submukoz rezeksiyası (Endorektal transanal rezeksiyası)
2.6.683	Düz bağırsağın laparoskopik transanal rezeksiyası
2.6.684	Düz bağırsağın digər transanal rezeksiyası (Abdominoperineal transanal rezeksiyası)
2.6.685	Düz bağırsağın abdominoperineal rezeksiyası (kolostoma ilə birlıkdə)
2.6.686	Düz bağırsağın laparoskopik abdominoperineal rezeksiyası
2.6.687	Düz bağırsağın açıq abdominoperineal rezeksiyası
2.6.688	Düz bağırsağın anterior (ön) rezeksiyası müştərək kolostomiya ilə birlikdə
2.6.689	Düz bağırsaq cırılmasının tikilməsi
2.6.69	Kranial və periferik sinirlərin tikilməsi
2.6.690	Abdominal proktopeksiya (Fridman proseduru. Rektal prolapsın Ripştein üsulu ilə bərpası)
2.6.691	Digər proktopeksiya növləri (Sallanmış düz bağırsağın Delorme bərpası. Proktosiqmoidopeksiya)
2.6.692	Düz bağırsağın digər bərpa növləri
2.6.693	Perirektal toxumanın kəsilməsi (Rektovaginal çəpərin kəsilməsi)
2.6.694	Perirektal fistulanın bərpası
2.6.695	Perianal absesin kəsilməsi
2.6.696	Anal fistulotomiya
2.6.697	Anal fistulektomiya
2.6.698	Perianal toxumanın biopsiyası (açıq)
2.6.699	Anusun biopsiyası (açıq)
2.6.7	İki vaskulyar stentin taxılması (Hər növbəti stent dərman örtüklü və ya sadə metal olmasından asılı olmayaraq)
2.6.70	Üçlü sinir kökcüyünün dekompressiyası
2.6.700	Anusun zədələnmə və ya toxumasının endoskopik kəsiklə çıxarılması və ya destruksiyası
2.6.701	Hemorroidal düyünlərinə inyeksiya (sklerozlaşdırıcı maddə ilə)
2.6.702	Hemorroidal düyünlərinin skobalanması və kauterizasiyası
2.6.703	Hemorroidal düyünlərinin krioterapiya vasitəsilə destruksiyası
2.6.704	Hemorroidal düyünlərinə liqaturanın qoyulması (lateks həlqələr ilə)
2.6.705	Hemorroidal düyünlərin kəsiklə çıxarılması (Hemorroidektomiya klassik)
2.6.706	Trombozlaşmış hemorroidal düyünlərinin evakuasiyası
2.6.707	Sol lateral anal sfinkterotomiya
2.6.708	Arxa anal sfinkterotomiya
2.6.709	Anusun cırılmasının tikilməsi
2.6.71	Digər kranial sinirin dekompressiyası
2.6.710	Anal saxlamaması səbəbindən “gracilis” əzələnin autotransplantantı
2.6.711	Süni anal sfinkterin implantasiyası və ya reviziyası
2.6.712	Anal sfinkterin digər bərpa növləri (Anusun köhnə mamalıq cırılmanın bərpası)
2.6.713	Hepatotomiya (Qaraciyər absesinin kəsilməsi. Qaraciyərdən öd daşlarının çıxarılması. Stromyer-Little əməliyyatı)
2.6.714	Qaraciyərin açıq biopsiyası (Pazvari biopsiya)
2.6.715	Laparoskopik qaraciyər biopsiyası
2.6.716	Qaraciyər zədələnməsinin marsupializasiyası
2.6.717	Hissəvi hepatektomiya (Pazvari rezeksiya)
2.6.718	Qaraciyər zədələnmənin digər yollarla destruksiyası (Debridman, Kauterizasiya, Enukleasiya, Evakuasiya)
2.6.719	Qaraciyərin lobektomiyası
2.6.72	Bilək kanalının azad edilməsi
2.6.720	Qaraciyər cırılmasının təmiri
2.6.721	Qaraciyərin digər bərpa növləri (Hepatopeksiya)
2.6.722	Öd kisəsinin perkutan aspirasiyası (Drenaj üçün perkutan xolesistotomiya)
2.6.723	Endoskopik retroqrad xolangiopankreatoqrafiya (ERCP)
2.6.724	Öd kisəsinin və ya öd yollarının açıq biopsiyası
2.6.725	Xolesistektomiya
2.6.726	Laparoskopik xolesistektomiya
2.6.727	Xoledoxoenterostomiya
2.6.728	Hepatik axarın qastrointestinal traktına anastomozu (Kasai portoenterostomiya)
2.6.729	Daşların çıxarılması üçün ümumi axarının kəsilməsi (Xoledoxolitotomiya)
2.6.73	Tarzal tunelin azad edilməsi
2.6.730	Dekompressiya üçün xoledoxohepatik borunun taxılması (Dekompressiya üçün xoledoxohepatik traktın kateterizasiyası. Hepatoxoledoxostomiya)
2.6.731	Sistik axarın qalığının kəsiklə çıxarılması (Eksiziya)
2.6.732	Öd axarların və ya Oddi sfinkterin zədələnməsinin endoskopik kəsiklə çıxarılması və ya destruksiyası
2.6.733	Ümumi öd axarının birincili tikilməsi
2.6.734	Xoledoxoplastika (ümumi öd axarının fistulasının bərpası)
2.6.735	Oddi sfinkterin dilatasiyası (Vater ampulasının dilatasiyası)
2.6.736	Ampula və öd axarının endoskopik dilatasiyası
2.6.737	Öd kisənin cırılmasının bərpası
2.6.738	Öd yollarının anastomozun reviziyası
2.6.739	Pankreatik sistin kateter vasitəsilə drenaj edilməsi
2.6.74	Digər periferik sinir və ya qanqliyanın dekompressiyası və ya bitişmələrin lizisi
2.6.740	Digər pankreatotomiya (Pankreatolitotomiya)
2.6.741	Mədəaltı vəzinin açıq biopsiyası
2.6.742	Pankreatik axarın zədələnmə və ya toxumasının endoskopik kəsiklə çıxarılması və ya destruksiyası
2.6.743	Pankreatik sistin marsupializasiyası
2.6.744	Pankreatik sistin daxili drenajı (Pankreatikosistoduodenostomiya.Pankreatikosistoqastrostomiya.Pankreatikosistoyeyunostomiya)
2.6.745	Proksimal pankreatektomiya
2.6.746	Distal pankreatektomiya
2.6.747	Radikal subtotal pankreatektomiya
2.6.748	Total pankreatektomiya
2.6.749	Radikal pankreatikoduodenektomiya
2.6.75	Kranial və ya periferik sinir qrefti (sinir qreftinin alınması)
2.6.750	Mədəaltı vəzinin digər bərpa növləri (Mədəaltı vəzinin sadə tikilməsi)
2.6.751	Mədəaltı vəzinin anastomozu (Puestow əməliyyatı)
2.6.752	Düz qasıq yırtığının digər və açıq bərpası (düz qasıq yırtığının birtərəfli açıq üsulla bərpası, qreft istifadə olunmadan)
2.6.753	Çəp qasıq yırtığının digər və açıq bərpası (çəp qasıq yırtığının birtərəfli açıq üsulla bərpası, qreft istifadə olunmadan)
2.6.754	Düz qasıq yırtığının qreft və ya protezlə digər və açıq bərpası (düz qasıq yırtığının birtərəfli açıq üsulla bərpası, qreft istifadə olunmaqla)
2.6.755	Çəp qasıq yırtığının qreft və ya protezlə digər və açıq bərpası (çəp qasıq yırtığının birtərəfli açıq üsulla bərpası, qreft istifadə olunmaqla)
2.6.756	Düz qasıq yırtığının digər və açıq ikitərəfli bərpası (düz qasıq yırtığının ikitərəfli açıq üsulla bərpası, qreft istifadə olunmadan)
2.6.757	Çəp qasıq yırtığının digər və açıq ikitərəfli bərpası (çəp qasıq yırtığının ikitərəfli açıq üsulla bərpası, qreft istifadə olunmadan)
2.6.758	Düz qasıq yırtığının qreft və ya protezlə digər və açıq ikitərəfli bərpası (düz qasıq yırtığının ikitərəfli açıq üsulla bərpası, qreft istifadə olunmaqla)
2.6.759	Çəp qasıq yırtığının qreft və ya protezlə digər və açıq ikitərəfli bərpası (çəp qasıq yırtığının ikitərəfli açıq üsulla bərpası, qreft istifadə olunmaqla)
2.6.76	Kranial və periferik sinirlərin transpozisiyası
2.6.760	Bud yırtığının birtərəfli bərpası (qreft istifadə olunmadan)
2.6.761	Bud yırtığının qreft və ya protezlə birtərəfli bərpası (bud yırtığının birtərəfli bərpası, qreft istifadə olunmaqla)
2.6.762	Bud yırtığının ikitərəfli bərpası (qreft istifadə olunmadan)
2.6.763	Bud yırtığının ikitərəfli bərpası(qreft istifadə olunmaqla)
2.6.764	Göbək yırtığının bərpası (göbək yırtığının açıq üsulla bərpası, qreft istifadə olunmadan)
2.6.765	Göbək yırtığının qreft və ya protezlə digər və açıq bərpası (göbək yırtığının açıq üsulla bərpası, qreft istifadə olunmaqla)
2.6.766	Göbək yırtığının qreft və ya protezlə laparoskopik bərpası (göbək yırtığının laparoskopik bərpası, qreft istifadə olunmaqla)
2.6.767	Ön qarın divarının digər yırtıqlarının bərpası (ön qarın divarının yırtıqlarının açıq üsulla bərpası, qreft istifadə olunmadan)
2.6.768	Digər açıq kəsik yırtığının qreft və ya protezlə bərpası
2.6.769	Laparoskopik kəsik yırtığının qreft və ya protezlə bərpası
2.6.77	Kranial və ya periferik sinirin digər anastomozu
2.6.770	Ön qarın divarının digər yırtığının qreft və ya protezlə digər laparoskopik bərpası (ön qarın divarının yırtığının laparoskopik bərpası)
2.6.771	Ön qarın divarının digər yırtığının qreft və ya protezlə digər və ya açıq bərpası
2.6.772	Diafraqmal yırtığın laparoskopik bərpası (abdominal giriş)
2.6.773	Diafraqmal yırtığının digər və açıq bərpası, abdominal giriş (diafraqmal yırtığının açıq üsulla bərpası abdominal giriş)
2.6.774	Diafraqmal yırtığının bərpası, torakal giriş, başqa cür müəyyən edilməyib (diafraqmal yırtığının torakoabdominal bərpası)
2.6.775	Parasternal yırtığın bərpası
2.6.776	Diafraqmal yırtığın laparoskopik bərpası (torakal giriş)
2.6.777	Diafraqmal yırtığın digər və açıq bərpası, torakal giriş (diafraqmal yırtığının açıq üsulla bərpası torakal giriş)
2.6.778	Digər yırtığın bərpası (digər abdominopelvik yırtıqların işiatik, işiorektal, lumbar, obturator, retroperitoneal, şiatik bərpası)
2.6.779	Qarın divarında aparılan kəsiklər (ekstraperitoneal absesin drenləşdirilməsi, retroperitoneal absesin drenləşdirilməsi)
2.6.78	Kranial və periferik sinirlərin əvvəlcədən aparılan bərpasının reviziyası
2.6.780	Diaqnostika məqsədilə laparotomiya
2.6.781	Sonuncu laparotomiya yerinin təkrar açılması (Relaparotomiya)
2.6.782	Digər laparotomiya növləri (Laparotomiya, İntraperitoneal abses və ya hematomanın drenajı)
2.6.783	Peritonun biopsiyası (Laparoskopik peritonun biopsiyası, müsariqə, piylik, peritoneal implant)
2.6.784	Peritoneal lavaj
2.6.785	Qarın boşluğu və ya göbəyin zədələnmə və ya toxumasının kəsiklə çıxarılması və ya destruksiyası (Qarın divarının və ya göbəyin zədələnməsinin və ya destruksiyasının kəsiklə çıxarılması. Qarın divarının cərrahi təmizlənməsi. Debridman, Omfalektomiya)
2.6.786	Peritoneal bitişmələrin lizisi
2.6.787	Periton bitişmələrin laparoskopik lizisi
2.6.788	Periton bitişmələrin digər lizis yolları
2.6.789	Qarın divarının əməliyyatdan sonrakı aralanmasının təkrar qapadılması
2.6.79	Kranial və periferik sinirin köhnə travmatik zədələnməsinin bərpası
2.6.790	Qranulyasiya olunmuş qarın yarasının gecikmiş bağlanması (dərialtı yaranın gecikmiş bağlanması)
2.6.791	Qarın divarının digər tikilmə növləri (qarın divarının cırılmasının tikilməsi)
2.6.792	Peritonun ikincili tikilməsi
2.6.793	Qastrosxizisin təmiri
2.6.794	Müsariqənin digər bərpa növləri (Mezenterik plikasiya. Mezenteropeksiya)
2.6.795	Perkutan abdominal drenaj (Parasentez)
2.6.796	Periton boşluğundan yad cismin çıxarılması
2.6.797	Kutaneoperitoneal fistulanın yaradılması
2.6.798	Karbunkul və fleqmonada əməliyyat (kiçik)
2.6.799	Karbunkul və fleqmonada əməliyyat (orta)
2.6.8	Üç vaskulyar stentin taxılması (Hər növbəti stent dərman örtüklü və ya sadə metal olmasından asılı olmayaraq)
2.6.80	Digər neyroplastika
2.6.800	Karbunkul və fleqmonada əməliyyat (böyük)
2.6.801	Periton boşluğuna havanın vurulması (Pnevmoperitoneum)
2.6.802	Peritoneal dializ
2.6.803	Nefrostomiya (pielostomiya açıq üsulla)
2.6.804	Perkutan nefrostomiya, fraqmentasiya olunmadan
2.6.805	Perkutan nefrolitotomiya fraqmentasiya olunmaqla. Sidik axarına stentin yerləşdirilməsi ilə birlikdə
2.6.806	Pielotomiya
2.6.807	Nefroskopiya (diaqnostik)
2.6.808	Böyrəyin qapalı biopsiyası. Endoskopik biopsiya, mövcud nefrostoma, nefrotomiya, pielostoma və ya pielotomiya _x000D_ vasitəsilə
2.6.809	Böyrəyin açıq biopsiyası
2.6.81	Neyroektaziya
2.6.810	Böyrək zədələnməsinin marsupializasiyası
2.6.811	Hissəvi nefrektomiya (Kalikektomiya. Böyrəyin pazvari rezeksiyası)
2.6.812	Tam nefrektomiya
2.6.813	Nefroureterektomiya
2.6.814	Transplantasiya və ya rədd edilmiş böyrəyin çıxarılması
2.6.815	İkitərəfli nefrektomiya
2.6.816	Nefropeksiya
2.6.817	Böyrəyin cırılmasının tikilməsi
2.6.818	Böyrəyin fistulanın qapadılması
2.6.819	Ureteropelvik bağın korreksiyası (ləyən sidik axarı seqmentinin plastikası)
2.6.82	Qalxanabənzər sahənin yarasının təkrar açılması. Hemostaz və hematomların təmizlənməsi, yad cismin çıxarılması
2.6.820	Nefrostomiya və ya pielostomiya (perkutan üsulla). Böyrəyin (ləyənin) perkutan aspirasiyası
2.6.821	Nefrostoma borusunun dəyişdirilməsi
2.6.822	Pielostoma borusunun dəyişdirilməsi
2.6.823	Böyrəklərdə aparılan digər əməliyyatlar (böyrək kistasının ləğvi)
2.6.824	Sidik axarında aparılan əməliyyatlar (bitişmə əleyhinə baryer maddənin tətbiqi ilə birlikdə)
2.6.825	Sidik axarı və ya böyrək ləyəninin obstruksiyanın transuretral ləğvi (endoskopik)
2.6.826	Ureteral meatotomiya
2.6.827	Ureterotomiya (Litotomiya açıq)
2.6.828	Sidik axarının qapalı endoskopik biopsiyası
2.6.829	Ureterektomiya
2.6.83	Qalxanabənzər vəzinin açıq biopsiyası
2.6.830	Digər dərialtı ureterostomanın yaradılması (sidik axarının dəriyə anastomozu)
2.6.831	Bağırsağa aparılan urinar diversiya (sidik axarının bağırsağa anastomozu)
2.6.832	Ureteroneosistostomiya (sidik axarının sidik kisəsi yamağı vasitəsilə dəyişdirilməsi. Ureterovezikal anastomoz)
2.6.833	Sidik axarının bərpası (Uretero-uretero anastomoz)
2.6.834	Sidik axarının cırılmasının tikilməsi
2.6.835	Ureterostomanın qapadılması
2.6.836	Sidik axarının digər fistulanın qapadılması
2.6.837	Ureteral meatusun dilatasiyası
2.6.838	Sidik kisəsinin transuretral təmizlənməsi (endoskopik)
2.6.839	Sistotomiya və sistostomiya (açıq üsulla)
2.6.84	Birtərəfli tiroid lobektomiya
2.6.840	Perkutan sistostomiya
2.6.841	Sistolitotomiya (açıq və ya endoskopik)
2.6.842	Sidik kisənin transuretral biopsiyası
2.6.843	Sidik kisəsinin açıq biopsiyası
2.6.844	Sidik kisəsinin zədələnmə və ya toxumasının digər transuretral kəsiklə (endoskopik) çıxarılması və ya destruksiyası
2.6.845	Uraxusun kəsiklə çıxarılması
2.6.846	Hissəvi sistektomiya
2.6.847	Total sistektomiya
2.6.848	Sidik kisəsinin cırılmanın tikilməsi
2.6.849	Sistostomanın qapadılması
2.6.85	Digər hissəvi tiroidektomiya
2.6.850	Sidik kisəsi və bağırsağa sirayət edən fistulanın bərpası (rektovezikovaginal)
2.6.851	Sidik kisəsinin digər fistulanın bərpası
2.6.852	Sistouretroplastika və sidik kisəsinin boynunun plastik bərpası
2.6.853	Sidik kisəsinin ekstrofiyanın bərpası
2.6.854	Sidik kisəsinin rekonstruksiyası
2.6.855	Sidik kisəsinin digər anastomoz növləri
2.6.856	Sidik kisəsinin digər bərpa növləri (Sidik kisəsi sallanmaları)
2.6.857	Sidik kisəsinin sfinkterotomiyası
2.6.858	Sidik kisəsinin boynunun dilatasiyası
2.6.859	Sidik kisəsinin qanaxmasının dayandırılması (əməliyyatdan sonrakı)
2.6.86	Tam tiroidektomiya
2.6.860	Uretrotomiya
2.6.861	Uretral meatotomiya (xarici)
2.6.862	Uretranın biopsiyası (endoskopik)
2.6.863	Uretra zədələnmə və ya toxumasının endoskopik kəsiklə çıxarılması və ya destruksiyası
2.6.864	Uretra cırılmasının tikilməsi
2.6.865	Uretrostomanın qapadılması
2.6.866	Uretranın digər fistulanın qapadılması (rektouretral)
2.6.867	Uretranın reanastomozu
2.6.868	Hipospadiya və ya epispadiyanın bərpası
2.6.869	Uretral meatoplastika
2.6.87	Hissəvi substernal tiroidektomiya
2.6.870	Uretral strikturanın ləğvi (Uretral sfinkterin kəsilməsi. Daxili uretral meatotomiya. Uretrolizis)
2.6.871	Süni sidik sfinkterin implantasiyası (SSS)
2.6.872	Retropubik uretral asılma (Uretropeksiya)
2.6.873	Parauretral asılma
2.6.874	Uretrovezikal asılma üçün levator əzələsi əməliyyatı
2.6.875	Uretra və ya sidik kisəsinin boynuna implantın inyeksiyası
2.6.876	Uretral kateterizasiya (Urospiralın taxılması, sistoureteroskopiya ilə)
2.6.877	Prostatın açıq biopsiyası
2.6.878	Toxum kisəciklərin açıq biopsiyası
2.6.879	Digər transuretral prostatektomiya (Prostat vəzinin transuretral rezeksiyası TURP)
2.6.88	Tam substernal tiroidektomiya
2.6.880	Suprapubik prostatektomiya (açıq adenomektomiya)
2.6.881	Xayalıq və “tunica vaginalis”-də kəsilməsi və drenaj edilməsi
2.6.882	Hidroselenin kəsiklə çıxarılması (tunika vaginalisin) (Hidroselektomiya)
2.6.883	Xayalıq və 'tunica vaginalis'-in cırılmasının tikilməsi
2.6.884	Skrotal fistulanın bərpası
2.6.885	Xayanın açıq biopsiyası
2.6.886	Birtərəfli orxiektomiya
2.6.887	Bilateral orxiektomiya (ikitərəfli orxiektomiya)
2.6.888	Orxiopeksiya (xayalıqda xayanın mobilizasiyası)
2.6.889	Xayanın cırılmasının tikilməsi
2.6.89	Linqval tiroid hissənin çıxarılması
2.6.890	Toxum ciyəsinin varikosele və hidroselenin kəsiklə çıxarılması
2.6.891	Toxumdaşıyıcı kanalının sistinin kəsiklə çıxarılması (spermatoselektomiya)
2.6.892	Toxum ciyəsi və xaya artımının zədələnmə və ya toxumasının kəsiklə çıxarılması
2.6.893	Epididimektomiya
2.6.894	Toxum ciyəsi və xaya artımının cırılmasının tikilməsi
2.6.895	Xaya və ya toxum ciyəsinin dolanmasının reduksiyası (xaya burulması əməliyyatı)
2.6.896	Xaya artımı və toxumdaşıyıcı kanalının cırılmasının tikilməsi
2.6.897	Sünnət
2.6.898	Penisin biopsiyası (açıq)
2.6.899	Penisin amputasiyası
2.6.9	Dörd və ya daha çox vaskulyar stentin taxılması (Hər növbəti stent dərman örtüklü və ya sadə metal olmasından asılı olmayaraq)
2.6.90	Tiroqlossal axarın və ya traktın kəsiklə çıxarılması
2.6.900	Penisin cırılmasının tikilməsi
2.6.901	“Chordee”-in düzəldilməsi
2.6.902	Yumurtalıqlarda aparılan diaqnostik prosedurlar (Diaqnostik laparoskopiya)
2.6.903	Yumurtalığın laparoskopik biopsiyası
2.6.904	Yumurtalığın pazvari rezeksiyası
2.6.905	Yumurtalığın laparoskopik pazvari rezeksiyası
2.6.906	Yumurtalığın digər laparoskopik üsulla kəsilməsi və ya destruksiyası (Yumurtalıq kistasının laparoskopik çıxarılması)
2.6.907	Yumurtalığın kəsilməsinin və ya destruksiyasının digər üsulları (Yumurtalığın biseksiyası. Yumurtalığın katerizasiyası. Yumurtalığın hissəvi rezeksiyası)
2.6.908	Birtərəfli ovariektomiya
2.6.909	Laparoskopik birtərəfli ovariektomiya
2.6.91	Tam paratiroidektomiya
2.6.910	Birtərəfli salpinqo-ovariektomiya
2.6.911	Laparoskopik birtərəfli salpinqo-ovariektomiya
2.6.912	Bir əməliyyat zamanı hər iki yumurtalığın digər üsulla çıxarılması (qadın kastrasiyası)
2.6.913	Bir əməliyyat zamanı hər iki yumurtalığın laparoskopik üsulla çıxarılması
2.6.914	Bir əməliyyat zamanı hər iki yumurtalığın və boruların digər üsulla çıxarılması
2.6.915	Bir əməliyyat zamanı hər iki yumurtalığın və boruların laparoskopik üsulla çıxarılması
2.6.916	Tək qalmış yumurtalıq və borunun laparoskopik üsulla çıxarılması
2.6.917	Yumurtalıq və fallop borusu bitişmələrinin laparoskopik lizisi (adezyolizis)
2.6.918	Yumurtalıq və fallop borusu bitişmələrinin digər yollarla lizisi (laparotomiya ilə adezyolizis)
2.6.919	Yumurtalığın aspirasiyası
2.6.92	Hissəvi paratiroidektomiya
2.6.920	Yumurtalığın kistasının manual cırılması
2.6.921	Yumurtalıqlar üzərində aparılan digər əməliyyatlar (Yumurtalığın drillinqi, laparoskopik)
2.6.922	Salpinqotomiya (laparoskopik)
2.6.923	Total birtərəfli salpinqektomiya
2.6.924	Total ikitərəfli salpinqektomiya
2.6.925	Digər salpinqektomiya (Kauterizasiya. Koaqulyasiya)
2.6.926	Boru hamiləliyinin ləğvi ilə birlikdə aparılan salpinqektomiya
2.6.927	Uşaqlıq boynunun konizasiyası
2.6.928	Servikal kistanın marsupializasiyası
2.6.929	Uşaqlıq boynunun zədələnmiş sahəsinin kauterizasiya vasitəsilə destruksiyası (Elektrokonizasiya. LEEP. LLETZ)
2.6.93	Tiroid istmusektomiya
2.6.930	Uşaqlıq boynunun amputasiyası (Serviksektomiya)
2.6.931	Uşaqlıq boynunun transabdominal serklyajı (Laparoskopik)
2.6.932	Daxili servikal dəliyin digər bərpası (Transvaginal serklyaj. Uşaqlıq boynunun çatışmazlığı zamanı tikişin qoyulması)
2.6.933	Uşaqlıq boynunun cırığının tikilməsi
2.6.934	Uşaqlıq toxumasının və ya uşaqlığın zədələnmiş sahəsinin destruksiyası və ya kəsilib çıxarılması (Endometrioz ocaqlarının laparoskopik koaqulyasiyası)
2.6.935	Endometriumun sinexiyalarının aralanması (Uşaqlıqdaxili bitişmələrin lizisi. Laparotomiya, laparoskopiya və ya histeroskopik üsulu ilə)
2.6.936	Uşaqlığın anadangəlmə arakəsməsinin kəsilməsi və ya kəsilib çıxarılması (Metroplastika əməliyyatı. Histeroskopiya ilə septum rezeksiyası)
2.6.937	Endometriumun ablasiyası (Histeroskopiya ablasiya)
2.6.938	Uşaqlığın zədələnmə sahələrinin kəsilib çıxarılmasının və ya destruksiyasının digər növləri (Miomektomiya. Laparoskopik miomektomiya. Histeroskopiya ilə polip rezeksiyası. Histeroskopik miomektomiya)
2.6.939	Laparoskopik supraservikal histerektomiya (LSH)
2.6.94	Hipofizin biopsiyası, transfrontal giriş
2.6.940	Digər və dəqiqləşdirilməmiş subtotal abdominal histerektomiya (Supraservikal histerektomiya)
2.6.941	Laparoskopik total abdominal histerektomiya (TLH)
2.6.942	Digər və dəqiqləşdirilməmiş total abdominal histerektomiya
2.6.943	Laparoskopik assistensiya ilə vaginal histerektomiya (LAVH)
2.6.944	Digər və dəqiqləşdirilməmiş vaginal histerektomiya
2.6.945	Laparoskopik radikal abdominal histerektomiya (TLRH)
2.6.946	Digər və dəqiqləşdirilməmiş radikal abdominal histerektomiya
2.6.947	Laparoskopik radikal vaginal histerektomiya (LRVH)
2.6.948	Digər və dəqiqləşdirilməmiş radikal vaginal histerektomiya
2.6.949	Dilyatasiya və uşaqlığın küretajı (Uşaqlığın diaqnostik qaşınması)
2.6.95	Hipofizin biopsiyası, transfenoidal giriş
2.6.950	Hamiləliyi pozmaq məqsədilə dilyatasiya və küretaj (Süni abort, doqquz həftədən sonra)
2.6.951	Doğuşdan və ya düşükdən sonra dilyatasiya və küretaj
2.6.952	Digər dilyatasiya və küretaj (Hamiləliyi pozmaq məqsədilə 14-20 həftə arasında)
2.6.953	Uşaqlığın saxlayıcı strukturlarının bərpası (Laparoskopik ligamentopeksiya əməliyyatları)
2.6.954	Uşaqlığın asılmasının digər növləri (Uşaqlığın suspenziyası, Laparoskopiya ilə uşaqlığın suspenziyası)
2.6.955	Uşaqlıq və saxlayıcı strukturlarda digər bərpa əməliyyatları. Uşaqlıqda prolaps zamanı laparoskopik korreksiya
2.6.956	Uşaqlığın paraservikal denervasiyası (Laparoskopik uterosakral denervasiya)
2.6.957	Hamiləliyi pozmaq məqsədilə uşaqlığın aspirasion küretajı (Doqquz həftəsinə qədər abort)
2.6.958	Doğuşdan və ya abortdan sonra aspirasion küretaj (Doğuşdan və ya düşükdən sonra aspirasion küretaj, Karman aspirasiyası)
2.6.959	Uşaqlığın digər aspirasion küretajı
2.6.96	Hipofizin biopsiyası, müəyyən edilməmiş giriş
2.6.960	Medikamentoz abort (Medikamentoz abort, küretaj daxil, doqquz həftədən sonra)
2.6.961	Uşaqlıq boynunun kəsilməsi (Uşaqlıq boynunun eksiziyası (konizasiyası)
2.6.962	Uşaqlıq boynundan digər yad cisimlərin xaric edilməsi (Histeroskopiya ilə yad cismin çıxarılması)
2.6.963	Himenotomiya (Himenin açılması)
2.6.964	Uşaqlıq yolunda mənfəzdaxili bitişmələrin lizisi (Vaginal bitişmənin açılması)
2.6.965	Digər vaginotomiya (Vaginal septumun kəsilməsi)
2.6.966	Sistoselenin bərpası (Ön kolporafiya, uretroselenin bərpası ilə)
2.6.967	Rektoselenin bərpası (Arxa kolporafiya)
2.6.968	Rektovaginal fistulanın bərpası
2.6.969	Uşaqlıq yolunun digər fistulasının aradan qaldırılması
2.6.97	Epifizin biopsiyası
2.6.970	Vaginal asılma və fiksasiya
2.6.971	Bartolin vəzinin (kistanın) kəsilib çıxarılması və ya digər destruksiyası
2.6.972	Bartolin vəzidə digər əməliyyatlar (Bartolin vəzi absesinin açılması)
2.6.973	Vulvanın və aralığın lokal kəsilib çıxarılmasının və destruksiyasının digər növləri (Skene vəzisinin aralanması)
2.6.974	Vulvanın və ya aralığın cırıqlarının tikilməsi
2.6.975	Vulvanın və ya aralığın fistulasının bərpası
2.6.976	Vulvada və aralıqda digər bərpa əməliyyatları (Köhnə mamalıq cırıqlarının bərpası)
2.6.977	Vulvada digər əməliyyatlar (Vulva kistinin kəsilib çıxarılması)
2.6.978	Doğuşa əllə yardım - Normal doğuş
2.6.979	Doğuşa əllə yardım, digər (Doğuşa əllə yardım - Normal doğuş, çoxdöllü hamiləlik)
2.6.98	Böyrəküstü vəzinin zədələnməsinin kəsiklə çıxarılması (Hissəvi adrenalektomiya)
2.6.980	Klassik Keysəriyyə kəsiyi əməliyyatı (Keysəriyyə kəsiyi əməliyyatı və dölün çıxarılması)
2.6.981	Borudan kənar ektopik hamiləliyin aradan qaldırılması (Ektopik abdominal və ya uşaqlıq borusu çırılmasından sonra dölün peritoneal və ya ekstraperitoneal boşluğundan çıxarılması)
2.6.982	Digər dəqiqləşdirilmiş Keysəriyyə əməliyyatı (çoxdöllü hamiləlik)
2.6.983	Diaqnostik amniosentez
2.6.984	Sidik kisəsinin və uretranın cari mamalıq cırığının bərpası
2.6.985	Düz bağırsaq və anal sfinkterin cari cırığının bərpası
2.6.986	Üz sümüyünün sekvestrektomiyası
2.6.987	Üz sümüyündə aparılan digər kəsiklər
2.6.988	Üz sümüyünün biopsiyası
2.6.989	Üz sümükləri və oynaqlarında aparılan digər diaqnostik prosedurlar
2.6.99	Birtərəfli adrenalektomiya
2.6.990	Üz sümüyünün yerli kəsiklə çıxarılması və ya destruksiyası
2.6.991	Hissəvi mandibulektomiya (Hemimandibulektomiya)
2.6.992	Digər üz sümüyünün hissəvi ostektomiyası
2.6.993	Müştərək rekonstruksiya ilə birlikdə aparılan total mandibulektomiya
2.6.994	Digər total mandibulektomiya
2.6.995	Alt çənin digər rekonstruksiya növləri
2.6.996	Digər üz sümüyünün total ostektomiyasının müştərək rekonstruksiya ilə birlikdə aparıldığı hallar
2.6.997	Digər üz sümüyünün digər total ostektomiya növləri
2.6.998	Digər üz sümüyünün digər rekonstruksiya növləri
2.6.999	Temporomandibular artroplastika / Gicgah-çənə oynağının artroplastikası
2.7.1	Miokard infarktı
2.7.1.1	Miokardın ön divarının kəskin transmural infarktı
2.7.1.10	Mədəciklərarası arakəsmənin qüsuru - kəskin miokard infarktının cari ağırlaşması kimi
2.7.1.11	Hemoperikard yaranmadan ürək divarının cırılması-kəskin miokard infarktının cari ağırlaşması kimi
2.7.1.12	Vətər xordasının cırılması-kəskin miokard infarktının cari ağırlaşması kimi
2.7.1.13	Aralığın, ürək qulaqcığı və mədəciyinin trombozu - kəskin miokard infarktının cari ağırlaşması kimi
2.7.1.14	Kəskin miokard infarktının digər cari ağırlaşmaları
2.7.1.15	Dressler sindromu
2.7.1.2	Miokardın aşağı divarının kəskin transmural infarktı
2.7.1.3	Miokardın digər dəqiqləşdirilmiş lokalizasiyalı kəskin transmural infarktı
2.7.1.4	Miokardın kəskin subendokardial infarktı
2.7.1.5	Miokardın ön divarının təkrar infarktı
2.7.1.6	Miokardın aşağı divarının təkrar infarktı
2.7.1.7	Miokardın digər dəqiqləşdirilmiş lokalizasiyalı təkrar infarktı
2.7.1.8	Hemoperikard-kəskin miokard infarktının yaxın ağırlaşması kimi
2.7.1.9	Qulaqcıqlararası arakəsmənin qüsuru-kəskin miokard infarktının cari ağırlaşması kimi
2.7.10	Ürək qüsurları
2.7.10.1	Mitral (qapağın) çatışmazlıq (çatışmazlığı)
2.7.10.10	Üçtaylı qapağın qeyri-revmatik çatışmazlığı
2.7.10.11	Üçtaylı qapağın çatışmazlığı ilə müşayiət olunan qeyri-revmatik stenozu
2.7.10.12	Üçtaylı qapağın digər qeyri-revmatik zədələnmələri
2.7.10.13	Ağciyər arteriyası qapağının stenozu
2.7.10.14	Ağciyər arteriyası qapağının çatışmazlığı
2.7.10.15	Ağciyər arteriyası qapağının çatışmazlığı ilə müşayiət olunan stenozu
2.7.10.16	Ağciyər arteriyası qapağının digər zədələnmələri
2.7.10.17	Qulaqcıq artımının izomeriyası
2.7.10.18	Ürək kameralarının və birləşmələrinin digər anadangəlmə anomaliyaları
2.7.10.19	Ürək kameralarının və birləşmələrinin dəqiqləşdirilməmiş anadangəlmə anomaliyası
2.7.10.2	Mitral qapağın (prolapsı) düşməsi
2.7.10.20	Ürək arakəsmələrinin digər anadangəlmə anomaliyaları
2.7.10.21	Ürək arakəsməsinin dəqiqləşdirilməmiş anadangəlmə anomaliyası
2.7.10.22	Ağciyər arteriyası qapaqlarının digər anadangəlmə qüsurları
2.7.10.23	Üçtaylı qapağın digər anadangəlmə anomaliyaları
2.7.10.24	Üçtaylı qapağın dəqiqləşdirilməmiş anadangəlmə anomaliyası
2.7.10.25	Aorta və mitral qapaqların digər anadangəlmə anomaliyaları
2.7.10.26	Aorta və mitral qapaqların dəqiqləşdirilməmiş anadangəlmə anomaliyası
2.7.10.27	Dekstrokardiya
2.7.10.28	Levokardiya
2.7.10.29	Tac damarlarının inkişaf anomaliyaları
2.7.10.3	Mitral qapağın qeyri-revmatik stenozu
2.7.10.30	Ürəyin dəqiqləşdirilmiş anadangəlmə anomaliyaları
2.7.10.31	Dəqiqləşdirilməmiş anadangəlmə ürək qüsuru
2.7.10.32	Aortanın digər anadangəlmə anomaliyaları
2.7.10.33	Ağciyər arteriyasının digər anadangəlmə anomaliyaları
2.7.10.34	İri arteriyaların digər anadangəlmə anomaliyaları
2.7.10.35	İri arteriyaların dəqiqləşdirilməmiş anadangəlmə anomaliyaları
2.7.10.36	Sol yuxarı baş venanın saxlanması
2.7.10.37	Ağciyər venalarının birləşməsinin hissəvi anomaliyası
2.7.10.38	Ağciyər venalarının birləşməsinin dəqiqləşdirilməmiş anomaliyası
2.7.10.39	İri venaların digər anadangəlmə anomaliyaları
2.7.10.4	Mitral qapağın digər qeyri-revmatik zədələnmələri
2.7.10.40	İri venanın dəqiqləşdirilməmiş inkişaf qüsuru
2.7.10.41	Böyrək arteriyasının digər inkişaf qüsurları
2.7.10.42	Periferik arteriovenoz inkişaf qüsuru
2.7.10.43	Anadangəlmə flebektaziya
2.7.10.44	Periferik damar sisteminin digər dəqiqləşdirilmiş anadangəlmə anomaliyaları
2.7.10.45	Periferik damar sisteminin dəqiqləşdirilməmiş anadangəlmə anomaliyası
2.7.10.46	Preserebral damarların arteriovenoz inkişaf anomaliyası
2.7.10.47	Preserebral damarların digər inkişaf qüsurları
2.7.10.48	Serebral damarların arteriovenoz inkişaf qüsuru
2.7.10.49	Serebral damarların digər inkişaf qüsurları
2.7.10.5	Aorta (qapaq) stenozu
2.7.10.50	Qan-damar sisteminin dəqiqləşdirilmiş digər anadangəlmə anomaliyaları
2.7.10.51	Qan-damar sisteminin dəqiqləşdirilməmiş anadangəlmə anomaliyası
2.7.10.52	Mitral stenoz
2.7.10.53	Mitral qapağın revmatik mənşəli çatışmazlığı
2.7.10.54	Çatışmazlıqla müşayiət olunan mitral stenoz
2.7.10.55	Mitral qapağın digər xəstəlikləri
2.7.10.56	Çatmamazlıqla müşayiət olunan revmatik aortal stenoz
2.7.10.6	Aorta (qapaq) çatışmazlığı
2.7.10.7	Çatışmazlıqla müşaiyət olunan aorta (qapaq) stenozu
2.7.10.8	Aorta qapağının digər zədələnmələri
2.7.10.9	Üçtaylı qapağın qeyri-revmatik stenozu
2.7.100	Aplastik anemiyalar
2.7.100.1	Dərman mənşəli aplastik anemiya
2.7.100.2	Digər xarici amillərin təsirindən törənən aplastik anemiya
2.7.101	Kəskin posthemorragik anemiya
2.7.101.1	Kəskin posthemorragik anemiya
2.7.102	Digər anemiyalar
2.7.102.1	Krizsiz müşayiət olunan orağabənzər hüceyrəli anemiya
2.7.102.2	İkiqat heteroziqot orağabənzər hüceyrəli pozuntular
2.7.102.3	Dərman preparatları və ya toksinlər tərəfindən törədilən ikincili sideroblast anemiya
2.7.103	Digər dəqiqləşdirilmiş hemorragik vəziyyətlər və laxtalanma pozuntuları
2.7.103.1	Digər dəqiqləşdirilmiş laxtalanma pozuntuları
2.7.103.2	Digər qeyri-trombositopenik purpura
2.7.103.3	Digər birincili trombositopeniyalar
2.7.103.4	Digər dəqiqləşdirilmiş hemorragik vəziyyətlər
2.7.104	Qаnın lахtаlаnma pozuntuları
2.7.104.1	Qanda dövr edən antikoaqulyantların təsirindən əmələ gələn hemorragik pozuntular
2.7.104.2	Laxtalanma amilinin qazanılmış çatışmazlığı
2.7.104.3	Disseminə olunmuş damardaxili laxtalanma (defibrinasiya sindromu)
2.7.105	Purpura və digər hemorragik vəziyyətlər
2.7.105.1	Allergik purpura
2.7.105.2	Trombositlərin keyfiyyət qüsurları: Bernar-Sulye sindromu, Qlastman trombasteniyası
2.7.105.3	İdiopatik trombositopenik purpura
2.7.105.4	İkincili trombositopeniyalar
2.7.106	Aqranulositoz. Polimorf-nüvəli neytrofillərin funksional pozuntusu. Ağ qan hüceyrələrin digər pozuntuları. Dalaq xəstəlikləri
2.7.106.1	Aqranulositoz
2.7.106.2	Polimorf-nüvəli neytrofillərin funksional pozuntuları
2.7.106.3	Ağ qan hüceyrələrinin digər dəqiqləşdirilmiş pozuntuları
2.7.106.4	Hiposplenizm əməliyyatından sonrakı aspleniya
2.7.106.5	Hipersplenizm
2.7.106.6	Digər methemoqlobinemiyalar
2.7.107	Qanın və digər qanyaradıcı orqanların digər xəstəlikləri
2.7.107.1	İkincili polisitemiya
2.7.108	Limforetikulyar toxumanın və retikulohistositar sistemin prosesə cəlb oluması ilə keçən digər xəstəliklər
2.7.108.1	İnfeksiya ilə bağlı olan hemofaqositar sindrom
2.7.109	Keçici tranzitor serebral işemik tutmalar (həmlələr) və oxşar sindromlar
2.7.109.1	Vertebrobazilyar arterial sistem sindromu
2.7.109.10	Xalis hərəki lakunar sindrom (I60-I67+)
2.7.109.11	Xalis hissi lakunar sindrom (I60-I67+)
2.7.109.12	Damar mielopatiyaları
2.7.109.13	Yuxu arteriyası (yarımkürə) sindromu
2.7.109.14	Digər tranzitor serebral işemik həmlələr və onunla bağlı sindromlar
2.7.109.15	Digər lakunar sindrom (I60-I67)
2.7.109.16	Serebrovaskulyar xəstəliklərdə baş beynin digər damar mənşəli sindromları (I60–I67)
2.7.109.2	Serebral arteriyaların çoxsaylı və ikitərəfli sindromları
2.7.109.3	Keçici korluq
2.7.109.4	Tranzitor qlobal (keçici tam) amneziya
2.7.109.5	Orta beyin arteriyası sindromu (I66.0+)
2.7.109.6	Ön beyin arteriyası sindromu (I66.1+)
2.7.109.7	Arxa beyin arteriyası sindromu (I66.2+)
2.7.109.8	Baş-beyin kötüyündə insult sindromu (I60-I67+)
2.7.109.9	Beyincik insultu sindromu (I60-I67+)
2.7.11	Kardiomiopatiya
2.7.11.1	Genişlənmiş kardiomiopatiya
2.7.11.10	Digər rubrikalarda təsnif olunan infeksion və parazitar xəstəliklər zamanı müşahidə edilən kardiomiopatiya
2.7.11.11	Mübadilə pozuntuları zamanı müşahidə olunan kardiomiopatiya
2.7.11.12	Qidalanma pozuntuları zamanı müşahidə olunan kardiomiopatiya
2.7.11.13	Digər rubrikalarda təsnif olunan başqa xəstəliklər zamanı müşahidə edilən kardiomiopatiya
2.7.11.2	Obstruktiv hipertrofik kardiomiopatiya
2.7.11.3	Digər hipertrofik kardiomiopatiya
2.7.11.4	Endomiokardial (eozinofil) xəstəlik (-yi)
2.7.11.5	Endokardial fibroelastoz
2.7.11.6	Digər məhdudlaşdırıcı kardiomiopatiya
2.7.11.7	Alkoqol kardiomiopatiyası
2.7.11.8	Dərman maddələri və digər xarici amillərin təsirindən əmələ gələn kardiomiopatiya
2.7.11.9	Digər kardiomiopatiyalar
2.7.110	Mərkəzi sinir sisteminin iltihabi xəstəlikləri
2.7.110.1	Hemofil meningit
2.7.110.10	Digər dəqiqləşdirilmiş törədicilər tərəfindən törədilən meningit
2.7.110.11	Kəskin disseminə olunmuş ensefalit
2.7.110.12	Digər ensefalit, mielit və ensefalomielit
2.7.110.13	Afrika tripanosomozu (G05.2*)
2.7.110.14	Sinir sisteminin zədələnməsi ilə müşayiət olunan (xroniki) Şaqas xəstəliyi (G05.2*)
2.7.110.15	Neqleriaz (G05.2*)
2.7.110.16	Toksoplazmoz mənşəli meninqoensefalit (G05.2*)
2.7.110.17	Parastrongylus cantonensis tərəfindən törədilən angiostrongiloidoz (G05.2*)
2.7.110.18	Digər rubrikalarda təsnif olunan başqa xəstəliklərdə ensefalit, mielit və ensefalomielit
2.7.110.19	Kəllədaxili və onurğadaxili abses və qranuloma
2.7.110.2	Pnevmokokk meningiti
2.7.110.20	Mərkəzi sinir sisteminin iltihabi xəstəliklərinin nəticələri
2.7.110.21	Postensefalitik parkinsonizm
2.7.110.22	Lokallaşmış salmonellyoz infeksiyası (G01*)
2.7.110.23	Vərəm meningiti (G01*)
2.7.110.24	Meningeal tuberkuloma (G07*)
2.7.110.25	Sinir sisteminin digər lokalizasiyalı vərəmi (G05.0*, G07*, G63.0*)
2.7.110.26	Leptospiroz (G01*)
2.7.110.27	Listeriozlu meningit və meningoensefalit (G01*, G05.0*)
2.7.110.28	Meninqokokk meningiti (G01*)
2.7.110.29	Uoterxaus-Fridirexsen sindromu (E35.1*) (Meninqokokk mənşəli hemorragik adrenalit. Meninqokokk mənşəli adrenal sindrom)
2.7.110.3	Streptokokk meningiti
2.7.110.30	Kəskin meninqokokksemiya (sepsis)
2.7.110.31	Digər meninqokokk infeksiyaları (G05.0*)
2.7.110.32	Gecikmiş anadangəlmə neyrosifilis (yuvenil neyrosifilis) (G01*, G05.0*)
2.7.110.33	Ağcaqanadla yoluxan digər virus ensefalitləri
2.7.110.34	Gənə ilə yoluxan digər virus ensefalitləri
2.7.110.35	Enterovirus ensefaliti (G05.1*)
2.7.110.36	Adenovirus ensefaliti (G05.1*)
2.7.110.37	Letarqik ensefalit (Ekonomo-Fon xəstəliyi)
2.7.110.38	Enterovirus meningiti (G02.0*) Koksaki virusu tərəfindən törədilən meningit.ECHO-virusu tərəfindən törədilən meningit
2.7.110.39	Adenovirus meningiti (G02.0*)
2.7.110.4	Stafilokokk meningiti
2.7.110.40	Digər viruslu meningitlər
2.7.110.41	Herpetik meningit (G02.0*)
2.7.110.42	Herpetik ensefalit (G05.1*)
2.7.110.43	Meningitlə ağırlaşan su çiçəyi (G02.0*)
2.7.110.44	Ensefalitlə ağırlaşan su çiçəyi (G05.1*)
2.7.110.45	Ensefalitlə ağırlaşan kəmərləyici dəmrov (G05.1*)
2.7.110.46	Meningitlə ağırlaşan kəmərləyici dəmrov (G02.0*)
2.7.110.47	Ensefalitlə ağırlaşmış qızılca (G05.1*)
2.7.110.48	Meningitlə ağırlaşmış qızılca (G02.0*)
2.7.110.49	Nevroloji ağırlaşmalarla müşayiət olunan məxmərək (G02*, G05.1*)
2.7.110.5	Digər bakteriyalar tərəfindən törədilən meningit
2.7.110.50	Digər sitomeqalovirus xəstəlikləri (G05.1*)
2.7.110.51	Parotit mənşəli meningit (G02.0*)
2.7.110.52	Parotit mənşəli ensefalit (G05.1*)
2.7.110.53	İnfeksion mononukleoz (G02*)
2.7.110.54	Digər əlamətlərlə müşayiət olunan qrip, digər qrip virusu müəyyən olunub (G05.1*)
2.7.110.55	Digər əlamətlərlə müşayiət olunan qrip, virus müəyyən olunmamışdır (G05.1*)
2.7.110.56	Digər rubrikalarda təsnif olunan başqa dəqiqləşdirilmiş infeksion və parazitar xəstəliklərdə meningit
2.7.110.57	Tropik spastik paraplegiya
2.7.110.58	Digər rubrikalarda təsnif olunmayan bakterial meninqoensefalit
2.7.110.6	Mikozlarda meningit kandidoz, koksidomikoz, kriptokokkoz (B37.5, B38.4, B45.1)
2.7.110.7	Qeyri-piogen meningit
2.7.110.8	Xroniki meningit
2.7.110.9	Xoşxassəli residivləşən meningit (Mollare)
2.7.111	İrsi ataksiya, spinal əzələ atrofiyası və oxşar sindromlar
2.7.111.1	Anadangəlmə proqressivləşməyən ataksiya
2.7.111.2	Erkən beyincik ataksiyası
2.7.111.3	Gecikmiş beyincik ataksiyası
2.7.111.4	DNT-nin reparasiya pozuntusu ilə gedən beyincik ataksiyası
2.7.111.5	Digər irsi ataksiya
2.7.111.6	İrsi spastik paraplegiya
2.7.111.7	I tip uşaq spinal əzələ atrofiyası (Verdniq-Hoffman)
2.7.111.8	Digər irsi spinal əzələ atrofiyaları Uşaqlarda proqressivləşən bulbar iflic (Fasio-Londe) Spinal əzələ atrofiyası
2.7.111.9	Hərəki neyronun xəstəliyi
2.7.112	Sinir sisteminin digər degenerativ xəstəlikləri
2.7.112.1	Baş beynin məhdud atrofiyası
2.7.112.2	Sinir sisteminin digər dəqiqləşdirilmiş degenerativ xəstəlikləri
2.7.113	Maddələr mübadiləsinin pozuntuları
2.7.113.1	Klassik fenilketonuriya
2.7.113.10	Sidik cövhəri mübadiləsinin pozuntusu
2.7.113.11	GM2 qanqliozidoz
2.7.113.12	Digər qanqliozidozlar
2.7.113.13	Digər sfinqolipidozlar
2.7.113.14	Neyronların lipofussinozu
2.7.113.15	I tip mukopolisaxaridoz
2.7.113.16	II tip mukopolisaxaridoz
2.7.113.17	Digər mukopolisaxaridozlar
2.7.113.18	Lizosom fermentlərin posttranslyasion modifikasiyasının defektləri
2.7.113.19	Qlikoproteinlərin deqradasiya defekti
2.7.113.2	Hiperfenilalaninemiyanın digər növləri
2.7.113.20	Leş-Nixen sindromu
2.7.113.21	İrsi eritropoetik porfiriya
2.7.113.22	Ləng gedişli dəri porfiriyası
2.7.113.23	Digər porfiriyalar İrsi koproporfiriya Porfiriya
2.7.113.24	Mis mübadiləsinin pozuntuları
2.7.113.25	Dəmir mübadiləsinin pozuntuları
2.7.113.3	Tirozin mübadiləsinin pozuntusu
2.7.113.4	Aromatik aminturşu mübadiləsinin digər pozuntuları
2.7.113.5	“Ağcaqayın şirəsi” xəstəliyi
2.7.113.6	Şaxəli zəncirli aminturşularının digər pozuntusu
2.7.113.7	Yağ turşuları mübadiləsinin pozuntuları
2.7.113.8	Aminturşuların nəqlinin pozuntusu
2.7.113.9	Kükürd tərkibli aminturşuların mübadiləsinin pozuntusu
2.7.114	Epilepsiya. Epileptik status. Diskinetik serebral iflic
2.7.114.1	Fokal başlanığıclı qıcolma tutmaları ilə müşahidə olunan lokalizə olunmuş (fokal) (parsial) idiopatik epilepsiya və epileptik sindromlar
2.7.114.10	Epileptik status (petit mal) (kiçik tutmalar)
2.7.114.11	Mürəkkəb parsial epileptik status
2.7.114.12	Digər dəqiqləşdirilmiş epileptik status
2.7.114.2	Sadə parsial tutmalarla müşahidə olunan lokalizə olunmuş (fokal) (parsial) simptomatik epilepsiya və epileptik sindromlar
2.7.114.3	Kompleks parsial qıcolma tutmaları ilə müşahidə olunan lokalizə olunmuş (fokal) (parsial) simptomatik epilepsiya və epileptik sindromlar
2.7.114.4	Generalizə olunmuş idiopatik epilepsiya və epileptik sindromlar
2.7.114.5	Generalizə olunmuş epilepsiyanın və epileptik sindromların digər növləri
2.7.114.6	Xüsusi epileptik sindromlar
2.7.114.7	Diskinetik serebral iflic
2.7.114.8	Epilepsiyanın digər formaları
2.7.114.9	Epileptik status grand mal (generalizə olunmuş)
2.7.115	Depressiv epizod. Streslə bağlı və somatoform nevrotik pozuntular. Miqren. Digər baş ağrı sindromları, vegetativ sinir sisteminin pozuntusu
2.7.115.1	Orta dərəcəli depressiv epizod
2.7.115.10	Dissosiativ fuqa
2.7.115.11	Dissosiativ stupor
2.7.115.12	Trans və mübtəlalıq
2.7.115.13	Dissosiativ hərəkət pozuntuları
2.7.115.14	Dissosiativ konvulsiyalar
2.7.115.15	Dissosiativ anesteziya və ya hissi qavramanın itirilməsi
2.7.115.16	Qarışıq dissosiativ (konversion) pozuntular
2.7.115.17	Digər dissosiativ (konversion) pozuntular
2.7.115.18	Differensiasiya olunmuş somatoform pozuntusu
2.7.115.19	Davamlı somatorofm ağrı pozuntusu
2.7.115.2	Generalizə edilmiş həyəcan pozuntusu
2.7.115.20	Ailəvi dizavtonomiya (Rayil-Deya)
2.7.115.21	Polisistem degenerasiya
2.7.115.22	Horner sindromu
2.7.115.23	Alqoneyrodistrofiya
2.7.115.24	Reyno sindromu
2.7.115.25	Aura ilə müşahidə olunan miqren (klassik miqren)
2.7.115.26	Miqrenoz status
2.7.115.27	Gərginlik tipli baş ağrısı_x000D_ (Gərginliklə bağlı xroniki baş ağrısı.Gərginliklə bağlı epizodik baş ağrısı. Gərginliklə bağlı ƏGO baş ağrısı)
2.7.115.28	Histamin baş ağrısı sindromu
2.7.115.29	Başqa rubrikalarda təsnif olunmayan damar mənşəli baş ağrısı
2.7.115.3	Qarışıq həyəcan və depressiv pozuntular
2.7.115.30	Xroniki posttravmatik baş ağrısı
2.7.115.31	Başqa rubrikalarda təsnif olunmayan dərman qəbulu ilə bağlı baş ağrısı
2.7.115.32	Avtonom refleks pozuntusu
2.7.115.33	Vegetativ (avtonom) sinir sisteminin digər pozuntuları
2.7.115.4	Digər qarışıq həyəcan pozuntuları
2.7.115.5	Digər dəqiqləşdirilmiş həyəcan pozuntuları
2.7.115.6	Stresə qarşı kəskin reaksiya
2.7.115.7	Posttravmatik stres pozuntusu
2.7.115.8	Uyğunlaşdırıcı reaksiyaların pozuntusu
2.7.115.9	Dissosiativ amneziya
2.7.116	Başın və onurğa beynin və sinirlərin travması
2.7.116.1	Blok sinirinin travması
2.7.116.10	Bel-oma sinir kələfinin travması
2.7.116.11	Bel-oma və çanaq simpatik sinirlərin travması
2.7.116.12	Qarnın, beldən aşağı hissənin və çanağın periferik sinirlərinin travması
2.7.116.13	Postkontuzion sindrom
2.7.116.14	Baş-beyinin silkələnməsi
2.7.116.15	Görmə siniri və aparıcı görmə yollarının travması
2.7.116.16	Gözün hərəki sinirinin travması
2.7.116.17	Üçlü sinirin travması
2.7.116.18	Uzaqlaşdırıcı sinirin travması
2.7.116.19	Üz sinirinin travması
2.7.116.2	Əlavə (qayıdan) sinirin travması
2.7.116.20	Eşitmə sinirinin travması
2.7.116.21	Digər kəllə sinirlərinin travması
2.7.116.3	Baş beynin travmatik ödemi
2.7.116.4	Boynun periferik sinirlərinin travması
2.7.116.5	Boyun şöbəsinin simpatik sinirlərinin travması
2.7.116.6	Onurğa beynin bel şöbəsinin silkələnməsi və ödemi
2.7.116.7	Onurğa beynin bel şöbəsinin digər travması
2.7.116.8	Onurğanın bel-oma şöbəsinin sinir kökünün travması
2.7.116.9	At quyruğunun travması
2.7.117	Onurğa beyninin digər xəstəlikləri
2.7.117.1	Onurğa beyninin digər dəqiqləşdirilmiş xəstəlikləri (dərman və şüalanma mənşəli mieolopatiya)
2.7.118	Sinir sisteminin digər pozuntuları
2.7.118.1	Əlaqəli hidrosefaliya
2.7.118.2	Obstruktiv hidrosefaliya
2.7.118.3	Normal təzyiqli hidrosefaliya
2.7.118.4	Xoşxassəli kəllədaxili hipertenziya
2.7.118.5	Beyin ödemi
2.7.118.6	Digər rubrikalarda təsnif olunan infeksion və parazitar xəstəliklərdə hidrosefaliya (A00-B99+)
2.7.118.7	Mədəciklərin şuntlanmasından sonra kəllədaxili hipertenziya
2.7.118.8	Doğuş travması zamanı beynin ödemi
2.7.119	Periferik sinir sisteminin xəstəlikləri və zədələnmələri
2.7.119.1	Üçlü sinirin nevralgiyası
2.7.119.10	Menyer xəstəliyi
2.7.119.11	Xoşxassəli paroksizmal başgicəllənmə
2.7.119.12	Vestibulyar neyronit
2.7.119.13	Dil-udlaq sinirinin zədələnməsi
2.7.119.14	Azan sinirin zədələnməsi
2.7.119.15	Dilaltı sinirin zədələnməsi
2.7.119.16	Kəllə sinirlərinin çoxsaylı zədələnməsi
2.7.119.17	Digər dəqiqləşdirilmiş kəllə sinirlərinin zədələnməsi
2.7.119.18	Bel-oma kələfinin zədələnməsi
2.7.119.19	Boyun sinir köklərinin digər rubrikalarda təsnif olunmayan zədələnməsi
2.7.119.2	Atipik üz ağrısı
2.7.119.20	Döş sinir köklərinin digər rubrikalarda təsnif olunmayan zədələnməsi
2.7.119.21	Oma-bel köklərinin digər rubrikalarda təsnif olunmayan zədələnməsi
2.7.119.22	Ətrafın ağrılı fantom sindromu
2.7.119.23	Sinir köklərinin və kələflərinin digər zədələnmələri
2.7.119.24	Bud sinirinin zədələnməsi
2.7.119.25	Ayaqaltı sinirin zədələnməsi
2.7.119.26	Kauzalgiya
2.7.119.27	Oturaq sinirinin zədələnməsi
2.7.119.28	Parestetik meralgiya
2.7.119.29	Bayır dizaltı peroneal sinirin zədələnməsi
2.7.119.3	Üçlü sinirin digər zədələnmələri
2.7.119.30	Orta dizaltı sinirin zədələnməsi
2.7.119.31	Ayaqdarağı kanal sindromu
2.7.119.32	Aşağı ətrafın digər mononevralgiyaları
2.7.119.33	Mononevropatiyaların digər dəqiqləşdirilmiş növləri
2.7.119.34	Diabetik mononevropatiya (E10-E14 ümümi dördüncü. 4+ işarəsi ilə)
2.7.119.35	Çoxsaylı mononevrit
2.7.119.36	İrsi motor və sensor nevropatiya
2.7.119.37	Refsum xəstəliyi
2.7.119.38	İrsi ataksiya ilə müşayiət olunan nevropatiya
2.7.119.39	Digər irsi və idiopatik nevropatiyalar
2.7.119.4	Bella iflici
2.7.119.40	Giyen-Barre sindromu Kəskin (post-) infeksion polinevrit Miller Fişer sindromu
2.7.119.41	Serum nevropatiyası
2.7.119.42	Digər iltihabı polinevropatiyalar
2.7.119.43	Dərman polinevropatiyaları
2.7.119.44	Digər toksiki maddələr tərəfindən törədilən polinevropatiyalar
2.7.119.45	Digər rubrikalarda təsnif olunan infeksion və parazitar xəstəliklərdə polinevropatiya
2.7.119.46	Diabetik polinevropatiya (E10-E14 ümümi dördüncü .4+ işarəsi ilə)
2.7.119.47	Digər endokrin xəstəliklərdə və maddələr mübadiləsi pozuntularında polinevropatiya (E00-E07+,E15-E16+,E20-E34+,E70-E89+)
2.7.119.48	Qidalanma çatışmazlığında polinevropatiya (E40-E64)
2.7.119.49	Birləşdirici toxumanın sistem zədələnmələrində polinevropatiya (M30-M35)
2.7.119.5	Dizcik düyününün iltihabı
2.7.119.50	Digər sümük-əzələ zədələnmələrində polinevropatiya (M00-M25+,M40-M96+)
2.7.119.51	Digər rubrikalarda təsnif olunan başqa xəstəliklərdə polinevropatiya
2.7.119.52	Proqressivləşən idiopatik nevropatiya
2.7.119.53	Digər dəqiqləşdirilmiş polinevropatiyalar (şüa polinevropatiyası)
2.7.119.54	Dəqiqləşdirilməmiş irsi və idiopatik nevropatiya
2.7.119.55	Dəqiqləşdirilməmiş iltihabi polinevropatiya
2.7.119.56	Alkoqol polinevropatiyası
2.7.119.57	Periferik sinir sisteminin digər pozuntuları
2.7.119.6	Melkerson sindromu
2.7.119.7	Klonik hemifassial spazm
2.7.119.8	Üz miokimiyası
2.7.119.9	Üz sinirinin digər zədələnmələri
2.7.12	Qulaqcıq-mədəcik blokadası. Keçiriciliyin digər pozuntuları
2.7.12.1	Birinci dərəcəli qulaqcıq-mədəcik blokadası
2.7.12.2	İkinci dərəcəli qulaqcıq-mədəcik blokadası
2.7.12.3	Tam qulaqcıq-mədəcik blokadası
2.7.12.4	İkidəstəli blokada
2.7.12.5	Üçdəstəli blokada
2.7.12.6	Qeyri-spesifik mədəcikdaxili blokada
2.7.12.7	Ürəyin digər dəqiqləşdirilmiş blokadası
2.7.12.8	Vaxtından əvvəl oyanma sindromu
2.7.12.9	Keçiriciliyin digər dəqiqləşdirilmiş pozuntuları
2.7.120	Spondilopatiyalar. Digər dorsopatiyalar. Sümük sıxlığının və strukturunun pozuntusu
2.7.120.1	Ankilozlaşan spondilit
2.7.120.10	Radikulopatiya ilə digər spondilyozlar
2.7.120.11	Digər spondilyozlar
2.7.120.12	Spinal stenoz
2.7.120.13	Digər dəqiqləşdirilmiş spondilopatiyalar
2.7.120.14	Onurğanın vərəmi (A18.0+)
2.7.120.15	Bruselyoz spondiliti
2.7.120.16	Digər rubrikalarda təsnif olunan başqa infeksion və parazitar xəstəliklərdə spondilopatiyalar
2.7.120.17	Boyun şöbəsinin fəqərəarası disklərinin mielopatiya ilə zədələnməsi (G99.2*)
2.7.120.18	Boyun şöbəsinin fəqərəarası disklərinin radikulopatiya ilə zədələnməsi
2.7.120.19	Boyun şöbəsinin fəqərəarası disklərinin digər tipli yerdəyişməsi
2.7.120.2	Onurğanın entezopatiyası
2.7.120.20	Boyun şöbəsinin fəqərəarası disklərinin digər degenerasiyası
2.7.120.21	Boyun şöbəsinin fəqərəarası disklərinin digər zədələnməsi
2.7.120.22	Bel və digər şöbələrin fəqərəarası disklərinin mielopatiya ilə zədələnmələri (G99.2*)
2.7.120.23	Bel və digər şöbələrin fəqərəarası disklərinin radikulopatiya ilə zədələnmələri (G55.1*)
2.7.120.24	Fəqərəarası diskin digər dəqiqləşdirilmiş yerdəyişməsi
2.7.120.25	Fəqərəarası diskin digər dəqiqləşdirilmiş degenerasiyası
2.7.120.26	Kəllə-boyun sindromu
2.7.120.27	Boyun-çiyin sindromu
2.7.120.28	Spinal qeyri-sabitlik
2.7.120.29	Başqa rubrikalarda təsnif olunmayan oma-büzdüm pozuntusu
2.7.120.3	Başqa rubrikalarda təsnif olumayan sakroileit
2.7.120.30	Radikulopatiya
2.7.120.31	Servikalgiya
2.7.120.32	İşias
2.7.120.33	İşiasla gedən lümbaqo
2.7.120.34	Digər dorsalgiya
2.7.120.4	Fəqərələrin osteomieliti
2.7.120.5	Fəqərəarası disklərin (piogen) infeksiyası
2.7.120.6	Digər infeksion spondilopatiyalar
2.7.120.7	Digər dəqiqləşdirilmiş iltihabi spondilopatiyalar
2.7.120.8	Ön spinal və ya vertebral arteriyanın sıxılma sindromu (G99.2*)
2.7.120.9	Mielopatiya ilə digər spondilyozlar onurğa beyninin spondilogen sıxılması (G99.2*)
2.7.121	Əzələlərin və sinir-əzələ sinapsının xəstəlikləri. Dermatopolimiozit
2.7.121.1	Myasthenia gravis (ağır miasteniya)
2.7.121.10	Periodik iflic
2.7.121.11	Digər rubrikalarda təsnif olunan başqa xəstəliklərdə miastenik sindromlar
2.7.121.12	Digər rubrikalarda təsnif olunan infeksion və parazitar xəstəliklərdə miopatiya
2.7.121.13	Endokrin xəstəliklərdə miopatiya
2.7.121.14	Maddələr mübadiləsi pozuntusu zamanı miopatiya
2.7.121.15	Digər rubrikalarda təsnif olunan başqa xəstəliklərdə miopatiya
2.7.121.16	Digər dəqiqləşdirilmiş miopatiyalar
2.7.121.17	Gənclik dermatopolimioziti
2.7.121.18	Digər dermatopolimiozitlər
2.7.121.19	Polimiozit
2.7.121.2	Sinir-əzələ sinapsının toksiki pozuntusu
2.7.121.20	Sinir-əzələ sinapsının digər pozuntuları
2.7.121.3	Anadangəlmə və qazanılma miasteniya
2.7.121.4	Əzələ distrofiyası
2.7.121.5	Miotonik pozuntular
2.7.121.6	Anadangəlmə miopatiyalar
2.7.121.7	Digər rubrikalarda təsnif olunmayan mitoxondrial miopatiya
2.7.121.8	Dərman miopatiyası
2.7.121.9	Digər toksiki maddələr tərəfindən törədilən miopatiya
2.7.122	Serebral iflic
2.7.122.1	Kvadroplegik spastik serebral iflic
2.7.122.2	Diplegik spastik serebral iflic
2.7.122.3	Hemiplegik spastik serebral iflic
2.7.122.4	Ataksik serebral iflic
2.7.122.5	Serebral iflicin digər növü
2.7.123	Alkoqol mənşəli psixi və davranış pozuntuları
2.7.123.1	Alkoqol qəbulundan yaranan psixi və davranış pozuntuları, Abstinensiya vəziyyəti
2.7.123.2	Alkoqol qəbulundan yaranan psixi və davranış pozuntuları, Sayıqlama ilə müşayiət olunan abstinensiya vəziyyəti
2.7.123.3	Alkoqol qəbulundan yaranan psixi və davranış pozuntuları, Amnestik sindrom
2.7.124	Toksiki ensefalopatiya. Baş beynin digər zədələnmələri
2.7.124.1	Toksiki ensefalopatiya
2.7.124.2	Serebral kista
2.7.124.3	Reye sindromu
2.7.125	Tiklər
2.7.125.1	Xroniki motor tiklər və ya vokalizimlər
2.7.125.2	Vokalizimlərin və çoxsaylı motor tiklərinin kombinasiyası (de la Turetta sindrom)
2.7.125.3	Digər tiklər
2.7.126	İdiopatik periferik vegetativ nevropatiya
2.7.126.1	İdiopatik periferik vegetativ nevropatiya
2.7.127	Qeyri-üzvi mənşəli enurez, enkoprez
2.7.127.1	Qeyri-üzvi mənşəli enurez
2.7.127.2	Qeyri-üzvi mənşəli enkoprez
2.7.128	Göz yaşı aparatının xəstəlikləri. Göz yaşı aparatının və göz yuvasının digər rubrikalarda təsnif olunan xəstəliklərdə zədələnmələri
2.7.128.1	Dakrioadenit
2.7.128.2	Epifora
2.7.128.3	Göz yaşı axacaqlarının stenozu və çatışmazlığı
2.7.128.4	Digər rubrikalarda təsnif olunan xəstəliklərdə göz yaşı aparatının zədələnmələri
2.7.128.5	Başqa rubrikalarda təsnif olunan xəstəliklərdə göz yuvasının digər zədələnmələri
2.7.128.6	Göz yuvasının digər rubrikalarda təsnif olunan xəstəliklərdə parazitar invaziyası
2.7.129	Göz yuvasının xəstəlikləri
2.7.129.1	Göz yuvasının kəskin iltihabı
2.7.129.2	Göz yuvasının digər xəstəlikləri
2.7.13	Ürəyin dayanması. Ürək ritminin digər pozuntuları
2.7.13.1	Ürək fəaliyyətinin uğurlu bərpası ilə nəticələnən ürək dayanması
2.7.13.2	Mədəciklərin fibrilyasiyası və titrəməsi
2.7.13.3	Sinus düyünün zəifliyi sindromu
2.7.13.4	'Ürək dayanmasından' qəfləti ölüm kimi təsvir olunmuş hadisə
2.7.130	Konyuktivanın xəstəlikləri
2.7.130.1	Kəskin atopik konyuktivit
2.7.130.2	Blefarokonyuktivit
2.7.130.3	Konyuktivanın qansızması
2.7.130.4	Konyuktivanın filyarioz invaziyası (B74.-+)
2.7.130.5	Digər rubrikalarda təsnif olunan infeksion və parazitar xəstəliklərdə konyuktivit
2.7.130.6	Göz pemfiqoidi (L12.-+)
2.7.130.7	Digər rubrikalarda təsnif olunan xəstəliklərdə konyuktivanın başqa zədələnmələri
2.7.131	Qüzehli qişanın və kirpikli cismin digər xəstəlikləri (Hifema)
2.7.131.1	Hifema
2.7.131.2	Qüzehli qişanın bombajı. Bəbəyin okkluziyası və bitişməsi
2.7.131.3	Qüzehli qişanın və kirpikli cismin digər dəqiqləşdirilmiş xəstəlikləri
2.7.132	Skleranın xəstəlikləri
2.7.132.1	Sklerit
2.7.133	Buynuz qişanın çapıqları və bulanması. Digər rubrikalarda təsnif olunan xəstəliklərdə skleranın və buynuz qişanın başqa zədələnmələri
2.7.133.1	Buynuz qişanın xorası
2.7.133.2	Keratokonyuktivit
2.7.133.3	İnterstisial (stromal) və dərin keratit
2.7.133.4	Buynuz qişanın neovaskulyarizasiyası
2.7.133.5	Sadə herpes virusu tərəfindən törədilən keratit və keratokonyuktivit
2.7.133.6	Digər rubrikalarda təsnif olunan başqa infeksion və parazitar xəstəliklərdə keratit və keratokonyuktivit
2.7.134	İridosiklit. Qüzehli qişanın və kirpikli cismin digər xəstəlikləri
2.7.134.1	Kəskin və yarımkəskin iridosiklit
2.7.134.2	Digər iridosiklitlər
2.7.134.3	Digər rubrikalarda təsnif olunan infeksion xəstəliklərdə iridosiklit
2.7.134.4	Digər rubrikalarda təsnif olunan xəstəliklərdə iridosiklit
2.7.134.5	Digər rubrikalarda təsnif olunan xəstəliklərdə qüzehli qişanın və kirpikli cismin başqa zədələnmələri
2.7.135	Büllurun хəstəlikləri
2.7.135.1	Uşaqlıq, gənclik və presenil katarakta
2.7.135.2	Dərman preparatlarının törətdiyi katarakta
2.7.135.3	İkincili katarakta (Sekundar katarakta. Semmerinq halqası)
2.7.135.4	Digər dəqiqləşdirilmiş katarakta
2.7.135.5	Büllurun digər dəqiqləşdirilmiş xəstəlikləri
2.7.135.6	Diabetik katarakta (E10-E14 ümümi dördüncü. 3+ işarəsi ilə)
2.7.135.7	Endokrin sistemin digər xəstəliklərində başqa qidalanma və maddələr mübadiləsinin pozuntularında katarakta
2.7.135.8	Digər rubrikalarda təsnif olunan başqa xəstəliklərdə katarakta
2.7.135.9	Digər rubrikalarda təsnif olunan xəstəliklərdə büllurun başqa zədələnmələri
2.7.136	Gözün damarlı qişasının xəstəlikləri
2.7.136.1	Ocaqlı xorioretinal iltihab
2.7.136.2	Disseminə olunmuş xorioretinal iltihab
2.7.136.3	Arxa siklit
2.7.136.4	Digər xorioretinal iltihablar
2.7.136.5	Damarlı qişanın digər dəqiqləşdirilmiş xəstəlikləri
2.7.136.6	Digər rubrikalarda təsnif olunmuş infeksion və parazitar xəstəliklərdə xorioretinal iltihab
2.7.136.7	Digər rubrikalarda təsnif olunan xəstəliklərdə başqa xorioretinal pozuntular
2.7.137	Tor qişasının xəstəlikləri
2.7.137.1	Tor qişasının qopması olmadan retinal cırılmalar
2.7.137.2	Keçici retinal arterial okklyüziya
2.7.137.3	Mərkəzi retinal arterial okklyüziya
2.7.137.4	Digər retinal arterial okklyüziya
2.7.137.5	Digər retinal damar okklyüziyaları
2.7.137.6	Retinal qansızma
2.7.137.7	Digər dəqiqləşdirilmiş retinal pozuntular
2.7.137.8	Diabetik retinopatiya (E10-E14 ümümi dördüncü. 3+ işarəsi ilə)
2.7.137.9	Digər rubrikalarda təsnif olunan xəstəliklərdə başqa retinal pozuntular
2.7.138	Qlaukoma
2.7.138.1	Birincili açıqbucaqlı qlaukoma
2.7.138.2	Birincili qapalıbucaqlı qlaukoma
2.7.138.3	İkincili posttravmatik qlaukoma
2.7.138.4	Gözün iltihabi xəstəlikləri nəticəsində ikincili qlaukoma
2.7.138.5	Gözün digər xəstəlikləri nəticəsində ikincili qlaukoma
2.7.138.6	Dərman pereparatlarının qəbulu ilə bağlı ikincili qlaukoma
2.7.138.7	Digər qlaukoma
2.7.138.8	Endokrin sistemin xəstəliklərində, qidalanma və maddələr mübadiləsi pozuntularında qlaukoma
2.7.138.9	Digər rubrikalarda təsnif olunan başqa xəstəliklərdə qlaukoma
2.7.139	Şüşəyəbənzər cismin və göz аlmаsının хəstəlikləri
2.7.139.1	Şüşəyəbənzər cismə qansızma
2.7.139.2	Şüşəyəbənzər cismin digər xəstəlikləri
2.7.139.3	Göz almasının digər xəstəlikləri
2.7.139.4	Digər rubrikalarda təsnif olunan xəstəliklərdə şüşəyəbənzər cismə qansızma
2.7.139.5	Digər rubrikalarda təsnif olunan xəstəliklərdə şüşəyəbənzər cismin və göz almasının başqa zədələnmələri
2.7.14	Paroksizmal taxikardiya. Ürək ritminin digər pozuntuları
2.7.14.1	Qayıdan mədəcik aritmiyası
2.7.14.2	Mədəciküstü taxikardiya
2.7.14.3	Mədəcik taxikardiyası
2.7.14.4	Qulaqcıqların fibrilyasiyası və titrəməsi
2.7.14.5	Qulaqcığın erkən depolyarizasiyası
2.7.14.6	Birləşmədən çıxan erkən depolyarizasiya
2.7.14.7	Mədəciklərin erkən depolyarizasiyası
2.7.14.8	Ürək ritminin digər dəqiqləşdirilmiş pozuntuları
2.7.140	Endoftalmit
2.7.140.1	İrinli endoftalmit (panoftalmit, şüşəyəbənzər cismin absesi)
2.7.140.2	Digər endoftalmitlər_x000D_ (ƏGO parazitar endoftalmit. Simpatik uveit)
2.7.140.3	Digər rubrikalarda təsnif olunan xəstəliklərdə endoftalmit
2.7.141	Göz almasının degenerativ xəstəlikləri
2.7.141.1	Göz almasının digər degenerativ xəstəlikləri
2.7.141.2	Göz almasının degenerativ vəziyyəti
2.7.142	Görmə sinirinin və görmə yоllаrının хəstəliкləri
2.7.142.1	Görmə sinirinin nevriti
2.7.142.2	Görmə sinirinin digər rubrikalarda təsnif olunmayan xəstəlikləri
2.7.142.3	Görmə siniri diskinin digər xəstəlikləri
2.7.142.4	Görmə sinirləri çarpazının zədələnmələri
2.7.142.5	Görmə yollarının digər şöbələrinin zədələnmələri
2.7.142.6	Beyin qabığının görmə nahiyəsinin zədələnmələri
2.7.142.7	Digər rubrikalarda təsnif olunan xəstəliklərdə retrobulbar nevrit
2.7.142.8	Digər rubrikalarda təsnif olunan xəstəliklərdə görmə sinirinin və görmə yollarının başqa zədələnmələri
2.7.143	Göz аlmаsı əzələlərinin хəstəlikləri, gözlərin müştərək hərəkətinin, аkkоmоdаsiyа və rеfrаksiyаnın pоzuntuları
2.7.143.1	3-cü (gözün hərəki) sinirin iflici
2.7.143.10	Çəpgözlüyün digər dəqiqləşdirilmiş növləri
2.7.143.11	Baxışın iflici
2.7.143.12	Konvergensiya çatışmazlığı (artıq və natamam)
2.7.143.13	Nüvədaxili oftalmoplegiya
2.7.143.14	Gözlərin müştərək hərəkətinin digər dəqiqləşdirilmiş pozuntuları
2.7.143.2	4-cü (blok) sinirin iflici
2.7.143.3	6-cı (uzaqlaşdırıcı) sinirin iflici
2.7.143.4	Tam (xarici) oftalmoplegiya
2.7.143.5	Proqressivləşən xarici ofalmoplegiya
2.7.143.6	Digər paralitik çəpgözlük
2.7.143.7	Fasiləli heterotropiya (fasiləli ezotropiya, fasiləli ekzotropiya)
2.7.143.8	Heteroforiya (Fasiləli heteroforiya. Ezoforiya. Ekzoforiya)
2.7.143.9	Mexaniki çəpgözlük
2.7.144	Gözün və оnun əlаvə аpаrаtının digər хəstəlikləri
2.7.144.1	Göz ağrısı
2.7.144.2	Digər rubrikalarda təsnif olunan xəstəliklərdə görmə pozuntusu
2.7.144.3	Digər rubrikalarda təsnif olunan digər xəstəliklərdə gözün və onun əlavə aparatının başqa pozuntuları
2.7.145	Gözün və onun əlavə aparatının tibbi prosedurlardan sonra zədələnmələri
2.7.145.1	Kataraktaya görə əməliyyatdan sonra keratopatiya (bullyoz, afakiya)
2.7.145.2	Tibbi prosedurlardan sonra gözün və onun əlavə aparatının digər zədələnmələri
2.7.146	Abort, uşaqlıqdankənar və molyar hamiləliklə əlaqədar ağırlaşmalar
2.7.146.1	Çanaq orqanlarının və cinsiyyət orqanlarının abort, uşaqlıqdankənar və molyar hamiləliklə əlaqədar infeksiyası
2.7.146.2	Abort, uşaqlıqdankənar və molyar hamiləliklə əlaqədar uzunmüddətli və ya massiv qanaxma
2.7.146.3	Abort, uşaqlıqdankənar və molyar hamiləliklə əlaqədar emboliya
2.7.146.4	Abort, uşaqlıqdankənar və molyar hamiləliklə əlaqəli şok
2.7.146.5	Abort, uşaqlıqdankənar və molyar hamiləliklə əlaqəli böyrək çatışmazlığı
2.7.146.6	Abort, uşaqlıqdankənar və molyar hamiləliklə əlaqəli maddələr mübadiləsi pozuntusu
2.7.146.7	Abort, uşaqlıqdankənar və molyar hamiləliklə əlaqədar çanaq orqanlarının və toxumalarının zədələnməsi
2.7.146.8	Abort, uşaqlıqdankənar və molyar hamiləliklə əlaqəli digər venoz ağırlaşmalar
2.7.146.9	Abort, uşaqlıqdankənar və molyar hamiləliklə əlaqəli digər ağırlaşmalar
2.7.147	Preeklampsiya. Dölün qanitirməsi
2.7.147.1	Orta ağırlıqlı preeklampsiya
2.7.147.10	Dölün digər eyni yumurta əkizindən qanitirməsi
2.7.147.11	Dölün, ananın qan-damar şəbəkəsinə qanitirməsi
2.7.147.12	Dölün, eyni yumurta əkizlərində kəsilmiş göbək ciyəsindən qanitirməsi
2.7.147.2	Ağır preeklampsiya
2.7.147.3	HELLP sindromu
2.7.147.4	Hamiləlik dövründə eklampsiya
2.7.147.5	Doğuş zamanı eklampsiya
2.7.147.6	Zahılıq dövrü eklampsiyası
2.7.147.7	Damar gəlişində dölün qan itirməsi (vasa praeviadan)
2.7.147.8	Dölün cırılmış göbək ciyəsindən qan itirməsi
2.7.147.9	Dölün ciftdən qan itirməsi
2.7.148	Hamiləlik dövründə aparılmış anesteziya ilə əlaqədar meydana çıxan ağırlaşmalar
2.7.148.1	Hamiləlik dövründə aparılan anesteziyanın ağciyər ağırlaşmaları
2.7.148.2	Hamiləlik dövründə aparılan anesteziyanın kardioloji ağırlaşmaları
2.7.148.3	Hamiləlik dövründə aparılan anesteziya ilə əlaqədar mərkəzi sinir sisteminin ağırlaşmaları
2.7.148.4	Hamiləlik dövründə yerli anesteziyaya qarşı toksik reaksiya
2.7.148.5	Hamiləlik dövründə keçirilən epidural və ya spinal anesteziya ilə əlaqədar meydana çıxan baş ağrıları
2.7.148.6	Hamiləlik dövründə aparılan spinal və epidural anesteziyanın digər ağırlaşmaları
2.7.148.7	Hamiləlik dövründə intubasiya zamanı uğursuzluq və ya çətinlik
2.7.148.8	Hamiləlik dövründə anesteziyanın digər ağırlaşmaları
2.7.149	Çoxdöllü hamiləlik
2.7.149.1	Çoxdöllü hamiləlik üçün xarakterik olan digər ağırlaşmalar
2.7.149.2	Hamiləlik müddəti üçün 'azçəkili' döl
2.7.149.3	Hamiləlik müddəti üçün kiçikölçülü döl
2.7.149.4	Hamiləlik müddəti üçün «azçəkili» və ya kiçikölçülü olduğu göstərilməyən zəif qidalanmış döl
2.7.15	Ürək çatışmazlığı
2.7.15.1	Durğunluq ürək çatışmazlığı
2.7.15.2	Sol mədəcik çatışmazlığı
2.7.150	Çanaq orqanlarının müəyyən edilmiş və ya ehtimal olunan anomaliyaları zamanı anaya göstərilən tibbi yardım
2.7.150.1	Uşaqlıq cisminin anaya tibbi yardım göstərilməsini tələb edən şişi
2.7.150.2	Uşaqlığın anaya tibbi yardım göstərilməsini tələb edən əməliyyatdan sonrakı çapığı
2.7.150.3	Anaya tibbi yardım göstərilməsini tələb edən istmiko-servikal çatışmazlıq
2.7.150.4	Uşaqlıq boynunun anaya tibbi yardım göstərilməsini tələb edən digər anomaliyaları
2.7.150.5	Hamiləlik dövründə uşaqlığın anaya tibbi yardım göstərilməsini tələb edən digər anomaliyaları
2.7.150.6	Anaya tibbi yardımın göstərilməsini tələb edən uşaqlıq yolu anomaliyaları
2.7.150.7	Vulva və aralığın anaya tibbi yardım göstərilməsini tələb edən anomaliyaları
2.7.150.8	Çanaq orqanlarının anaya tibbi yardım göstərilməsini tələb edən dəqiqləşdirilmiş anomaliyaları
2.7.151	Dölün dəqiqləşdirilmiş və ya ehtimal olunan anomaliyaları və zədələnmələri ilə əlaqədar anaya tibbi yardımın göstərilməsi
2.7.151.1	Dölün anaya tibbi yardım göstərilməsini tələb edən xromosom anomaliyaları (ehtimal olunan)
2.7.151.10	Dölün anaya tibbi yardım göstərilməsini tələb edən bətn daxili hipoksiyası
2.7.151.11	Dölün anaya tibbi yardım tələb edən qeyri-kafi böyüməsi
2.7.151.12	Dölün anaya tibbi yardım göstərilməsini tələb edən artıq dərəcədə böyüməsi
2.7.151.13	Abdominal hamiləlikdə anaya tibbi yardımın göstərilməsini tələb edən həyat qabiliyyətli döl
2.7.151.14	Dölün vəziyyətində anaya tibbi yardım göstərilməsini tələb edən digər dəqiqləşdirilmiş kənara çıxma halları
2.7.151.2	Dölün anaya tibbi yardım göstərilməsini tələb edən irsi xəstəlikləri (ehtimal olunan)
2.7.151.3	Dölün, anaya tibbi yardım göstərilməsini tələb edən, ananın virus xəstəlikləri ilə əlaqədar zədələnməsi (ehtimal olunan)
2.7.151.4	Dölün, anaya tibbi yardım göstərilməsini tələb edən alkoqolla əlaqədar zədələnməsi
2.7.151.5	Dölün, anaya tibbi yardım göstərilməsini tələb edən dərman maddələri ilə əlaqədar zədələnməsi (ehtimal olunan)
2.7.151.6	Dölün anaya tibbi yardım göstərilməsini tələb edən digər zədələnmələri və anomaliyaları (ehtimal olunan)
2.7.151.7	Anaya tibbi yardımın göstərilməsini tələb edən rezus-izoimmunizasiya
2.7.151.8	İzoimmunizasiyanın anaya tibbi yardım göstərilməsini tələb edən digər formaları
2.7.151.9	Dölün anaya tibbi yardım göstərilməsini tələb edən hidropsu
2.7.152	Dölazadetmədə rast gəlinən ağırlaşmalar
2.7.152.1	Plasentar transfuziya sindromları
2.7.152.2	Ciftin anomaliyası
2.7.152.3	Ciftin bitişməsi
2.7.152.4	Digər plasentar pozuntular
2.7.152.5	Ciftin qanın laxtalanma pozuntuları ilə müşayiət olunan vaxtından əvvəl ayrılması
2.7.152.6	Ciftin digər vaxtından əvvəl ayrılması
2.7.153	Digər rubrikalarda təsnif olunmayan doğuşa qədər qanaxma. Yalançı doğuş sancıları. Vaxtı ötmüş hamiləlik
2.7.153.1	Laxtalanma pozuntusu ilə müşayiət olunan doğuşa qədər qanaxma
2.7.153.2	Digər doğuşa qədər qanaxma
2.7.153.3	Hamiləliyin tam 37 həftəliyinə qədər olan dövrdə yalançı doğuş sancıları
2.7.153.4	Hamiləliyin tam 37 həftəliyindən başlayan yalançı doğuş sancıları
2.7.154	Doğuş və dölazadetmə zamanı aparılan anesteziya ilə bağlı ağırlaşmalar
2.7.154.1	Doğuş və döl azadetmə zamanı anesteziya ilə bağlı aspirasion pnevmonit
2.7.154.2	Doğuş və dölazadetmə zamanı anesteziya ilə bağlı ağciyərlərin digər ağırlaşmaları
2.7.154.3	Doğuş və döl azadetmə zamanı anesteziya ilə bağlı ürək ağırlaşmaları
2.7.154.4	Doğuş və dölazadetmə zamanı anesteziya ilə bağlı mərkəzi sinir sisteminin ağırlaşmaları
2.7.154.5	Doğuş və dölazadetmə zamanı yerli anesteziyaya qarşı toksiki reaksiya
2.7.154.6	Doğuş və dölazadetmə zamanı aparılan epidural və spinal anesteziya ilə bağlı baş ağrıları
2.7.154.7	Doğuş və dölazadetmə zamanı spinal anesteziyanın və epidural anesteziyanın ağırlaşmaları
2.7.154.8	Doğuş və dölazadetmə zamanı uğursuz intubasiya cəhdi və intubasiya ilə bağlı çətinliklər
2.7.154.9	Doğuş və dölazadetmə zamanı anesteziyanın digər ağırlaşmaları
2.7.155	Doğuş və dölazadetmənin digər rubrikalarda təsnif olunmayan digər ağırlaşmaları
2.7.155.1	Doğuş və dölazadetmə zamanı və ya sonra şok
2.7.156	Zahılıq dövrü ilə bağlı olan ağırlaşmalar
2.7.156.1	Zahılıq dövrü sepsisi
2.7.156.10	Zahılıq dövründə babasil
2.7.156.11	Zahılıq dövründə serebral venaların trombozu
2.7.156.12	Zahılıq dövründə digər venoz ağırlaşmalar
2.7.156.13	Mamalıq hava emboliyası
2.7.156.14	Amniotik maye ilə emboliya
2.7.156.15	Qan laxtaları ilə mamalıq emboliyası
2.7.156.16	Mamalıq piemik və septik emboliyası
2.7.156.17	Digər mamalıq emboliyası
2.7.156.2	Cərrahi mamalıq yarasının infeksiyası
2.7.156.3	Doğuşdan sonra cinsiyyət yollarının digər infeksiyaları
2.7.156.4	Doğuşdan sonra sidik yollarının infeksiyası
2.7.156.5	Doğuşdan sonra sidik–cinsiyyət yollarının digər infeksiyaları
2.7.156.6	Doğuşdan sonra meydana çıxan naməlum mənşəli hipertermiya
2.7.156.7	Digər dəqiqləşdirilmiş zahılıq infeksiyaları
2.7.156.8	Zahılıq dövründə səthi tromboflebit
2.7.156.9	Zahılıq dövründə dərin flebotromboz
2.7.157	Zahılıq dövründə tətbiq edilən anesteziya ilə bağlı ağırlaşmalar
2.7.157.1	Zahılıq dövründə tətbiq edilən anesteziyanın ağciyər ağırlaşmaları
2.7.157.2	Zahılıq dövründə tətbiq edilən anesteziya ilə bağlı ürək ağırlaşmaları
2.7.157.3	Zahılıq dövründə tətbiq edilən anesteziya ilə bağlı mərkəzi sinir sisteminin ağırlaşmaları
2.7.157.4	Zahılıq dövründə yerli anesteziyaya toksik reaksiya
2.7.157.5	Zahılıq dövründə keçirilən spinal və epidural anesteziya ilə bağlı baş ağrıları
2.7.157.6	Zahılıq dövründə uğursuz intubasiya cəhdi və çətinlikləri
2.7.157.7	Zahılıq dövründə anesteziyanın digər ağırlaşmaları
2.7.158	Zahılıq dövründə digər rubrikalarda təsnif olunmayan ağırlaşmalar
2.7.158.1	Mamalıq cərrahi yarasının hematoması
2.7.158.2	Zahılıq dövründə kardiomiopatiya
2.7.158.3	Zahılıq dövrü kəskin böyrək çatışmazlığı
2.7.158.4	Zahılıq dövrü tireoiditi
2.7.158.5	Zahılıq dövrünün digər rubrikalarda təsnif olunmayan başqa ağırlaşmaları
2.7.159	Ananın digər rubrikalarda təsnif olunan, lakin hamiləlik, doğuş və zahılıq dövrünü ağirlaşdıran infeksion və parazitar xəstəlikləri
2.7.159.1	Hamiləliyi, doğuşu və ya zahılıq dövrünü ağırlaşdıran vərəm
2.7.159.2	Hamiləliyi, doğuşu və ya zahılıq dövrünü ağırlaşdıran sifilis
2.7.159.3	Hamiləliyi, doğuşu və ya zahılıq dövrünü ağırlaşdıran qonoreya
2.7.159.4	Hamiləliyi, doğuşu və ya zahılıq dövrünü ağırlaşdıran, əsasən cinsi yolla ötürülən digər infeksiyalar
2.7.159.5	Hamiləliyi, doğuşu və ya zahılıq dövrünü ağırlaşdıran virus hepatiti
2.7.159.6	Hamiləliyi, doğuşu və ya zahılıq dövrünü ağırlaşdıran digər virus xəstəlikləri
2.7.159.7	Hamiləliyi, doğuşu və ya zahılıq dövrünü ağırlaşdıran protozoy infeksiyalar
2.7.159.8	Hamiləliyi, doğuşu və ya zahılıq dövrünü ağırlaşdıran digər infeksion və parazitar xəstəliklər
2.7.16	Ürək xəstəliklərinin ağırlaşmaları və dəqiq göstərilməmiş ürək xəstəlikləri
2.7.16.1	Ürək arakəsməsinin qazanılmış qüsuru
2.7.16.2	Xorda vətərlərinin başqa rubrikalarda təsnif olunmayan cırılması
2.7.16.3	Məməyəbənzər əzələnin başqa rubrikalarda təsnif olunmayan cırılması
2.7.16.4	Başqa rubrikalarda təsnif olunmayan ürəkdaxili tromboz
2.7.16.5	Miokardın degenerasiyası
2.7.16.6	Digər dəqiq göstərilməmiş ürək xəstəlikləri
2.7.160	Ananın digər rubrikalarda təsnif olunan, lakin hamiləliyi, doğuşu və zahılıq dövrünü ağirlaşdıran digər xəstəlikləri
2.7.160.1	Hamiləliyi, doğuşu və zahılıq dövrünü ağırlaşdıran anemiya
2.7.160.2	Hamiləliyi, doğuşu və zahılıq dövrünü ağırlaşdıran qan və qanyaradıcı orqanların digər xəstəlikləri və immun mexanizmin qoşulması ilə xüsusi pozuntular
2.7.160.3	Hamiləliyi, doğuşu və zahılıq dövrünü ağırlaşdıran qidalanma pozuntusu, maddələr mübadiləsi pozuntusu və endokrin sistemi xəstəlikləri
2.7.160.4	Hamiləliyi, doğuşu və zahılıq dövrünü ağırlaşdıran psixi pozuntular və sinir sistemi xəstəlikləri
2.7.160.5	Hamiləliyi, doğuşu, zahılıq dövrünü ağırlaşdıran qan dövranı sistemi xəstəlikləri
2.7.160.6	Hamiləlyi, doğuşu və zahılıq dövrünü ağırlaşdıran tənəffüs sistemi xəstəlikləri
2.7.160.7	Hamiləliyi, doğuşu və zahılıq dövrünü ağırlaşdıran həzm orqanlarının xəstəlikləri
2.7.160.8	Hamiləliyi, doğuşu və zahılıq dövrünü ağırlaşdıran dəri və dərialtı toxuma xəstəlikləri
2.7.160.9	Hamiləliyin, doğuşun və zahılıq dövrünün ağırlaşmasının nəticəsi
2.7.161	Döl və yenidoğulmuşların ananın vəziyyəti, hamiləlik, doğuş və dölazadetmənin digər ağırlaşmaları ilə əlaqədar olan zədələnmələri
2.7.161.1	Döl və yenidoğulmuşun, ananın hipertenziv pozuntuları ilə əlaqədar zədələnmələri
2.7.161.10	Döl və yenidoğulmuşun, döl qişalarının vaxtından əvvəl cırılması ilə əlaqədar zədələnmələri
2.7.161.11	Döl və yenidoğulmuşun, oliqohidramnion ilə əlaqədar zədələnmələri
2.7.161.12	Döl və yenidoğulmuşun, polihidramnion ilə əlaqədar zədələnmələri
2.7.161.13	Döl və yenidoğulmuşun, uşaqlıqdan kənar hamiləliklə əlaqədar zədələnmələri
2.7.161.14	Döl və yenidoğulmuşun, çoxdöllü hamiləliklə əlaqədar zədələnmələri
2.7.161.15	Döl və yenidoğulmuşun, ananın ölümü ilə əlaqədar zədələnmələri
2.7.161.16	Döl və yenidoğulmuşun doğuşdan əvvəl dölün qeyri-düzgün gəlişi ilə əlaqədar zədələnmələri
2.7.161.17	Döl və yenidoğulmuşun, hamiləliyi ağırlaşdıran ananın digər xəstəlikləri ilə əlaqədar zədələnmələri
2.7.161.18	Döl və yenidoğulmuşun cift gəlişi ilə əlaqədar zədələnmələri
2.7.161.19	Döl və yenidoğulmuşun, ciftin ayrılması və qanaxma ilə əlaqədar ağırlaşmalar nəticəsində zədələnmələri
2.7.161.2	Döl və yenidoğulmuşun, ananın böyrək və sidik yollarının xəstəlikləri ilə əlaqədar zədələnmələri
2.7.161.20	Döl və yenidoğulmuşun plasentar transfuziya sindromu ilə əlaqədar zədələnmələri
2.7.161.21	Döl və yenidoğulmuşun göbək ciyəsinin düşməsi ilə əlaqədar zədələnmələri
2.7.161.22	Döl və yenidoğulmuşun göbək ciyəsinin digər növ sıxılmaları ilə əlaqədar zədələnmələri
2.7.161.23	Döl və yenidoğulmuşun xorionamnionitlə əlaqədar zədələnməsi
2.7.161.24	Döl və yenidoğulmuşun xorion və amnionun digər anomaliyaları ilə əlaqədar zədələnmələri
2.7.161.25	Döl və yenidoğulmuşun, dölün ekstraksiyası və çanaq gəlişində dölün azad edilməsi ilə əlaqədar zədələnmələri
2.7.161.26	Döl və yenidoğulmuşun dölün digər qeyri-düzgün vəziyyəti,gəlişi və uyğunsuzluğu ilə əlaqədar zədələnmələri
2.7.161.27	Döl və yenidoğulmuşun dölün azad edilməsi zamanı tutqacların qoyulması ilə əlaqədar zədələnmələri
2.7.161.28	Döl və yenidoğulmuşun vakuum–ekstraktorun tətbiqi ilə əlaqədar zədələnmələri
2.7.161.29	Döl və yenidoğulmuşun, dölün Kesar kəsiyi ilə azad edilməsilə əlaqədar zədələnmələri
2.7.161.3	Döl və yenidoğulmuşun, ananın infeksion və parazitar xəstəlikləri ilə əlaqədar zədələnmələri
2.7.161.30	Döl və yenidoğulmuşun sürətli gedən doğuşla əlaqədar zədələnmələri
2.7.161.31	Döl və yenidoğulmuşun, uşaqlığın yığılma qabiliyyətinin pozulması ilə əlaqədar zədələnmələri
2.7.161.32	Döl və yenidoğulmuşun doğuş, dölün azad edilməsi və ananın hamiləliyi zamanı tətbiq edilən analgetik və anesteziya vasitələrinin tətbiqi ilə əlaqədar zədələnmələri
2.7.161.33	Döl və yenidoğulmuşun, anaya göstərilən digər terapevtik təsirlərlə əlaqədar zədələnmələri
2.7.161.34	Döl və yenidoğulmuşun, ananın tütündən istifadəsi ilə əlaqədar zədələnmələri
2.7.161.35	Döl və yenidoğulmuşun, ananın alkoqollu içkilərdən istifadə etməsi ilə əlaqədar zədələnmələri
2.7.161.36	Döl və yenidoğulmuşun, ananın narkotik maddələrdən istifadə etməsi ilə əlaqədar zədələnmələri
2.7.161.37	Döl və yenidoğulmuşun, ananın kimyəvi-yeyinti maddələri istifadə etməsi ilə əlaqədar zədələnmələri
2.7.161.38	Döl və yenidoğulmuşun, anaya ətraf mühitdə olan kimyəvi maddələrin təsiri ilə əlaqədar zədələnmələri
2.7.161.39	Döl və yenidoğulmuşun, anaya digər zərərli maddələrin təsiri ilə əlaqədar zədələnmələri
2.7.161.4	Döl və yenidoğulmuşun, ananın tənəffüs və qan-damar sisteminin xroniki xəstəlikləri ilə əlaqədar zədələnmələri
2.7.161.5	Döl və yenidoğulmuşun, ananın qidalanma pozuntusu ilə əlaqədar zədələnmələri
2.7.161.6	Döl və yenidoğulmuşun, ananın travması ilə əlaqədar zədələnmələri
2.7.161.7	Döl və yenidoğulmuşun, ananın keçirdiyi cərrahi əməliyyatla əlaqədar zədələnmələri
2.7.161.8	Döl və yenidoğulmuşun, ananın başqa rubrikalarda təsnif olunmayan digər tibbi prosedurları ilə əlaqədar zədələnmələri
2.7.161.9	Döl və yenidoğulmuşun, istmiko‐servikal çatışmazlıqla əlaqədar zədələnmələri
2.7.162	Hamiləlik müddəti və dölün böyüməsi ilə bağlı pozuntular
2.7.162.1	Doğuş zamanı son dərəcə az bədən çəkisi
2.7.162.2	Doğuş zamanı az bədən çəkisinin digər halları
2.7.162.3	Həddən artıq vaxtından qabaq doğulma
2.7.163	Doğuş travması
2.7.163.1	Doğuş travması zamanı subdural qansızma
2.7.163.10	Doğuş travması zamanı kefalohematoma
2.7.163.11	Doğuş travması zamanı subaponevrotik qansızma
2.7.163.12	Doğuş travması nəticəsində başın tüklü hissəsinin hematoması
2.7.163.13	Doğuş travması zamanı kəllə sümüklərinin sınığı
2.7.163.14	Doğuş travmaları zamanı kəllənin digər zədələnmələri
2.7.163.15	Doğuş travması zamanı bud sümüyünün sınığı
2.7.163.16	Doğuş travması zamanı digər uzun sümüklərin sınığı
2.7.163.17	Doğuş travması zamanı körpücüyün sınığı
2.7.163.18	Doğuş travması zamanı skeletin digər hissələrinin zədələnmələri
2.7.163.19	Doğuş travması zamanı Erb iflici
2.7.163.2	Doğuş travması zamanı beyin daxilinə qansızma
2.7.163.20	Doğuş travması zamanı Klumpke iflici
2.7.163.21	Doğuş travması zamanı diafraqma sinirinin iflici
2.7.163.22	Bazu kələfinin digər doğuş travmaları
2.7.163.23	Doğuş travması zamanı qaraciyərin zədələnməsi
2.7.163.24	Doğuş travması zamanı dalağın zədələnməsi
2.7.163.25	Doğuş travması zamanı döş-körpücük-məməyəbənzər əzələnin zədələnməsi
2.7.163.26	Gözün doğuş travması
2.7.163.27	Üzün doğuş travması
2.7.163.28	Doğuş travması ilə əlaqədar dərialtı piy toxumasının nekrozu
2.7.163.3	Doğuş travması zamanı beyin mədəciyinə qansızma
2.7.163.4	Doğuş travması zamanı subaraxnoidal qansızma
2.7.163.5	Doğuş travması zamanı beyincik çadırının cırılması
2.7.163.6	Doğuş travması zamanı digər kəllədaxili zədələnmələr və qansızma
2.7.163.7	Doğuş travması zamanı mərkəzi sinir sisteminin digər dəqiqləşdirilmiş zədələnmələri
2.7.163.8	Doğuş travması zamanı üz sinirinin zədələnməsi
2.7.163.9	Doğuş travması zamanı onurğanın və onurğa beyninin zədələnməsi
2.7.164	Perinatal dövrdə meydana çıxan pozuntular (Hipoksiya, asfiksiya, qıcolma, serebral statusun pozuntusu)
2.7.164.1	Doğuş zamanı ağır asfiksiya
2.7.164.2	Yenidoğulmuşların qıcolması
2.7.164.3	Beynin işemiyası
2.7.164.4	Yenidoğulmuşlarda periventrikulyar (qazanılmış) sist
2.7.164.5	Yenidoğulmuşlarda serebral leykomalyasiya
2.7.164.6	Yenidoğulmuşlarda serebral depresiya
2.7.164.7	Neonatal koma
2.7.164.8	Yenidoğulmuşlarda hipoksik işemik ensefalopatiya
2.7.165	Perinatal dövrdə meydana çıxan respirator pozuntular
2.7.165.1	Yenidoğulmuşun tənəffüs pozuntusu (distresi) sindromu
2.7.165.10	Digər törədicilər tərəfindən törədilən anadangəlmə pnevmoniya
2.7.165.11	Mekoniumun neonatal aspirasiyası
2.7.165.12	Amniotik mayenin və seliyin neonatal aspirasiyası
2.7.165.13	Qanın neonatal aspirasiyası
2.7.165.14	Perinatal dövrdə meydana çıxan pnevmotoraks
2.7.165.15	Perinatal dövrdə meydana çıxan pnevmomediastinum
2.7.165.16	Perinatal dövrdə meydana çıxan pnevmoperikard
2.7.165.17	Perinatal dövrdə meydana çıxan interstisial emfizema ilə bağlı digər hallar
2.7.165.18	Perinatal dövrdə meydana çıxan traxeobronxial qanaxma
2.7.165.19	Perinatal dövrdə meydana çıxan massiv ağciyər qanaxması
2.7.165.2	Yenidoğulmuşda tranzitor taxipnoe
2.7.165.20	Perinatal dövrdə meydana çıxan digər ağciyər qanaxmaları
2.7.165.21	Vilson‐Mikiti sindromu
2.7.165.22	Perinatal dövrdə meydana çıxan bronx ağciyər displaziyası
2.7.165.23	Yenidoğulmuşun birincili atelektazı.Terminal tənəffüs yollarının birincili açılmaması. Ağciyərin yarımçıq doğulma ilə bağlı hipoplaziyası
2.7.165.24	Yenidoğulmuşun digər və dəqiqləşdirilməmiş atelektazı
2.7.165.25	Yenidoğulmuşun sianoz tutmaları
2.7.165.26	Yenidoğulmuşda yuxu zamanı birincili apnoe
2.7.165.27	Yenidoğulmuşda apnoenin digər növləri
2.7.165.28	Yenidoğulmuşda tənəffüs çatışmazlığı
2.7.165.3	Anadangəlmə virus mənşəli pnevmoniya
2.7.165.4	Xlamidiya mənşəli anadangəlmə pnevmoniya
2.7.165.5	Stafilokokk mənşəli anadangəlmə pnevmoniya
2.7.165.6	B qrup streptokokk mənşəli anadangəlmə pnevmoniya
2.7.165.7	Bağırsaq çöpü (Esherichia coli) mənşəli anadangəlmə pnevmoniya
2.7.165.8	Pseudomonas mənşəli anadangəlmə pnevmoniya
2.7.165.9	Digər bakteriyalar tərəfindən törədilən anadangəlmə pnevmoniya
2.7.166	Perinatal dövrdə meydana çıxan ürək-damar pozuntuları. Qan-damar sisteminin anadangəlmə inkişaf qüsurları
2.7.166.1	Yenidoğulmuşlarda ürək çatışmazlığı
2.7.166.10	Mədəcik dəliyinin ikiləşməsi
2.7.166.11	Diskordant qulaqcıq-mədəcik bitişməsi
2.7.166.12	Mədəcikarası çəpərin qüsuru
2.7.166.13	Qulaqcıqarası çəpərin qüsuru
2.7.166.14	Qulaqcıq-mədəcik arakəsməsinin qüsuru
2.7.166.15	Fallo tetradası
2.7.166.16	Aorta və ağciyər arteriyası arasındakı arakəsmənin defekti
2.7.166.17	Ağciyər arteriyası qapaqlarının atreziyası
2.7.166.18	Ağciyər arteriyası qapaqlarının anadangəlmə stenozu
2.7.166.19	Ağciyər arteriyası qapaqlarının anadangəlmə çatışmazlığı
2.7.166.2	Yenidoğulmuşlarda ürək ritmi pozuntuları
2.7.166.20	Üçtaylı qapağın anadangəlmə stenozu
2.7.166.21	Ebşteyn anomaliyası
2.7.166.22	Ürəyin sağ tərəfli hipoplaziya sindromu
2.7.166.23	Aorta qapağının anadangəlmə stenozu
2.7.166.24	Aorta qapağının anadangəlmə çatışmazlığı
2.7.166.25	Anadangəlmə mitral stenoz
2.7.166.26	Anadangəlmə mitral çatışmazlıq
2.7.166.27	Ürəyin sol tərəfli hipoplaziya sindromu
2.7.166.28	Üç qulaqcıqlı ürək
2.7.166.29	Ağciyər arteriyası qapağının qıfabənzər stenozu
2.7.166.3	Yenidoğulmuşlarda hipertenziya
2.7.166.30	Anadangəlmə subaortal stenoz
2.7.166.31	Anadangəlmə ürək blokadası
2.7.166.32	Arterial axacağın açıq qalması
2.7.166.33	Aortanın koarktasiyası (preduktal) (postduktal)
2.7.166.34	Aortanın atreziyası
2.7.166.35	Aortanın stenozu
2.7.166.36	Ağciyər arteriyasının atreziyası
2.7.166.37	Ağciyər arteriyasının stenozu
2.7.166.38	Baş venanın anadangəlmə stenozu
2.7.166.39	Ağciyər venalarının birləşməsinin total anomaliyası
2.7.166.4	Yenidoğulmuşlarda davamlı fetal qan dövranı
2.7.166.40	Portal vena birləşməsinin anomaliyası
2.7.166.41	Portal hepato-arterio-venoz fistula
2.7.166.42	Göbək arteriyasının anadangəlmə olmaması və hipoplaziyası
2.7.166.43	Böyrək arteriyasının anadangəlmə stenozu
2.7.166.5	Yenidoğulmuşlarda miokardın keçici işemiyası
2.7.166.6	Ümumi arterial axacaq
2.7.166.7	Sağ mədəciyin çıxış dəliyinin ikiləşməsi
2.7.166.8	Sol mədəciyin çıxış dəliyinin ikiləşməsi
2.7.166.9	Diskordant mədəcik-arterial bitişməsi
2.7.167	Perinatal dövr üçün spesifik olan infeksion xəstəliklər
2.7.167.1	Anadangəlmə məxmərək sindromu
2.7.167.10	Yenidoğulmuşların digər bakterial agentlər tərəfindən törədilən sepsisi
2.7.167.11	Anadangəlmə vərəm
2.7.167.12	Anadangəlmə toksoplazmoz
2.7.167.13	Neonatal (disseminə olunmuş) listerioz
2.7.167.14	Plasmodium falciparum tərəfindən törədilən anadangəlmə malyariya
2.7.167.15	Digər anadangəlmə malyariya
2.7.167.16	Yenidoğulmuşların kandidozu
2.7.167.17	Digər dəqiqləşdirilmiş anadangəlmə infeksion və parazitar xəstəliklər
2.7.167.18	Yenidoğulmuşların az miqdarda qanaxma ilə və ya qanaxmasız gedən omfaliti
2.7.167.19	Neonatal infeksion mastit
2.7.167.2	Anadangəlmə sitomeqalovirus infeksiyası
2.7.167.20	Yenidoğulmuşda konyuktivit və dakriosistit Xlamidiyalar tərəfindən törədilən neonatal konyuktivit
2.7.167.21	Dölün digər rubrikalarda təsnif olunmayan amniondaxili infeksiyası
2.7.167.22	Sidik yollarının neonatal infeksiyası
2.7.167.23	Dəri örtüklərinin neonatal infeksiyası
2.7.167.24	Perinatal dövr üçün spesifik olan digər dəqiqləşdirilmiş infeksiyası
2.7.167.3	Sadə herpes (herpes simplex) virusları tərəfindən törədilən anadangəlmə infeksiya
2.7.167.4	Anadangəlmə virus hepatiti
2.7.167.5	Digər anadangəlmə virus infeksiyaları
2.7.167.6	Yenidoğulmuşlarda B qrup streptokoklar tərəfindən törədilən sepsis
2.7.167.7	Yenidoğulmuşların qızılı stafilokoklar (Staphylococcus aureus) tərəfindən törədilən sepsis
2.7.167.8	Yenidoğulmuşların bağırsaq çöpləri (Escherichia coli) tərəfindən törədilən sepsisi
2.7.167.9	Yenidoğulmuşların anaerob mikroorqanizmlər tərəfindən törədilən sepsisi
2.7.168	Döldə və yenidoğulmuşda qeyri-travmatik kəllədaxili qansızma. Döl və yenidoğulmuşun hemorragik xəstəliyi
2.7.168.1	Döldə və yenidoğulmuşda I dərəcəli mədəcikdaxili (qeyri-travmatik) qansızma
2.7.168.2	Döldə və yenidoğulmuşda II dərəcəli mədəcikdaxili (qeyri-travmatik) qansızma
2.7.168.3	Döldə və yenidoğulmuşda mədəcikdaxili (qeyri-travmatik) III dərəcəli qansızma
2.7.168.4	Döl və yenidoğulmuşun beyninə (qeyri-travmatik) qansızma
2.7.168.5	Döl və yenidoğulmuşun (qeyri-travmatik) subaraxnoidal qansızması
2.7.168.6	Döl və yenidoğulmuşun arxa kəllə çuxuruna və beyinciyə (qeyri-travmatik) qansızması
2.7.168.7	Döl və yenidoğulmuşda digər kəllədaxili (qeyri-travmatik) qansızmalar
2.7.168.8	Döl və yenidoğulmuşun hemorragik xəstəliyi
2.7.169	Neonatal qanaxma
2.7.169.1	Yenidoğulmuşlarda hematemezis
2.7.169.2	Yenidoğulmuşda melena
2.7.169.3	Yenidoğulmuşda düz bağırsaqdan qanaxma
2.7.169.4	Yenidoğulmuşda mədə bağırsaq qanaxması
2.7.169.5	Yenidoğulmuşda böyrəküstü vəziyə qansızma
2.7.169.6	Yenidoğulmuşda dəriyə qansızma
2.7.169.7	Yenidoğulmuşda uşaqlıq yolunda qanaxma
2.7.169.8	Yenidoğulmuşda digər dəqiqləşdirilmiş qanaxmalar
2.7.169.9	Yenidoğulmuşun göbək ciyəsindən massiv qanaxma
2.7.17	Sеrеbrоvаskulyаr хəstəliklər
2.7.17.1	Yuxu cibi və bifurkasiya hissədən subaraxnoidal qansızma
2.7.17.10	Yarımkürələrin qabıq nahiyəsinə (kortikal) beyindaxili qansızma
2.7.17.11	Beyindaxili beyin kötüyünə qansızma
2.7.17.12	Beyindaxili beyinciyə qansızma
2.7.17.13	Beyindaxili mədəcikdaxilinə qansızma
2.7.17.14	Beyindaxili çox lokalizasiyalı qansızma
2.7.17.15	Digər beyindaxili qansızma
2.7.17.16	Subdural qansızma (kəskin) (qeyri-travmatik)
2.7.17.17	Qeyri-travmatik ekstradural qansızma
2.7.17.18	Beyinönü arteriyaların trombozu nəticəsində yaranan beyin infarktı
2.7.17.19	Beyinönü arteriyaların emboliyası nəticəsində yaranan beyin infarktı
2.7.17.2	Orta beyin arteriyasından subaraxnoidal qansızma
2.7.17.20	Beyin arteriyalarının trombozu nəticəsində yaranan beyin infarktı
2.7.17.21	Beyin arteriyalarının emboliyası nəticəsində yaranan beyin infarktı
2.7.17.22	Beyin venalarının trombozu nəticəsində yaranan qeyri-piogen beyin infarktı
2.7.17.23	Digər formalı beyin infarktı
2.7.17.24	Qanaxma və ya infarkt olduğu dəqiqləşdirilməyən insult (serebrovaskulyar tutma)
2.7.17.25	Fəqərə arteriyasının tıxanması və stenozu
2.7.17.26	Bazilyar arteriyanın tıxanması və stenozu
2.7.17.27	Yuxu arteriyasının tıxanması və stenozu
2.7.17.28	Çoxsaylı və ikitərəfli beyinönü arteriyaların tıxanması və stenozu
2.7.17.29	Digər beyinönü arteriyaların tıxanması və stenozu
2.7.17.3	Ön birləşdirici arteriyadan subaraxnoidal qansızma
2.7.17.30	Orta beyin arteriyasının tıxanması və stenozu
2.7.17.31	Ön beyin arteriyasının tıxanması və stenozu
2.7.17.32	Arxa beyin arteriyasının tıxanması və stenozu
2.7.17.33	Beyincik arteriyalarının tıxanması və stenozu
2.7.17.34	Beyin arteriyalarının çoxsaylı və ikitərəfli tıxanması və stenozu
2.7.17.35	Beynin digər arteriyasının tıxanması və stenozu
2.7.17.4	Dal birləşdirici arteriyadan subaraxnoidal qansızma
2.7.17.5	Bazilyar arteriyadan subaraxnoidal qansızma
2.7.17.6	Fəqərə arteriyasından subaraxnoidal qansızma
2.7.17.7	Digər kəllədaxili arteriyalardan subaraxnoidal qansızma
2.7.17.8	Digər subaraxnoidal qansızma
2.7.17.9	Yarımkürələrin qabıqaltı nahiyəsinə (subkortikal) beyindaxili qansızma
2.7.170	Perinatal hematoloji pozuntular
2.7.170.1	Döl və yenidoğulmuşun rezus izoimmunlaşması
2.7.170.10	Dölün qanitirməsi ilə əlaqədar anadangəlmə anemiya
2.7.170.11	Başqa rubrikalarda təsnif olunmayan digər anadangəlmə anemiya
2.7.170.12	Digər dəqiqləşdirilmiş perinatal hematoloji pozuntular
2.7.170.2	Döl və yenidoğulmuşun ABO izoimmunlaşması
2.7.170.3	Döl və yenidoğulmuşun hemolitik xəstəliklərinin digər formaları
2.7.170.4	Dölün izoimmunlaşma ilə əlaqədar hidropsu
2.7.170.5	İzoimmunlaşma ilə əlaqədar nüvə sarılığı
2.7.170.6	Nüvə sarılığının digər dəqiqləşdirilmiş formaları
2.7.170.7	Döldə və yenidoğulmuşda qanın disseminə olunmuş damardaxili laxtalanması
2.7.170.8	Yenidoğulmuşun polisitemiyası
2.7.170.9	Yarımçıq doğulmuşların anemiyası
2.7.171	Döl və yenidoğulmuş üçün spesifik olan keçici endokrin pozuntular və maddələr mübadiləsi pozuntuları
2.7.171.1	Hamiləlik diabeti olan ananın doğduğu yenidoğulmuş sindromu
2.7.171.10	Yenidoğulmuşlarda gecikmiş metabolik asidoz
2.7.171.11	Yenidoğulmuşlarda dehidratasiya
2.7.171.12	Yenidoğulmuşlarda natriumun disbalansı
2.7.171.13	Yenidoğulmuşlarda kaliumun disbalansı
2.7.171.2	Diabetli ananın doğduğu yenidoğulmuş sindromu
2.7.171.3	Yenidoğulmuşların şəkərli diabeti
2.7.171.4	Yatrogen neonatal hipoqlikemiya
2.7.171.5	Yenidoğulmuşların inək südü ilə əlaqədar hipokalsiemiyası
2.7.171.6	Neonatal hipokalsiemiyanın digər formaları
2.7.171.7	Neonatal hipomaqniemiya
2.7.171.8	Kalsium və maqnezium çatışmazlığı olmadan neonatal tetaniya
2.7.171.9	Digər rubrikalarda təsnif olunmayan neonatal ur
2.7.172	Döl və yenidoğulmuşda həzm sisteminin pozuntusu
2.7.172.1	Mekonium ileusu sistik fibroz zamanı (E84.1+)
2.7.172.2	Mekonium tıxacı sindromu
2.7.172.3	Yenidoğulmuşlarda keçici ileus
2.7.172.4	Döl və yenidoğulmuşlarda nekrozlaşan enterokolit
2.7.172.5	Ana qanının udulması nəticəsində meydana çıxan melena və hematemezis
2.7.172.6	Yenidoğulmuşlarda qeyri-infeksion diareya
2.7.173	Döl və yenidoğulmuşda istilik tənziminə və xarici örtüklərə təsir edən hallar
2.7.173.1	Soyuq travması sindromu
2.7.173.2	Yenidoğulmuşların digər hipotermiyası
2.7.173.3	Yenidoğulmuşların xarici mühit faktorlarının törətdiyi hipotermiyası
2.7.173.4	Yenidoğulmuşlarda istilik tənziminin digər dəqiqləşdirilmiş pozuntuları
2.7.173.5	Yenidoğulmuşların sklereması
2.7.173.6	Neonatal toksik eritema
2.7.173.7	Dölün hemolitik xəstəliklə əlaqədar olmayan hidropsu
2.7.173.8	Xarici örtüklərin döl və yenidoğulmuş üçün spesifik olan digər dəqiqləşdirilmiş dəyişiklikləri
2.7.174	Perinatal dövrdə meydana çıxan digər pozuntular
2.7.174.1	Döl və yenidoğulmuşa yeridilən dərman maddələrinin törətdiyi reaksiya və intoksikasiyalar
2.7.174.10	Qansızma ilə əlaqədar neonatal sarılıq
2.7.174.11	Qanaxma ilə əlaqədar neonatal sarılıq
2.7.174.12	İnfeksiya ilə əlaqədar neonatal sarılıq
2.7.174.13	Polisitemiya ilə əlaqədar neonatal sarılıq
2.7.174.14	Yenidoğulmuşa yeridilmiş və ya anadan yenidoğulmuşa keçmiş dərman və ya toksinlərlə əlaqədar neonatal sarılıq
2.7.174.15	Ana qanının udulması ilə əlaqədar neonatal sarılıq
2.7.174.16	İfrat hemolizin digər dəqiqləşdirilmiş formaları ilə əlaqədar neonatal sarılıq
2.7.174.17	Vaxtından əvvəl dölün azad edilməsi ilə əlaqədar neonatal sarılıq
2.7.174.18	Ödün qatılaşma sindromu
2.7.174.19	Laktasiyanı inhibə edən vasitələrlə əlaqədar neonatal sarılıq
2.7.174.2	Yenidoğulmuşlarda keçici ağır miasteniya
2.7.174.20	Digər dəqiqləşdirilmiş səbəblərlə əlaqədar neonatal sarılıq
2.7.174.3	Anadangəlmə hipertonus
2.7.174.4	Anadangəlmə hipotonus
2.7.174.5	Yenidoğulmuşlarda ananın narkotik maddələrdən istifadəsi nəticəsində dərman abstinensiyası simptomları
2.7.174.6	Yenidoğulmuşlara dərman preparatları yeritdikdən sonra meydana çıxan abstinensiya simptomları
2.7.174.7	Geniş kəllə tikişləri (yenidoğulmuşların kraniotabesi)
2.7.174.8	Bətndaxili müdaxilələrlə əlaqədar digər rubrikalarda təsnif olunmayan ağırlaşmalar
2.7.174.9	Perinatal dövrdə meydana çıxan digər dəqiqləşdirilmiş pozuntular
2.7.175	Anadangəlmə böyrək çatışmazlığı
2.7.175.1	Anadangəlmə böyrək çatışmazlığı (yenidoğulmuşların uremiyası)
2.7.176	Sistem təsirli antibiotiklərlə, infeksiya əleyhinə və antiparazitar maddələrlə zəhərlənmə
2.7.176.1	Penisillinlərlə zəhərlənmə
2.7.176.10	Sulfanilamidlərlə zəhərlənmə
2.7.176.11	Antibakterial preparatlarla zəhərlənmə
2.7.176.12	Malyariya əleyhinə preparatlarla və qanda parazitlik edən digər ibtidailərə təsir edən maddələrlə zəhərlənmə
2.7.176.13	Digər antiprotozoy preparatlarla zəhərlənmə
2.7.176.14	Helmint əleyhinə maddələrlə zəhərlənmə
2.7.176.15	Virus əleyhinə preparatlarla zəhərlənmə
2.7.176.16	Sistem təsirə malik digər dəqiqləşdirilmiş mikrob əleyhinə və antiparazitar maddələrlə zəhərlənmə
2.7.176.2	Sefalosporinlərlə və digər β-laktamaza əmələ gətirən antibiotiklərlə zəhərlənmə
2.7.176.3	Xloramfenikol qrupu ilə zəhərlənmə
2.7.176.4	Makrolidlərlə zəhərlənmə
2.7.176.5	Tetrasiklinlərlə zəhərlənmə
2.7.176.6	Aminoqlikozidlər qrupuna aid antibiotiklərlə zəhərlənmə
2.7.176.7	Rifampisinlərlə zəhərlənmə
2.7.176.8	Sistem təsirli göbələk əleyhinə antibiotiklərlə zəhərlənmə
2.7.176.9	Sistem təsirə malik digər antibiotiklərlə zəhərlənmə
2.7.177	Başqa rubrikalarda təsnif olunmayan hormonlar, onların sintetik əvəzediciləri və antaqonistləri ilə zəhərlənmə
2.7.177.1	Qlükokortikoidlər və onların sintetik analoqları ilə zəhərlənmə
2.7.177.2	Qalxanabənzər vəzinin hormonları və onların əvəzediciləri ilə zəhərlənmə
2.7.177.3	Antitireoid preparatlarla zəhərlənmə
2.7.177.4	İnsulinlə və peroral qəbul edilən hipoqlikemik (diabetəleyhinə) preparatlarla zəhərlənmə
2.7.177.5	Peroral qəbul edilən kontraseptivlərlə zəhərlənmə
2.7.177.6	Digər estrogenlər və proqestogenlərlə zəhərlənmə
2.7.177.7	Başqa rubrikalarda təsnif olunmayan antiqonadotropinlərlə, antiestrogenlərlə və antiandrogenlərlə zəhərlənmə
2.7.177.8	Androgenlərlə və onların anabolik analoqları ilə zəhərlənmə
2.7.178	Qeyri-opioid ağrıkəsici, hərarətsalıcı və revmatizm əleyhinə maddələrlə zəhərlənmə
2.7.178.1	Salisilatlarla zəhərlənmə
2.7.178.2	4-aminofenolun sintetik preparatları ilə zəhərlənmə
2.7.178.3	Pirazolonun sintetik preparatları ilə zəhərlənmə
2.7.178.4	Digər qeyri-steroid iltihab əleyhinə maddələrlə (NSAID) zəhərlənmə
2.7.178.5	Revmatizm əleyhinə maddələrlə zəhərlənmə
2.7.178.6	Başqa rubrikalarda təsnif olunmayan digər qeyri-narkotik ağrıkəsici və hərarətsalıcı maddələrlə zəhərlənmə
2.7.179	Narkotiklərlə və psixodisleptiklərlə (hallüsinogenlərlə) zəhərlənmə
2.7.179.1	Opiumla zəhərlənmə
2.7.179.2	Heroinlə zəhərlənmə
2.7.179.3	Digər opioidlərlə zəhərlənmə
2.7.179.4	Metadonla zəhərlənmə
2.7.179.5	Digər sintetik narkotiklərlə zəhərlənmə
2.7.179.6	Kokainlə zəhərlənmə
2.7.179.7	Kannabislə (sintetik) zəhərlənmə
2.7.179.8	Lizergidlə (LSD) zəhərlənmə
2.7.18	Anevrizma və təbəqələrə ayrılma
2.7.18.1	Aortanın (istənilən hissəsinin) təbəqələrə ayrılması
2.7.18.10	Böyrək arteriyasının anevrizması və təbəqələrə ayrılması
2.7.18.11	Qalça arteriyasının anevrizması və təbəqələrə ayrılması
2.7.18.12	Aşağı ətraf arteriyalarının anevrizması və təbəqələrə ayrılması
2.7.18.13	Beyinönü arteriyaların anevrizması və təbəqələrə ayrılması
2.7.18.14	Digər dəqiqləşdirilmiş arteriyaların anevrizması və təbəqələrə ayrılması
2.7.18.15	Aortanın digər rubrikalarda təsnif olunan xəstəliklər zamanı rast gələn anevrizması
2.7.18.16	Ürək anevrizması
2.7.18.17	Tac arteriyaların anevrizması
2.7.18.18	Beyin arteriyalarının cırılma baş vermədən təbəqələrə ayrılması
2.7.18.19	Beynin cırılma baş vermədən anevrizması
2.7.18.2	Aortanın döş hissəsinin cırılmış anevrizması
2.7.18.3	Aortanın döş hissəsinin cırılması barədə məlumat olmadan anevrizması
2.7.18.4	Qarın aortasının cırılmış anevrizması
2.7.18.5	Qarın aortasının cırılması barədə məlumat olmadan anevrizması
2.7.18.6	Döş və qarın aortasının cırılmış anevrizması
2.7.18.7	Döş və qarın aortasının cırılması barədə məlumat olmadan anevrizması
2.7.18.8	Yuxu arteriyasının anevrizması və təbəqələrə ayrılması
2.7.18.9	Yuxarı ətraf arteriyalarının anevrizması və təbəqələrə ayrılması
2.7.180	Anesteziyaedici maddələrlə və terapevtik qazlarla zəhərlənmə
2.7.180.1	İnhalyasion narkoz maddələr ilə zəhərlənmə
2.7.180.2	Venadaxili narkoz maddələr ilə zəhərlənmə
2.7.180.3	Yerli anesteziyaedici maddələr ilə zəhərlənmə
2.7.180.4	Terapevtik qazlarla zəhərlənmə
2.7.181	Qıcolma əleyhinə, sedativ, yuxugətirici və parkinson əleyhinə maddələrlə zəhərlənmə
2.7.181.1	Gidantoinin sintetik preparatları ilə zəhərləmə
2.7.181.2	İmunostilbenlərlə zəhərlənmə
2.7.181.3	Suksinimidlərlə və oksazolidindionlarla zəhərlənmə
2.7.181.4	Barbituratlarla zəhərlənmə
2.7.181.5	Benzodiazepinlərlə zəhərlənmə
2.7.181.6	Başqa rubrikalarda təsnif olunmayan qarışıq qıcolma əleyhinə preparatlarla zəhərlənmə
2.7.181.7	Digər qıcolma əleyhinə, sedativ və yuxugətirici maddələrlə zəhərlənmə
2.7.181.8	Mərkəzi təsirli parkinson ələyhinə preparatlarla və digər əzələ depressantları ilə zəhərlənmə
2.7.182	Başqa rubrikalarda təsnif olunmayan psixotrop maddələrlə zəhərlənmə
2.7.182.1	Trisiklik və tetrasiklik antidepressantlarla zəhərlənmə
2.7.182.2	Antidepressantlarla – monoaminoksidazanın inhibitorları ilə zəhərlənmə
2.7.182.3	Antipsixotik və neyroleptik preparatlarla zəhərlənmə
2.7.182.4	Buterofenon və tioksantenin sintetik fenotiazin sırasına aid neyroleptiklərlə zəhərlənmə
2.7.182.5	Onlara meyillik yaranmasının mümkünlüyü ilə səciyyələnən psixostimuledici maddələrlə zəhərlənmə
2.7.182.6	Başqa rubrikalarda təsnif olunmayan digər psixotrop maddələrlə zəhərlənmə
2.7.183	Əsasən vegetativ sinir sisteminə təsir edən preparatlarla zəhərlənmə
2.7.183.1	Xolinesterazanın ingibitorları ilə zəhərlənmə
2.7.183.2	Digər parasimpatomimetik (xolinergik) maddələrlə zəhərlənmə
2.7.183.3	Başqa rubrikalarda təsnif olunmayan qanqlioblokadaedici maddələrlə zəhərlənmə
2.7.183.4	Başqa rubrikalarda təsnif olunmayan digər parasimpatik (antixolinergik və antimuskarin) və spazmolitik maddələrə zəhərlənmə
2.7.183.5	Başqa rubrikalarda təsnif olunmayan, əsasən α-adrenoreseptorların aqonistləri olan maddələrlə zəhərlənmə
2.7.183.6	Başqa rubrikalarda təsnif olunmayan, əsasən β-adrenoreseptorların aqonistləri olan maddələrlə zəhərlənmə
2.7.183.7	Başqa rubrikalarda təsnif olunmayan, əsasən α-adrenoreseptorların antaqonistləri olan maddələrlə zəhərlənmə
2.7.183.8	Başqa rubrikalarda təsnif olunmayan, əsasən β-adrenoreseptorların antaqonistləri olan maddələrlə zəhərlənmə
2.7.183.9	Başqa rubrikalarda təsnif olunmayan, mərkəzi təsirə malik və adrenoneyronblokadaedici maddələrlə zəhərlənmə
2.7.184	Başqa rubrikalarda təsnif olunmayan, əsasən ümumi (sistem) təsir edən və hematoloji təsirli preparatlarla zəhərlənmə
2.7.184.1	Allergiya əleyhinə və qusma əleyhinə maddələrlə zəhərlənmə
2.7.184.2	Şiş əleyhinə və immunodepressiv təsirə malik preparatlarla zəhərlənmə
2.7.184.3	Başqa rubrikalarda təsnif olunmayan vitaminlərlə zəhərlənmə
2.7.184.4	Başqa rubrikalarda təsnif olunmayan fermentlərlə zəhərlənmə
2.7.184.5	Dəmir və onun birləşmələri ilə zəhərlənmə
2.7.184.6	Antikoaqülyantlarla zəhərlənmə
2.7.184.7	Fibrinolizə təsir edən preparatlarla zəhərlənmə
2.7.184.8	Antikoaqulyantların, K vitamininin və digər koaqulyantların antaqonistləri ilə zəhərlənmə
2.7.184.9	Əsasən sistem və hematoloji təsirli digər preparatlarla zəhərlənmə
2.7.185	Əsasən ürək-damar sisteminə təsir edən preparatlarla zəhərlənmə
2.7.185.1	Ürək qlikozidləri və analoji təsir edən preparatlarla zəhərlənmə
2.7.185.2	Kalsium kanallarının blokatorları ilə zəhərlənmə
2.7.185.3	Başqa rubrikalarda təsnif olunmayan digər aritmiya əleyhinə preparatlarla zəhərlənmə
2.7.185.4	Başqa rubrikalarda təsnif olunmayan, tac damarları genişləndirən preparatlarla zəhərlənmə
2.7.185.5	Angiotenzini konversiya edən fermentlərin ingibitorları ilə zəhərlənmə
2.7.185.6	Başqa rubrikalarda təsnif olunmayan digər hipotenziv maddələrlə zəhərlənmə
2.7.185.7	Antihiperlipidemik və antiaterosklerotik maddələrlə zəhərlənmə
2.7.185.8	Periferik damarları genişləndirən preparatlarla zəhərlənmə
2.7.185.9	Sklerozlaşdırıcı amil daxil olmaqla varikoz əleyhinə preparatlarla zəhərlənmə
2.7.186	Əsasən həzm orqanlarına təsir edən preparatlarla zəhərlənmə
2.7.186.1	Histaminin H2–reseptorlarının antaqonistləri ilə zəhərlənmə
2.7.186.2	Mədə turşusunu neytrallaşdıran və mədə sekresiyasını azaldan digər antiasid preparatlarla zəhərlənmə
2.7.186.3	Qıcıqlandırıcı işlədici maddələrlə zəhərlənmə
2.7.186.4	Duz və osmotik işlədici maddələrlə zəhərlənmə
2.7.186.5	Digər işlədici maddələrlə zəhərlənmə
2.7.186.6	Həzmi stimulə edən preparatlarla zəhərlənmə
2.7.186.7	İshal əleyhinə maddələrlə zəhərlənmə
2.7.186.8	Qusdurucu maddələrlə zəhərlənmə
2.7.186.9	Əsasən mədə-bağırsaq sisteminə təsir edən digər maddələrlə zəhərlənmə
2.7.187	Əsasən saya və skelet əzələlərinə və tənəffüs orqanlarına təsir edən preparatlarla zəhərlənmə
2.7.187.1	Oksitosin qrupu preparatlar ilə zəhərlənmə
2.7.187.2	Miorelaksatlarla (skelet əzələlərinin H-xolinoreseptorlarının blokatorları ilə) zəhərlənmə
2.7.187.3	Öskürək əleyhinə vasitələrlə zəhərlənmə
2.7.187.4	Bəlğəmgətirici vasitələrlə zəhərlənmə
2.7.187.5	Zökəm əleyhinə vasitələrlə zəhərlənmə
2.7.187.6	Başqa rubrikalarda təsnif olunmayan, astma əleyhinə vasitələrlə zəhərlənmə
2.7.188	Əsasən dəriyə və selikli qişalara təsir edən yerli təsirli preparatlarla və oftalmoloji, otolarinqoloji və stomatoloji praktikada istifadə edilən vasitələrlə zəhərlənmələr
2.7.188.1	Başqa rubrikalarda təsnif olunmayan, yerli təsirli göbələk əleyhinə, infeksiya əleyhinə və iltihab əleyhinə preparatlarla zəhərlənmə
2.7.188.2	Qaşınma əleyhinə vasitələrlə zəhərlənmə
2.7.188.3	Bürüyücü vasitələrlə və yerli təsirli detergentlərlə zəhərlənmə
2.7.188.4	Yumşaldıcı, qıcıqlanmanı azaldan və müdafiə vasitələri ilə zəhərlənmə
2.7.188.5	Keratolitik, keratoplastik və saçların müalicəsi üçün digər preparat və vasitələrlə zəhərlənmə
2.7.188.6	Oftalmoloji praktikada tətbiq olunan preparatlarla və vasitələrlə zəhərlənmə
2.7.188.7	Otolorinqoloji praktikada tətbiq olunan preparatlarla və vasitələrlə zəhərlənmə
2.7.188.8	Yerli tətbiq olunan stomatoloji preparatlarla zəhərlənmə
2.7.188.9	Yerli tətbiq olunan digər vasitələrlə zəhərlənmə
2.7.189	Diuretiklərlə və digər dəqiqləşdirilməmiş dərman vasitələri, medikamentlər və bioloji maddələrlə zəhərlənmə
2.7.189.1	Mineralokortikoidlərlə və onların antaqonistləri ilə zəhərlənmə
2.7.189.2	'İlgək' diuretikləri ilə zəhərlənmə
2.7.189.3	Karboanhidraza ingibitorları ilə, benzotiadiazin törəmələri və digər diuretik vasitələrlə zəhərlənmə
2.7.189.4	Elektrolit, energetik və su balansına təsir edən preparatlarla zəhərlənmə
2.7.189.5	Sidik turşusu mübadiləsinə təsir edən preparatlarla zəhərlənmə
2.7.189.6	İştah azaldan vasitələrlə zəhərlənmə
2.7.189.7	Başqa rubrikalarda təsnif olunmayan zəhər əleyhinə maddələrlə və kompleksonlarla zəhərlənmə
2.7.189.8	Analeptik vasitələrlə və 'opiat' reseptorların antaqonistləri ilə zəhərlənmə
2.7.189.9	Diaqnostik vasitələrlə zəhərlənmə
2.7.19	Arteriyalar və arteriolaların digər zədələnmələri
2.7.19.1	Qazanılmış arteriovenoz fistul
2.7.19.2	Arteriyaların daralması
2.7.19.3	Arteriyaların əzələ və birləşdirici toxuma qatının displaziyası
2.7.19.4	Qarın (coeliac) arteriyasının sıxılma sindromu
2.7.19.5	Arteriyalar və arteriolaların digər dəqiqləşdirilmiş dəyişiklikləri
2.7.190	Alkoqolun toksik təsiri
2.7.190.1	Etanolun toksik təsiri
2.7.190.2	Metanolun toksik təsiri
2.7.190.3	2-Propanolun toksik təsiri
2.7.190.4	Təmizlənmiş araq yağlarının toksik təsiri
2.7.190.5	Digər spirtlərin toksik təsiri
2.7.191	Üzvi həlledicilərin toksik təsiri
2.7.191.1	Neft məhsullarının toksik təsiri
2.7.191.2	Benzolun toksik təsiri
2.7.191.3	Benzolun homoloqlarının toksik təsiri
2.7.191.4	Qlikoleyin toksik təsiri
2.7.191.5	Ketonların toksik təsiri
2.7.191.6	Digər üzvü həlledicilərin toksik təsiri
2.7.192	Hallogen törəməli alifatik və aromatik karbohidrogenlərin toksik təsiri
2.7.192.1	Dördxlorlu karbonun toksik təsiri
2.7.192.2	Xloroformun toksik təsiri
2.7.192.3	Trixloretilenin toksik təsiri
2.7.192.4	Tetraxloretilenin toksik təsiri
2.7.192.5	Xlorftorkarbonların toksik təsiri
2.7.192.6	Digər hallogen törəməli alifatik karbohidrogenlərin toksik təsiri
2.7.192.7	Digər hallogen törəməli aromatik karbohidrogenlərin toksik təsiri
2.7.193	Yeyici maddələrin toksik təsiri
2.7.193.1	Fenol və onun homoloqlarının toksik təsiri
2.7.193.2	Digər yeyici üzvi maddələrin toksik təsiri
2.7.193.3	Aşındırıcı qələvilər və qələviyəbənzər maddələrin toksik təsiri
2.7.194	Sabunların və detergentlərin toksik təsiri
2.7.194.1	Sabunların və detergentlərin toksik təsiri
2.7.195	Metalların toksik təsiri
2.7.195.1	Qurğuşun və onun birləşmələrinin toksik təsiri
2.7.195.2	Civə və onun birləşmələrinin toksik təsiri
2.7.195.3	Xrom və onun birləşmələrinin toksik təsiri
2.7.195.4	Kadmium və onun birləşmələrinin toksik təsiri
2.7.195.5	Mis və onun birləşmələrinin toksik təsiri
2.7.195.6	Sink və onun birləşmələrinin toksik təsiri
2.7.195.7	Qalay və onun birləşmələrinin toksik təsiri
2.7.195.8	Berillium və onun birləşmələrinin toksik təsiri
2.7.195.9	Digər metalların toksik təsiri
2.7.196	Digər qeyri-üzvi maddələrin toksik təsiri
2.7.196.1	Arsen və onun birləşmələrinin toksik təsiri
2.7.196.2	Fosfor və onun birləşmələrinin toksik təsiri
2.7.196.3	Manqan və onun birləşmələrinin toksik təsiri
2.7.196.4	Hidrogen sianidin toksik təsiri
2.7.196.5	Digər dəqiqləşdirilmiş qeyri-üzvi maddələrin toksik təsiri
2.7.197	Dəm qazının toksik təsiri
2.7.197.1	Dəm qazının toksik təsiri
2.7.197.10	Digər dəqiqləşdirilmiş qazların, tüstülərin və buxarların toksik təsiri
2.7.197.2	Azot oksidlərinin toksik təsiri
2.7.197.3	Kükürd 2-oksidin toksik təsiri
2.7.197.4	Formaldehidin toksik təsiri
2.7.197.5	Gözyaşardıcı qazın toksik təsiri
2.7.197.6	Qazabənzər xlorun toksik təsiri
2.7.197.7	Qazabənzər ftor və ftorlu hidrogenin toksik təsiri
2.7.197.8	Hidrogensulfidin toksik təsiri
2.7.197.9	Karbon 2-oksidin toksik təsiri
2.7.198	Pestisidlərin toksik təsiri
2.7.198.1	Fosfor üzvi və karbamat insektisidlərin toksik təsiri
2.7.198.2	Hallogenli insektisidlərin toksik təsiri
2.7.198.3	Digər insektisidlərin toksik təsiri
2.7.198.4	Herbisidlərin və funqisidlərin toksik təsiri
2.7.198.5	Rodentisidlərin toksik təsiri
2.7.198.6	Digər pestisidlərin toksik təsiri
2.7.198.7	Dəqiqləşdirilməmiş pestisidlərin toksik təsiri
2.7.199	Qəbul edilmiş dəniz qida məhsullarında olan zəhərli maddələrin toksik təsiri
2.7.199.1	Sikvatera ilə zəhərlənmə
2.7.199.2	Skumbriya ailəsindən olan balıqla zəhərlənmə
2.7.199.3	Digər balıqla və mollyuskalarla zəhərlənmə
2.7.199.4	Digər dəniz məhsullarının toksik təsiri
2.7.199.5	Yeyilmiş göbələklərin toksik təsiri
2.7.199.6	Yeyilmiş giləmeyvələrin toksik təsiri
2.7.199.7	Digər yeyilmiş bitki(lər)in toksik təsiri
2.7.199.8	Qəbul edilmiş qida məhsullarında olan digər zəhərli maddələrin toksik təsiri
2.7.2	Bir neçə qapağın zədələnməsi
2.7.2.1	Mitral və aorta qapaqlarının eyni zamanda zədələnməsi
2.7.2.2	Mitral və üçtaylı qapaqların eyni zamanda zədələnmələri
2.7.2.3	Aortal və üçtaylı qapaqların eyni zamanda zədələnmələri
2.7.2.4	Mitral, aortal və üçtaylı qapaqların eyni zamanda zədələnmələri
2.7.2.5	Ürək qapaqlarının digər çoxsaylı xəstəlikləri
2.7.2.6	Ürəyin digər dəqiqləşdirilmiş revmatik xəstəlikləri
2.7.20	Arteriyaların emboliyası və trombozu
2.7.20.1	Qarın aortasının emboliya və trombozu
2.7.20.2	Yuxarı ətraf arteriyalarının emboliya və trombozu
2.7.20.3	Aşağı ətraf arteriyalarının emboliya və trombozu
2.7.20.4	Qalça arteriyasının emboliya və trombozu
2.7.20.5	Digər arteriyaların emboliya və trombozu
2.7.200	Zəhərli heyvanlarla kontaktla əlaqədar toksik effekt
2.7.200.1	İlan zəhəri ilə toksik effekt
2.7.200.2	Digər sürünənlərin zəhəri ilə toksik effekt
2.7.200.3	Əqrəbin zəhəri ilə toksik effekt
2.7.200.4	Hörümçəyin zəhəri ilə toksik effekt
2.7.200.5	Digər buğumayaqlılarının zəhəri ilə toksik effekt
2.7.200.6	Balıqla təmasla əlaqədar toksik effekt
2.7.200.7	Digər dəniz heyvanları ilə təmasla əlaqədar toksik effekt
2.7.200.8	Digər zəhərli heyvanlarla təmasla əlaqədar toksik effekt
2.7.201	Digər və dəqiqləşdirilməmiş maddələrin toksik təsiri
2.7.201.1	Sianidlərin toksik təsiri
2.7.201.2	Strixnin və onun duzlarının toksik təsiri
2.7.201.3	Benzolun və onun homoloqlarının nitrotörəmələri və aminotörəmələrinin toksik təsiri
2.7.201.4	Karbon disulfidin toksik təsiri
2.7.201.5	Nitroqliserinin və digər azot turşuları və mürrəkəb efirlərinin toksik təsiri
2.7.201.6	Başqa rubrikalarda təsnif olunmayan boyalar və boyayıcı maddələrin toksik təsiri
2.7.201.7	Digər dəqiqləşdirilmiş maddələrin toksik təsiri
2.7.202	Qidaya qarşı patoloji reaksiya nəticəsində anafilaktik şok
2.7.202.1	Qidaya qarşı patoloji reaksiya nəticəsində anafilaktik şok
2.7.202.2	Qidaya qarşı patoloji reaksiyanın digər əlamətləri
2.7.202.3	Angionevrotik ödem
2.7.202.4	Başqa rubrikalarda təsnif olunmayan digər arzuolunmaz reaksiyalar
2.7.203	Daxili qulağın digər xəstəlikləri
2.7.203.1	Labirintit
2.7.203.2	Labirintin disfunksiyası
2.7.203.3	Daxili qulağın səs effektləri
2.7.203.4	Daxili qulağın digər dəqiqləşdirilmiş xəstəliyi
2.7.204	Vestibulyar funksiyaların pozuntuları
2.7.204.1	Mərkəzi mənşəli başgicəllənmə
2.7.204.2	Vestibulyar funksiyaların digər pozuntuları
2.7.204.3	Digər rubrikalarda təsnif olunan xəstəliklərdə vestibulyar sindromlar
2.7.205	Otalgiya və qulaqdan ifrazat
2.7.205.1	Otalgiya
2.7.205.2	Otoreya
2.7.205.3	Qulaqdan qanaxma
2.7.205.4	Qulağın degenerativ və damar xəstəlikləri
2.7.205.5	Eşitmə sinirinin xəstəlikləri
2.7.205.6	Digər rubrikalarda təsnif olunan xəstəliklərdə qulağın başqa dəqiqləşdirilmiş zədələnmələri
2.7.206	Yüngül dərəcəli termik və kimyəvi yanıqlar
2.7.206.1	Baş və boynun birinci dərəcəli termiki yanığı
2.7.206.10	Bilək və əlin ikinci dərəcəli kimyəvi yanığı
2.7.206.11	Bud-çanaq oynağı nahiyəsi və aşağı ətrafın, aşıq-baldır oynağı və ayaq istisna olmaqla, birinci dərəcəli termiki yanığı
2.7.206.12	Bud-çanaq oynağı nahiyəsi və aşağı ətrafın, aşıq-baldır oynağı və ayaq istisna olmaqla, birinci dərəcəli kimyəvi yanığı
2.7.206.13	Aşıq-baldır oynağı və ayağın birinci dərəcəli termiki yanığı
2.7.206.14	Aşıq-baldır oynağı və ayağın ikinci dərəcəli termiki yanığı
2.7.206.15	Aşıq-baldır oynağı və ayağın birinci dərəcəli kimyəvi yanığı
2.7.206.16	Bədənin bir neçə nahiyəsinin birinci dərəcədən artıq olmadığı göstərilən termiki yanıqları
2.7.206.17	Bədənin bir neçə nahiyəsinin birinci dərəcədən artıq olmadığı göstərilən kimyəvi yanıqları
2.7.206.18	Bədən səthinin 10%-dən az sahəsinin termiki yanığı
2.7.206.19	Bədən səthinin 10-19% sahəsinin termiki yanığı
2.7.206.2	Baş və boynun birinci dərəcəli kimyəvi yanığı
2.7.206.20	Bədən səthinin 10%-dən az sahəsinin kimyəvi yanığı
2.7.206.21	Bədən səthinin 10-19% sahəsinin kimyəvi yanığı
2.7.206.22	Ağız boşluğu və udlağın termiki yanığı
2.7.206.23	Ağız boşluğu və udlağın kimyəvi yanığı
2.7.206.24	Göz qapağı və gözyuvası ətrafı nahiyənin termiki yanığı
2.7.206.25	Buynuz qişa və konyuktiva kisəsinin termiki yanığı
2.7.206.26	Gözün və onun köməkçi aparatının digər hissələrinin termiki yanığı
2.7.206.27	Göz qapağı və gözyuvası ətrafı nahiyənin kimyəvi yanığı
2.7.206.28	Buynuz qişa və konyuktiva kisəsinin kimyəvi yanığı
2.7.206.29	Gözün və onun köməkçi aparatının digər hissələrinin kimyəvi yanığı
2.7.206.3	Gövdənin birinci dərəcəli termiki yanığı
2.7.206.30	İkinci dərəcəli günəş yanığı
2.7.206.4	Gövdənin birinci dərəcəli kimyəvi yanığı
2.7.206.5	Yuxarı ətrafın və çiyin qurşağı nahiyəsinin, bilək və əl istisna olmaqla, birinci dərəcəli termiki yanığı
2.7.206.6	Yuxarı ətrafın və çiyin qurşağı nahiyəsinin, bilək və əl istisna olmaqla, birinci dərəcəli kimyəvi yanığı
2.7.206.7	Bilək və əlin birinci dərəcəli termiki yanığı
2.7.206.8	Bilək və əlin ikinci dərəcəli termiki yanığı
2.7.206.9	Bilək və əlin birinci dərəcəli kimyəvi yanığı
2.7.207	Orta dərəcəli termik və kimyəvi yanıqlar, çoxsaylı və dəqiqləşdirilməmiş lokalizasiyalı yanıqlar
2.7.207.1	Baş və boynun ikinci dərəcəli termiki yanığı
2.7.207.10	Bədənin bir neçə nahiyəsinin ikinci dərəcədən artıq olmadığı göstərilən termiki yanıqları
2.7.207.11	Bədənin bir neçə nahiyəsinin ikinci dərəcədən artıq olmadığı göstərilən kimyəvi yanıqları
2.7.207.12	Bədən səthinin 20-29% sahəsinin termiki yanığı
2.7.207.13	Bədən səthinin 20-29% sahəsinin kimyəvi yanığı
2.7.207.2	Baş və boynun ikinci dərəcəli kimyəvi yanığı
2.7.207.3	Gövdənin ikinci dərəcəli termiki yanığı
2.7.207.4	Gövdənin ikinci dərəcəli kimyəvi yanığı
2.7.207.5	Yuxarı ətrafın və çiyin qurşağı nahiyəsinin, bilək və əl istisna olmaqla, ikinci dərəcəli termiki yanığı
2.7.207.6	Yuxarı ətrafın və çiyin qurşağı nahiyəsinin, bilək və əl istisna olmaqla, ikinci dərəcəli kimyəvi yanığı
2.7.207.7	Bud-çanaq oynağı nahiyəsi və aşağı ətrafın, aşıq-baldır oynağı və ayaq istisna olmaqla, ikinci dərəcəli termiki yanığı
2.7.207.8	Bud-çanaq oynağı nahiyəsi və aşağı ətrafın, aşıq-baldır oynağı və ayaq istisna olmaqla, ikinci dərəcəli kimyəvi yanığı
2.7.207.9	Aşıq-baldır oynağı və ayağın ikinci dərəcəli kimyəvi yanığı
2.7.208	Ağır dərəcəli termik və kimyəvi yanıqlar, bədənin bir neçə nahiyəsinin termik və kimyəvi yanıqları
2.7.208.1	Bilək və əlin üçüncü dərəcəli termiki yanığı
2.7.208.10	Baş və boynun üçüncü dərəcəli kimyəvi yanığı
2.7.208.11	Gövdənin üçüncü dərəcəli termiki yanığı
2.7.208.12	Gövdənin üçüncü dərəcəli kimyəvi yanığı
2.7.208.13	Yuxarı ətrafın və çiyin qurşağı nahiyəsinin, bilək və əl istisna olmaqla, üçüncü dərəcəli termiki yanığı
2.7.208.14	Yuxarı ətrafın və çiyin qurşağı nahiyəsinin, bilək və əl istisna olmaqla, üçüncü dərəcəli kimyəvi yanığı
2.7.208.15	Bud-çanaq oynağı nahiyəsi və aşağı ətrafın, aşıq-baldır oynağı və ayaq istisna olmaqla, üçüncü dərəcəli termiki yanığı
2.7.208.16	Bud-çanaq oynağı nahiyəsi və aşağı ətrafın, aşıq-baldır oynağı və ayaq istisna olmaqla, üçüncü dərəcəli kimyəvi yanığı
2.7.208.17	Bədənin bir neçə nahiyəsinin heç olmasa bir nahiyədə üçüncü dərəcəli yanıq göstərilməklə termiki yanıqları
2.7.208.18	Bədənin bir neçə nahiyəsinin heç olmasa bir nahiyədə üçüncü dərəcəli yanıq göstərilməklə kimyəvi yanıqları
2.7.208.19	Bədən səthinin 50-59% sahəsinin termiki yanığı
2.7.208.2	Bilək və əlin üçüncü dərəcəli kimyəvi yanığı
2.7.208.20	Bədən səthinin 60-69% sahəsinin termiki yanığı
2.7.208.21	Bədən səthinin 70-79% sahəsinin termiki yanığı
2.7.208.22	Bədən səthinin 80-89% sahəsinin termiki yanığı
2.7.208.23	Bədən səthinin 90% və ya daha çox sahəsinin termiki yanığı
2.7.208.24	Bədən səthinin 50-59% sahəsinin kimyəvi yanığı
2.7.208.25	Bədən səthinin 60-69% sahəsinin kimyəvi yanığı
2.7.208.26	Bədən səthinin 70-79% sahəsinin kimyəvi yanığı
2.7.208.27	Bədən səthinin 80-89% sahəsinin kimyəvi yanığı
2.7.208.28	Bədən səthinin 90% və ya daha çox sahəsinin kimyəvi yanığı
2.7.208.3	Aşıq-baldır oynağı və ayağın üçüncü dərəcəli termiki yanığı
2.7.208.4	Aşıq-baldır oynağı və ayağın üçüncü dərəcəli kimyəvi yanığı
2.7.208.5	Bədən səthinin 30-39% sahəsinin termiki yanığı
2.7.208.6	Bədən səthinin 40-49% sahəsinin termiki yanığı
2.7.208.7	Bədən səthinin 30-39% sahəsinin kimyəvi yanığı
2.7.208.8	Bədən səthinin 40-49% sahəsinin kimyəvi yanığı
2.7.208.9	Baş və boynun üçüncü dərəcəli termiki yanığı
2.7.209	Gözün və gözün köməkçi aparatının məhdud nahiyəsinin termiki və kimyəvi yanıqları
2.7.209.1	Göz almasının dağılması və tamlığının pozulmasına gətirib çıxaran termiki yanıq
2.7.209.2	Göz almasının dağılması və tamlığının pozulmasına gətirib çıxaran kimyəvi yanıq
2.7.21	Flebit və tromboflebit
2.7.21.1	Aşağı ətrafların səthi damarlarının flebit və tromboflebiti
2.7.21.2	Bud venasının flebit və tromboflebiti
2.7.21.3	Aşağı ətrafların digər dərin damarlarının flebit və tromboflebiti
2.7.21.4	Digər lokalizasiyalı flebit və tromboflebit
2.7.210	Tənəffüs yollarının termiki və kimyəvi yanıqları
2.7.210.1	Qırtlaq, traxeya və ağciyərin termiki yanığı
2.7.210.2	Qırtlaq, traxeya və ağciyərin kimyəvi yanığı
2.7.210.3	Qırtlaq və traxeyanın termiki yanığı
2.7.210.4	Tənəffüs yollarının digər şöbələrinin termiki yanığı
2.7.210.5	Qırtlaq və traxeyanın kimyəvi yanığı
2.7.210.6	Tənəffüs yollarının digər şöbələrinin kimyəvi yanığı
2.7.211	Digər daxili orqanların termiki və kimyəvi yanıqları
2.7.211.1	Qida borusunun termiki yanığı
2.7.211.2	Həzm yolunun digər şöbələrinin termiki yanığı
2.7.211.3	Daxili sidik-cinsiyyət orqanlarının termiki yanığı
2.7.211.4	Qida borusunun kimyəvi yanığı
2.7.211.5	Həzm yolunun digər şöbələrinin kimyəvi yanığı
2.7.211.6	Daxili sidik-cinsiyyət orqanlarının kimyəvi yanığı
2.7.212	Osteomielit
2.7.212.1	Kəskin hematogen osteomielit
2.7.212.2	Kəskin osteomielitin digər formaları
2.7.212.3	Yarımkəskin osteomielit
2.7.212.4	Drenə olunmuş sinusla xroniki osteomielit
2.7.212.5	Digər xroniki hematogen osteomielitlər
2.7.212.6	Digər xroniki osteomielit
2.7.212.7	Digər osteomielit
2.7.213	Artrozlar
2.7.213.1	Birincili generalizə olunmuş (osteo)artroz
2.7.213.10	İkitərəfli posttravmatik qonartroz
2.7.213.2	Heberden düyünləri (artropatiya ilə)
2.7.213.3	Buşar düyünləri (artropatiya ilə)
2.7.213.4	İkincili çoxsaylı artroz
2.7.213.5	Eroziv (osteo)artroz
2.7.213.6	İkitərəfli birincili koksartroz
2.7.213.7	İkitərəfli displaziya nəticəsində koksartroz
2.7.213.8	İkitərəfli posttravmatik koksartrozlar
2.7.213.9	Birincili ikitərəfli qonartroz
2.7.214	Əzələlərin xəstəlikləri
2.7.214.1	İnfeksion miozit
2.7.214.10	Əzələnin işemik infarktı _x000D_ (Qeyri-travmatik sıxılma sindromu)
2.7.214.11	İmmobilizasiya sindromu (paraplegik)
2.7.214.2	Ossifikasiya edən travmatik miozit
2.7.214.3	Proqressivləşən, ossifikasiya edən miozit
2.7.214.4	Əzələlərin paralitik ossifikasiya və kalsifikasiyası
2.7.214.5	Əzələlərin yanıqla əlaqədar ossifikasiya və kalsifikasiyası
2.7.214.6	Əzələnin digər kalsifikasiyası
2.7.214.7	Əzələnin digər ossifikasiyası
2.7.214.8	Əzələnin ayrılması
2.7.214.9	Əzələnin digər cırılması (qeyri-travmatik)
2.7.215	Sinovial qişaların və vətərlərin zədələnməsi
2.7.215.1	Vətər qişasının absesi
2.7.215.2	Digər infeksion (teno) sinovitlər
2.7.215.3	Kalsifikasiyalaşan tendinit
2.7.215.4	Bükücü vətərlərin spontan qırılması
2.7.215.5	Digər vətərlərin spontan qırılması
2.7.215.6	Vətərlərin (yataqlarının) digər kontrakturası
2.7.215.7	Miqrasiya edən sinovit
2.7.215.8	Digər rubrikalarda təsnif olunan xəstəliklərdə sinovial qişaların və vətərlərin başqa zədələnmələri
2.7.216	Yumşaq toxumaların digər xəstəlikləri
2.7.216.1	Prepatelyar bursit
2.7.216.10	Nekrozlaşan fassit
2.7.216.11	Çiynin adgeziv kapsuliti
2.7.216.12	Çiyin rotatorunun sıxılması sindromu
2.7.216.13	İkibaşlı əzələnin tendiniti
2.7.216.14	Çiynin kalsifikasiyalaşan tendiniti
2.7.216.15	Çiynin zərbə sindromu
2.7.216.16	Çiynin bursiti
2.7.216.17	Çiynin digər zədələnmələri
2.7.216.18	Sağrı əzələlərinin tendiniti
2.7.216.19	Bel əzələlərinin tendiniti
2.7.216.2	Diz oynağının digər bursitləri
2.7.216.20	Qalça darağı əzələlərinin tendiniti
2.7.216.21	Qalça-qamış bağı sindromu
2.7.216.22	Qamış kollateral (Pelleqrini-Ştidi) bursiti
2.7.216.23	Diz qapağı nahiyəsinin tendiniti
2.7.216.24	Daban (Axill) vətərinin tendiniti
2.7.216.25	İncik sümüyünün tendiniti
2.7.216.26	Pəncə istisna olmaqla aşağı ətrafın digər entezopatiyaları
2.7.216.27	Medial epikondilit
2.7.216.28	Lateral epikondilit
2.7.216.3	Böyük burmanın (bud sümüyünün) bursiti
2.7.216.4	Budun digər bursitləri
2.7.216.5	Sinovial kisənin absesi
2.7.216.6	Digər infeksion bursitlər
2.7.216.7	Sinovial kisəyə kalsiumun çökməsi
2.7.216.8	Başqa rubrikalarda təsnif olunmayan digər bursitlər
2.7.216.9	Digər dəqiqləşdirilmiş bursopatiyalar
2.7.217	Sümük sıxlığının və strukturunun pozuntuları
2.7.217.1	Patoloji sınıqla müşayiət olunan menopauzadan sonrakı osteoporoz
2.7.217.10	Sorulmanın pozulması ilə bağlı osteomalyasiya
2.7.217.11	Yaşlılarda digər osteomalyasiya
2.7.217.12	Başqa rubrikalarda təsnif olunmayan stress sınıqları
2.7.217.13	Başqa rubrikalarda təsnif olunmayan patoloji sınıqlar
2.7.217.14	Fibroz displaziya (bir sümüyün, seçici)
2.7.217.15	Skeletin flüorozu
2.7.217.16	Anevrizmal sümük kistası
2.7.217.2	Yumurtalıqların çıxarılmasından sonra patoloji sınıqla müşayiət olunan osteoporoz
2.7.217.3	Hərəkətsizliklə bağlı patoloji sınıqla müşayiət olunan osteoporoz
2.7.217.4	Bağırsaqlarda sorulmanın pozulması ilə bağlı patoloji sınıqla müşayiət olunan cərrahi əməliyyatdan sonrakı osteoporoz
2.7.217.5	Patoloji sınıqla müşayiət olunan dərman osteoporozu
2.7.217.6	Patoloji sınıqla müşayiət olunan idiopatik osteoporoz
2.7.217.7	Patoloji sınıqla müşayiət olunan digər osteoporoz
2.7.217.8	Doğuşdan sonrakı osteomalyasiya
2.7.217.9	Qocalıq osteomalyasiyası
2.7.218	Qabırğanın (qabırğaların), döş sümüyünün və onurğanın döş şöbəsinin sınığı. Döş qəfəsinin kapsul-bağ aparatının və oynaqlarının çıxığı, gərilməsi və zədələnməsi
2.7.218.1	Döş sümüyünün sınığı
2.7.218.2	Qabırğanın sınığı
2.7.218.3	Qabırğaların çoxsaylı sınıqları
2.7.218.4	Döş fəqərəsinin çıxığı
2.7.218.5	Döş qəfəsinin əzilməsi
2.7.218.6	Döş qəfəsinin arxa divarının açıq yarası
2.7.218.7	Döş fəqərəsinin sınığı
2.7.218.8	Onurğanın döş şöbəsinin çoxsaylı sınıqları
2.7.219	Bud-çanaq oynağı və bud nahiyəsinin əzələ və vətərinin travması. Baldır səviyyəsində əzələ və vətərin travması. Aşıq-baldır oynağı və ayaq səviyyəsində əzələ və vətərin travması
2.7.219.1	Bud-çanaq oynağının əzələ və vətərinin travması
2.7.219.10	Baldır səviyyəsində bir neçə əzələ və vətərlərin travması
2.7.219.11	Baldır səviyyəsində digər əzələ və vətərlərin travması
2.7.219.12	Barmağı bükən uzun əzələ və onun vətərinin aşıq-baldır oynağı və ayaq səviyyəsində travması
2.7.219.13	Barmağı açan uzun əzələ və onun vətərinin aşıq-baldır oynağı və ayaq səviyyəsində travması
2.7.219.14	Aşıq-baldır oynağı və ayaq səviyyəsində məxsusi əzələ və vətərin travması
2.7.219.15	Aşıq-baldır oynağı və ayaq səviyyəsində bir neçə əzələ və vətərin travması
2.7.219.16	Aşıq-baldır oynağı və ayaq səviyyəsində digər əzələ və vətərin travması
2.7.219.2	Dördbaşlı əzələ və onun vətərinin travması
2.7.219.3	Budu yaxınlaşdıran əzələ və onun vətərinin travması
2.7.219.4	Bud səviyyəsində, arxa qrup əzələlərindən vətər və əzələnin travması
2.7.219.5	Bud-çanaq oynağı və bud səviyyəsində bir neçə əzələ və vətərlərin travması
2.7.219.6	Daban (Axill) vətərinin travması
2.7.219.7	Arxa qrup əzələlərə aid əzələ və vətərin (vətərlərin) baldır səviyyəsində travması
2.7.219.8	Ön qrup əzələlərə aid əzələ və vətərin (vətərlərin) baldır səviyyəsində travması
2.7.219.9	İncik əzələ qruplarına aid əzələ və vətərin (vətərlərin) baldır səviyyəsində travması
2.7.22	Qapı venasının trombozu. Digər venaların emboliya və trombozu
2.7.22.1	Badda-Kiari sindromu
2.7.22.2	Miqrasiyaedən tromboflebit
2.7.22.3	Boş venanın emboliya və trombozu
2.7.22.4	Böyrək venasının emboliya və trombozu
2.7.22.5	Digər dəqiqləşdirilmiş venaların emboliya və trombozu
2.7.220	Aşağı ətrafların travması (bərk əzilməsi, travmatik amputasiyası)
2.7.220.1	Bud-çanaq oynağının bərk əzilməsi
2.7.220.10	Aşıq-baldır oynağı və ayağın çoxsaylı travmaları
2.7.220.2	Budun bərk əzilməsi
2.7.220.3	Bud-çanaq oynağı və bud nahiyəsinin bərk əzilməsi
2.7.220.4	Bud-çanaq oynağı və bud nahiyəsinin çoxsaylı travmaları
2.7.220.5	Bud-çanaq oynağı və bud nahiyəsinin digər dəqiqləşdirilmiş travmaları
2.7.220.6	Diz oynağının bərk əzilməsi
2.7.220.7	Baldırın çoxsaylı travmaları
2.7.220.8	Aşıq-baldır oynağının bərk əzilməsi
2.7.220.9	Aşıq-baldır oynağı və ayağın digər şöbələrinin bərk əzilməsi
2.7.221	Digər osteopatiyalar
2.7.221.1	Sümüyün idiopatik aseptik nekrozu
2.7.221.2	Dərman osteonekrozu
2.7.221.3	Keçirilmiş travma ilə bağlı osteonekroz
2.7.221.4	Digər ikincili osteonekroz
2.7.221.5	Digər osteonekroz
2.7.221.6	Kesson xəstəliyində osteonekroz (T70.3+)
2.7.221.7	Digər rubrikalarda təsnif olunan başqa xəstəliklərdə osteonekroz
2.7.222	Xondropatiyalar
2.7.222.1	Psevdokoksalgiya
2.7.222.2	Residivləşən polixondrit
2.7.222.3	Xondromalyasiya
2.7.222.4	Bud sümüyünün yuxarı epifizinin (qeyri-travmatik) sürüşməsi
2.7.222.5	Ayıran osteoxondrit
2.7.222.6	Digər dəqiqləşdirilmiş osteoxondropatiyalar
2.7.223	Sümük-əzələ sisteminin tibbi prosedurdan sonra başqa rubrikalarda təsnif olunmayan zədələnmələri
2.7.223.1	Natamam (vertebral) çıxıq kompleksi
2.7.223.2	Burxulmada sinir kanalı stenozu
2.7.223.3	Sinir kanalının fəqərəarası disk stenozu
2.7.224	Bədənin bir neçə nahiyəsini əhatə edən travmalar
2.7.224.1	Döş qəfəsi, beldən aşağı hissənin və çanaq oynaqlarının kapsul-bağ aparatının çıxıqları, gərilməsi və zədələnməsi
2.7.224.2	Aşağı ətrafın (ətrafların) bir neçə nahiyəsinin oynaqlarının kapsul-bağ aparatının çıxıqları, gərilməsi və zədələnməsi
2.7.224.3	Yuxarı və aşağı ətrafın (ətrafların) bir neçə nahiyəsinin oynaqlarının kapsul-bağ aparatının çıxıqları, gərilməsi və zədələnməsi
2.7.224.4	Bədənin bir neçə nahiyəsinin oynaqlarının kapsul-bağ aparatının digər müştərək çıxıqları, gərilməsi və zədələnməsi
2.7.224.5	Döş qəfəsinin, qarın nahiyəsinin, beldən aşağı hissənin və çanağın bərk əzilməsi
2.7.224.6	Aşağı ətrafın (ətrafların) bir neçə nahiyəsinin bərk əzilməsi
2.7.224.7	Yuxarı və aşağı ətrafın (ətrafların) bir neçə nahiyəsinin bərk əzilməsi
2.7.224.8	Döş qəfəsinin, qarnın, beldən aşağı hissənin, çanağın və ətrafın (ətrafların) bərk əzilməsi
2.7.224.9	Bədənin bir neçə nahiyəsinin digər müştərək bərk əzilmələri
2.7.225	Bədənin bir neçə nahiyəsini əhatə edən travmalar
2.7.225.1	Sinirlərin bədənin bir neçə nahiyəsinin prosesə cəlb olunması ilə müştərək travmaları
2.7.225.2	Qan damarlarının bədənin bir neçə nahiyəsinin prosesə cəlb olunması ilə müştərək travmaları
2.7.225.3	Əzələ və vətərlərin bədənin bir neçə nahiyəsinin prosesə cəlb olunması ilə müştərək travmaları
2.7.225.4	Döş qəfəsi orqanları ilə qarın boşluğu və çanaq orqanlarının müştərək travmaları
2.7.225.5	Bədənin bir neçə nahiyəsinin prosesə cəlb olunması ilə digər dəqiqləşdirilmiş travmalar
2.7.226	İnfeksion artropatiyalar
2.7.226.1	Stafilokokk artriti və poliartriti
2.7.226.10	Digər rubrikalarda təsnif olunan başqa virus xəstəlikləri zamanı artrit
2.7.226.11	Mikozlarda artrit (B35-B49+)
2.7.226.12	Digər rubrikalarda təsnif olunan başqa infeksion və parazitar xəstəliklər zamanı artrit
2.7.226.13	Bağırsaq şuntunu müşayiət edən artropatiya
2.7.226.14	Dizenteriyadan sonrakı artropatiya
2.7.226.15	İmmunlaşmadan sonrakı artropatiya
2.7.226.16	Reyter xəstəliyi
2.7.226.17	Digər reaktiv artropatiyalar
2.7.226.18	Keçirilmiş meninqokokk infeksiyasından sonrakı artrit (A39.8+)
2.7.226.19	Digər rubrikalarda təsnif olunan xəstəliklərdə başqa postinfeksion artropatiyalar
2.7.226.2	Pnevmokokk artriti və poliartriti
2.7.226.20	Digər rubrikalarda təsnif olunan başqa xəstəliklərdə reaktiv artropatiyalar
2.7.226.3	Digər streptokokk artriti və poliartritləri
2.7.226.4	Digər dəqiqləşdirilmiş bakterial törədicilər tərəfindən törədilən artrit və poliartritlər
2.7.226.5	Meninqokokk artriti (A39.8+)
2.7.226.6	Vərəm artriti (A18.0)
2.7.226.7	Laym xəstəliyində artrit (A69.2+)
2.7.226.8	Digər rubrikalarda təsnif olunan başqa bakterial xəstəliklər zamanı artrit
2.7.226.9	Məxmərəkdə artrit (B06.8+)
2.7.227	İltihabi poliartropatiyalar
2.7.227.1	Felti sindromu
2.7.227.10	Distal falanqaarası psoriatik artropatiya (L40.5+)
2.7.227.11	Mutilyasiya edən artrit (L40.5+)
2.7.227.12	Psoriatik spondilit (L40.5+)
2.7.227.13	Digər psoriatik artropatiyalar (L40.5+)
2.7.227.14	Kron (regionar enterit) xəstəliyində artropatiya (K50.– +)
2.7.227.15	Xoralı kolitdə artropatiya (K51.– +)
2.7.227.16	Digər enteropatik artropatiyalar
2.7.227.17	Gənclik revmatoid artriti
2.7.227.18	Gənclik ankilozlaşan spondilit
2.7.227.19	Sistem başlanğıclı gənclik artriti
2.7.227.2	Ağciyərlərin revmatoid xəstəliyi (J99.0*)
2.7.227.20	Gənclik poliartriti (seroneqativ)
2.7.227.21	Pausiartikulyar gənclik artriti
2.7.227.22	Digər gənclik artritlər
2.7.227.23	Dəqiqləşdirilməmiş gənclik artriti
2.7.227.24	Psoriazda gənclik artriti (L40.5+)
2.7.227.25	Kron (regionar enterit) xəstəliyində gənclik artriti (K50.–+)
2.7.227.26	Xoralı kolitdə gənclik artriti (K51.–+)
2.7.227.27	Digər rubrikalarda təsnif olunan başqa xəstəliklərdə gənclik artriti
2.7.227.3	Revmatoid vaskulit
2.7.227.4	Digər orqan və sistemlərin cəlb olunması ilə müşayiət edilən revmatoid artrit
2.7.227.5	Digər seropozitiv revmatoid artritlər
2.7.227.6	Seroneqativ revmatoid artrit
2.7.227.7	Yaşlılarda inkişaf edən Still xəstəliyi
2.7.227.8	Revmatoid bursit
2.7.227.9	İltihabi poliartropatiya
2.7.228	Artropatiyalar və digər artrozlar
2.7.228.1	İdiopatik podaqra
2.7.228.10	Xroniki postrevmatik artropatiya (Jakku)
2.7.228.11	Kaşin-Bek xəstəliyi
2.7.228.12	Xovlu-düyunlü (villonodulyar) sinovit (piqmentli)
2.7.228.13	Palindrom revmatizm
2.7.228.14	İntermittent hidrartroz
2.7.228.15	Ferment çatışmazlığı və digər irsi pozuntularla bağlı podaqrik artropatiya
2.7.228.16	Digər mübadilə pozuntularında kristallik artropatiya
2.7.228.17	Diabetik artropatiya (E10-E14 ümumi dördüncü. 6+ işarəsi ilə)
2.7.228.18	Lipoid dermatoartrit (E78.8+)
2.7.228.19	Amiloidozda artropatiya (E85.–+)
2.7.228.2	Qurğuşun podaqrası
2.7.228.20	Endokrin sistemin digər xəstəliklərində, qidalanma və mübadilə pozuntularında artropatiya
2.7.228.21	Nevropatik artropatiya
2.7.228.22	Başqa rubrikalarda təsnif olunan digər dəqiqləşdirilmiş xəstəliklərdə artropatiya
2.7.228.23	Digər poliartroz
2.7.228.24	Digər birincili koksartroz
2.7.228.25	Digər displastik koksartrozlar
2.7.228.26	Digər posttravmatik koksartrozlar
2.7.228.27	Digər ikitərəfli ikincili koksartrozlar
2.7.228.28	Digər ikincili koksartrozlar
2.7.228.29	Digər birincili qonartroz
2.7.228.3	Dərman podaqrası
2.7.228.30	Digər posttravmatik qonartrozlar
2.7.228.31	Digər ikitərəfli ikincili qonartrozlar
2.7.228.32	Digər ikincili qonartrozlar
2.7.228.33	Digər oynaqların birincili artrozu
2.7.228.34	Digər oynaqların posttravmatik artrozu
2.7.228.35	Digər ikincili artroz
2.7.228.36	Digər dəqiqləşdirilmiş artroz
2.7.228.4	Böyrək funksiyalarının pozulması nəticəsində əmələ gələn podaqra
2.7.228.5	Digər ikincili podaqra
2.7.228.6	Hidroksiapatitin çökməsi
2.7.228.7	İrsi xondrokalsinoz
2.7.228.8	Digər xondrokalsinoz
2.7.228.9	Digər dəqiqləşdirilmiş kristallik artropatiyalar
2.7.229	Birləşdirici toxumanın sistem zədələnməsi
2.7.229.1	Düyünlü poliarteriit
2.7.229.10	Revmatik polimialgiya ilə nəhəng hüceyrəli arteriit
2.7.229.11	Digər nəhənghüceyrəli arteriitlər
2.7.229.12	Mikroskopik poliangiitlər
2.7.229.13	Digər dəqiqləşdirilmiş nekrozlaşan vaskulopatiyalar
2.7.229.14	Medikamentoz sistem qırmızı qurdeşənəyi
2.7.229.15	Digər orqan və ya sistemlərin zədələnməsi ilə müşayiət olunan sistem qırmızı qurdeşənəyi
2.7.229.16	Sistem qırmızı qurdeşənəyinin digər formaları
2.7.229.17	Proqressivləşən sistemli skleroz
2.7.229.18	CR(E)ST sindromu
2.7.229.19	Dərman preparatları və kimyəvi birləşmələrin təsirindən yaranan sistemli skleroz
2.7.229.2	Ağciyərlərin zədələnməsi ilə müşayiət olunan poliarteriit
2.7.229.20	Sistemli sklerozun digər formaları
2.7.229.21	Quru sindrom (Şeqren)
2.7.229.22	Digər çarpaz sindromlar
2.7.229.23	Behçet xəstəliyi
2.7.229.24	Revmatik polimialgiya
2.7.229.25	Diffuz (eozinofil) fassit
2.7.229.26	Çoxocaqlı fibroskleroz
2.7.229.27	Veber-Krisçenin residivləşən pannikuliti
2.7.229.28	Artıq hərəkətlərlə müşayiət olunan hipermobil tərpənmə sindromu
2.7.229.29	Hemofiliyada artropatiya (D66-D68+)
2.7.229.3	Yuvenil poliarteriit
2.7.229.30	Digər qan xəstəliklərində artropatiyalar (D50-D76+)
2.7.229.31	Digər rubrikalarda təsnif olunan hiperhəssaslıq reaksiyalarında artropatiya
2.7.229.32	Birləşdirici toxumanın digər rubrikalarda təsnif olunan xəstəliklərdə sistem zədələnmələri
2.7.229.4	Limfonodulyar dəri-selikli qişa sindromu (Kavasaki)
2.7.229.5	Düyünlü poliarteriit ilə bağlı digər hallar
2.7.229.6	Hiperhəssas angiit
2.7.229.7	Ölümcül orta qranuloma
2.7.229.8	Veqener qranulomatozu
2.7.229.9	Aorta qövsü sindromu (Takayasu)
2.7.23	Aşağı ətraf venalarının varikoz genəlməsi
2.7.23.1	Aşağı ətraf venalarının xora ilə birgə müşahidə olunan varikoz genəlməsi
2.7.23.2	Aşağı ətraf venalarının iltihabi proseslə birgə müşahidə olunan varikoz genəlməsi
2.7.23.3	Aşağı ətraf venalarının xora və iltihabi proseslə birgə müşahidə olunan varikoz genəlməsi
2.7.23.4	Aşağı ətraf venalarının xora və ya iltihabi proses müşahidə olunmadan varikoz genəlməsi
2.7.230	Digər spondilopatiyalar. Digər dorsopatiyalar. Yumşaq toxumaların digər xəstəlikləri
2.7.230.1	Enterobakterial spondilit (A01-A04+)
2.7.230.10	Yumşaq toxumaların digər rubrikalarda təsnif olunan xəstəliklərdə başqa zədələnməsi
2.7.230.11	Pəncənin digər entezopatiyaları
2.7.230.12	Başqa rubrikalarda təsnif olunmayan digər entezopatiyalar
2.7.230.2	Neyropatik spondilopatiya
2.7.230.3	Digər rubrikalarda təsnif olunan başqa xəstəliklərdə spondilopatiyalar
2.7.230.4	Digər dəqiqləşdirilmiş dorsopatiyalar
2.7.230.5	Digər rubrikalarda təsnif olunan bakterial xəstəliklərdə miozitlər
2.7.230.6	Digər rubrikalarda təsnif olunan protozoy və parazitar xəstəliklərdə miozitlər
2.7.230.7	Digər rubrikalarda təsnif olunan infeksion xəstəliklərdə miozit
2.7.230.8	Sarkoidozda miozit (D86.8+)
2.7.230.9	Digər rubrikalarda təsnif olunan xəstəliklərdə başqa əzələ pozuntu
2.7.231	Osteopatiyalar və xondropatiyalar
2.7.231.1	Osteoliz
2.7.231.2	Poliomielitdən sonra osteopatiya
2.7.231.3	Sümüklərin vərəmi (A18.0+)
2.7.231.4	Hemoqlobinopatiyalar nəticəsində osteonekroz (D50-D64+)
2.7.232	Gözün və göz yuvasının travması
2.7.232.1	Göz alması və göz yuvası toxumalarının əzilməsi
2.7.232.2	Yad cisim olması barədə məlumat verilmədən konyuktivanın travması və buynuz qişanın sıyrıntısı
2.7.232.3	Göz yuvasıdaxili toxumanın batması və ya itirilməsi ilə müşayiət olunan gözün cırılmış yarası
2.7.232.4	Gözün cırılmış yarası; göz yuvasıdaxili toxumanın batması və ya itirilməsi baş vermədən
2.7.232.5	Yad cisim olması ilə və ya yad cisim olmadan göz yuvasının dəlib keçmiş yarası
2.7.232.6	Göz almasının yad cisim olması ilə dəlib keçmiş yarası
2.7.232.7	Göz almasının yad cisim olmadan dəlib keçmiş yarası
2.7.232.8	Göz almasının (qopub) çıxması
2.7.232.9	Gözün və göz yuvasının digər travmaları
2.7.233	Başın bərk əzilməsi
2.7.233.1	Üzün bərk əzilməsi
2.7.234	Qan damarlarının boyun səviyyəsində travması. Boyun travmaları
2.7.234.1	Qırtlaq və traxeyanın bərk əzilməsi
2.7.234.2	Boynun digər hissələrinin bərk əzilməsi
2.7.234.3	Boynun çoxsaylı travmaları
2.7.234.4	Boynun digər dəqiqləşdirilmiş travmaları
2.7.235	Qarın, beldən aşağı hissənin və çanağın səthi travması
2.7.235.1	Beldən aşağı hissənin və çanağın əzilməsi
2.7.235.2	Qarın divarının əzilməsi
2.7.235.3	Xarici cinsiyyət orqanlarının əzilməsi
2.7.235.4	Qarnın, beldən aşağı hissənin və çanağın çoxsaylı səthi travmaları
2.7.235.5	Xarici cinsiyyət orqanlarının bərk əzilməsi
2.7.235.6	Bel fəqərəsinin sınığı
2.7.236	Başın travmaları
2.7.236.1	Kəllə əsasının sınığı
2.7.236.10	Başın tüklü hissəsinin səthi travması
2.7.236.11	Göz qapağı və gözyuvası yanı nahiyənin əzilməsi
2.7.236.12	Göz qapağı və gözyuvası yanı nahiyənin digər səthi travmaları
2.7.236.13	Burnun səthi travması
2.7.236.14	Qulağın səthi travması
2.7.236.15	Dodağın və ağız boşluğunun səthi travması
2.7.236.16	Başın çoxsaylı səthi travmaları
2.7.236.17	Başın digər hissələrinin səthi travması
2.7.236.18	Başın tüklü hissəsinin açıq yarası
2.7.236.19	Göz qapağı və gözyuvası yanı nahiyənin açıq yarası
2.7.236.2	Baş beynin ocaqlı travması
2.7.236.20	Burnun açıq yarası
2.7.236.21	Qulağın açıq yarası
2.7.236.22	Yanaq və gicgah-çənə nahiyəsinin açıq yarası
2.7.236.23	Dodaq və ağız boşluğunun açıq yarası
2.7.236.24	Başın çoxsaylı açıq yaraları
2.7.236.25	Başın digər nahiyələrinin açıq yaraları
2.7.236.26	Kəllə tağının sınığı
2.7.236.27	Gözyuvası dibinin sınığı
2.7.236.28	Almacıq sümüyü və əngin sınığı
2.7.236.29	Alt çənənin sınığı
2.7.236.3	Epidural qansızma
2.7.236.30	Kəllə sümükləri və üz sümüklərinin çoxsaylı sınıqları
2.7.236.31	Digər üz sümükləri və kəllə sümüklərinin sınıqları
2.7.236.32	Burnun qığırdaq arakəsməsinin çıxığı
2.7.236.33	Baş beynin diffuz travması
2.7.236.34	Başın tüklü hissəsinin qopub ayrılması
2.7.236.35	Qulağın travmatik amputasiyası
2.7.236.36	Başın digər hissələrinin travmatik amputasiyası
2.7.236.4	Travmatik Subdural qansızma
2.7.236.5	Travmatik subaraxnoidal qansızma
2.7.236.6	Uzun sürən komatoz vəziyyətlə müşayət olunan kəllədaxili travma
2.7.236.7	Digər kəllədaxili travmalar
2.7.236.8	Kəllənin bərk əzilməsi
2.7.236.9	Başın digər hissələrinin bərk əzilməsi
2.7.237	Bədənin bir neçə nahiyələrinin zədələnmələri, travmaları
2.7.237.1	Boyun səviyyəsində çoxsaylı çıxıqlar
2.7.237.10	Döş şöbəsinin digər sinirlərinin travması
2.7.237.11	Baş və boyun nahiyələrini əhatə edən oynaqların kapsul-bağ aparatının çıxıqları, gərilməsi və zədələnməsi
2.7.237.12	Başın və boynun bərk əzilməsi
2.7.237.13	Baş-beyin və kəllə sinirlərinin, onurğa beynin və boyun səviyyəsində digər sinirlər ilə müştərək travmaları
2.7.237.14	Sinirlərin və onurğa beynin bədənin digər bir neçə nahiyələrinin prosesə cəlb olunması ilə müştərək travmaları
2.7.237.15	Onurğanın digər rubrikalarda təsnif olunan digər xəstəliklərdə zədələnməsi
2.7.237.16	Fəqərəarası diskin digər dəqiqləşdirilmiş zədələnməsi
2.7.237.2	Onurğanın boyun şöbəsinin bağ aparatının gərilməsi və zədələnməsi
2.7.237.3	Onurğa beynin boyun şöbəsinin kontuziya və ödemi
2.7.237.4	Onurğanın boyun şöbəsinin sinir kökünün travması
2.7.237.5	Bazu kələfinin travması
2.7.237.6	Onurğa beyninin döş şöbəsinin əzilməsi və ödemi
2.7.237.7	Onurğanın döş şöbəsinin sinir köklərinin travması
2.7.237.8	Döş qəfəsinin periferik sinirlərinin travması
2.7.237.9	Döş şöbəsinin simpatik sinirlərinin travması
2.7.238	Donvurma. Toxumaların nekrozlaşan donvurması
2.7.238.1	Baş nahiyəsinin toxumalarının nekrozlaşan donvurması
2.7.238.10	Bədənin bir neçə nahiyəsini əhatə edən, toxumaların nekrozlaşan donvurması
2.7.238.2	Boyun nahiyəsinin toxumalarının nekrozlaşan donvurması
2.7.238.3	Döş qəfəsi nahiyəsinin toxumalarının nekrozlaşan donvurması
2.7.238.4	Qarın divarı, beldən aşağı hissənin və çanağın toxumalarının nekrozlaşan donvurması
2.7.238.5	Qol nahiyəsinin toxumalarının nekrozlaşan donvurması
2.7.238.6	Bilək və əl nahiyəsinin toxumalarının nekrozlaşan donvurması
2.7.238.7	Bud-çanaq nahiyəsi və budun toxumalarının nekrozlaşan donvurması
2.7.238.8	Diz və baldır nahiyəsinin toxumalarının nekrozlaşan donvurması
2.7.238.9	Aşıq-baldır oynağı nahiyəsi və ayağın toxumaların nekrozlaşan donvurması
2.7.239	Xarici səbəblərin təsirinin digər və dəqiqləşdirilməmiş effektləri
2.7.239.1	İstilik və günvurma
2.7.239.2	İstilik bayılması
2.7.239.3	İstilik qıcolması
2.7.239.4	İstilik ödemi
2.7.239.5	Səngər əli və ayağı
2.7.239.6	Qulağın barotravması
2.7.239.7	Əlavə cibin barotravması
2.7.239.8	Kesson xəstəliyi (dekompression xəstəlik)
2.7.239.9	Asfiksiya
2.7.24	Babasil
2.7.24.1	Digər ağırlaşmalarla müşayiət olunan daxili babasil
2.7.24.2	Digər ağırlaşmalarla müşayiət olunan xarici babasil
2.7.240	Digər xarici səbəblərin təsiri
2.7.240.1	İldırımla zədələnmə
2.7.240.2	Suda boğulma və qeyri-ölümcül suya batma
2.7.240.3	Elektrik cərəyanının təsiri
2.7.241	Travmaların başqa rubrikalarda təsnif olunmayan bəzi erkən ağırlaşmaları
2.7.241.1	Travmatik şok
2.7.241.2	Travmatik anuriya
2.7.241.3	Əzələnin travmatik işemiyası
2.7.242	Başqa rubrikalarda təsnif olunmayan cərrahi və terapevtik müdaxilələrin digər ağırlaşmaları
2.7.242.1	Anesteziya ilə bağlı şok
2.7.242.2	Anesteziyanın törətdiyi bədxassəli hipertermiya
2.7.242.3	Uğursuz və ya çətin intubasiya
2.7.242.4	Adekvat təyin edilmiş və düzgün tətbiq edilmiş dərman maddəsinə patoloji reaksiya ilə əlaqədar anafilaktik şok
2.7.243	İnfuziya, transfuziya və müalicəvi inyeksiyalarla əlaqədar ağırlaşmalar
2.7.243.1	İnfuziya, transfuziya və müalicəvi inyeksiya ilə əlaqədar hava emboliyası
2.7.243.2	İnfuziya, transfuziya və müalicəvi inyeksiya ilə bağlı infeksiyalar
2.7.243.3	AB0 uyğunsuzluğuna reaksiya
2.7.243.4	Rh uyğunsuzluğuna reaksiya
2.7.243.5	Zərdabın yeridilməsi ilə bağlı anafilaktik şok
2.7.244	Başqa rubrikalarda təsnif olunmayan prosedurların ağırlaşmaları
2.7.244.1	Başqa rubrikalarda təsnif olunmayan prosedurları ağırlaşdıran qanaxma və hematoma
2.7.244.2	Başqa rubrikalarda təsnif olunmayan prosedurlardan sonra və ya prosedurlar zamanı şok
2.7.244.3	Başqa rubrikalarda təsnif olunmayan prosedurlarla bağlı infeksiya
2.7.244.4	Başqa rubrikalarda təsnif olunmayan prosedurlarla bağlı damar ağırlaşmaları
2.7.245	Ürək və damar qurğuları, implantantları və transplantantları ilə bağlı ağırlaşmalar
2.7.245.1	Ürək qapağı protezi ilə bağlı mexaniki mənşəli ağırlaşma
2.7.245.2	Ürək ritminin elektron aparıcısı ilə bağlı mexaniki mənşəli ağırlaşması
2.7.245.3	Arterial şunt ilə bağlı mexaniki mənşəli ağırlaşma
2.7.245.4	Digər damar transplantatları ilə bağlı mexaniki mənşəli ağırlaşma
2.7.245.5	Dializ məqsədilə damar kateteri ilə bağlı mexaniki mənşəli ağırlaşma
2.7.245.6	Digər ürək və damar qurğuları və implantantları ilə bağlı mexaniki mənşəli ağırlaşma
2.7.245.7	Ürək qapağı protezi ilə bağlı infeksiya və iltihabi reaksiya
2.7.245.8	Digər ürək və damar qurğuları, implantantları və transplantatları ilə bağlı infeksiya və iltihabi reaksiya
2.7.245.9	Ürək və damar protezləri, implantantları və transplantantları ilə bağlı digər ağırlaşmalar
2.7.246	Sidik-cinsiyyət protez qurğuları, implantantları və transplantatları ilə bağlı ağırlaşmalar
2.7.246.1	Sidik (daimi) kateteri ilə bağlı mexaniki ağırlaşma
2.7.246.2	Digər sidik sistemi qurğuları və implantantları ilə bağlı mexaniki mənşəli ağırlaşma
2.7.246.3	Sidik sistemi orqanı transplantantı ilə bağlı mexaniki mənşəli ağırlaşma
2.7.246.4	Digər protez qurğuları, implantantları və transplantantları ilə bağlı mexaniki mənşəli ağırlaşma
2.7.246.5	Sidik sistemində protez qurğusu, implantantı və transplantantı ilə bağlı infeksiya və iltihabi reaksiya
2.7.246.6	Cinsiyyət sistemində protez qurğuları, implantantı və transplantantı ilə əlaqədar infeksiya və iltihabi reaksiya
2.7.246.7	Sidik-cinsiyyət sistemi protez qurğuları, implantantları və transplantatları ilə bağlı digər ağırlaşmalar
2.7.247	Daxili ortopedik protez qurğuları, implantantları və transplantantları ilə bağlı ağırlaşmalar
2.7.247.1	Daxili oynaq protezi ilə bağlı mexaniki mənşəli ağırlaşma
2.7.247.10	Kəllədaxili mədəcik şuntu (əlaqələndirici) ilə bağlı mexaniki mənşəli ağırlaşma
2.7.247.11	İmplantasiya olunmuş sinir sistemi elektron stimulyatoru ilə bağlı mexaniki mənşəli ağırlaşma
2.7.247.12	Süni büllurla bağlı mexaniki mənşəli ağırlaşma
2.7.247.13	Digər göz protezləri, implantantları və transplantantları ilə bağlı mexaniki mənşəli ağırlaşma
2.7.247.14	Mədə-bağırsaq protezi, implantantları və transplantantları ilə bağlı mexaniki mənşəli ağırlaşma
2.7.247.15	Digər dəqiqləşdirilmiş daxili protez qurğuları, implantantları və transplantantları ilə bağlı ağırlaşmalar
2.7.247.16	Digər daxili protez qurğuları, implantantları və transplantantları ilə bağlı infeksiya və iltihabi reaksiya
2.7.247.17	Başqa rubrikalarda təsnif olunmayan daxili protez qurğuları, implantantları ilə bağlı digər ağırlaşmalar
2.7.247.2	Ətraf sümüyünü fiksasiya edən daxili qurğu ilə bağlı mexaniki mənşəli ağırlaşma
2.7.247.3	Digər sümükləri fiksasiya edən daxili qurğu ilə bağlı, mexaniki mənşəli ağırlaşma
2.7.247.4	Digər sümük qurğuları, implantantları və transplantantları ilə bağlı mexaniki mənşəli ağırlaşma
2.7.247.5	Digər daxili ortopedik qurğularla, implantantlarla və transplantantlarla ilə bağlı mexaniki mənşəli ağırlaşma
2.7.247.6	Endoprotezləmə ilə bağlı infeksiya və iltihabi reaksiya
2.7.247.7	Daxili fiksasiya qurğusu ilə (istənilən lokalizasiyalı) əlaqədar infeksiya və iltihabi reaksiya
2.7.247.8	Digər daxili ortopedik protez qurğuları, implantantları və transplantantları ilə əlaqədar infeksiya və iltihabi reaksiya
2.7.247.9	Daxili ortopedik protez qurğuları, implantantları və transplantantları ilə bağlı digər ağırlaşmalar
2.7.248	Replantasiya və amputasiya üçün xarakter olan ağırlaşmalar
2.7.248.1	Yuxarı ətrafın (hissəsinin) replantasiyası ilə bağlı ağırlaşmalar
2.7.248.2	Aşağı ətrafın (hissəsinin) replantasiyası ilə bağlı ağırlaşmalar
2.7.248.3	Bədənin digər (hissələrinin) replantasiyası ilə bağlı ağırlaşmalar
2.7.249	Sinir sisteminin anadangəlmə inkişaf qüsurları
2.7.249.1	Mikrosefaliya
2.7.249.10	Anadangəlmə serebral kistalar
2.7.249.11	Onurğa beynin hipoplaziya və displaziyası
2.7.249.12	Diastematomieliya
2.7.249.13	Hidromieliya
2.7.249.14	Arnold‐Kiari sindromu
2.7.249.2	Silvi su kəmərinin anadangəlmə qüsuru
2.7.249.3	Majandi və Luşka dəliklərinin atreziyası
2.7.249.4	Digər anadangəlmə hidrosefaliya
2.7.249.5	Döyənək cismin anadangəlmə anomaliyaları
2.7.249.6	Arinensefaliya
2.7.249.7	Beynin digər reduksion deformasiyaları
2.7.249.8	Septooptik displaziya
2.7.249.9	Meqaloensefaliya
2.7.25	Qida borusu venalarının varikoz genəlməsi
2.7.25.1	Qida borusunun qanaxma ilə müşayiət olunan varikoz genəlməsi
2.7.25.2	Qida borusu venalarının digər rubrikalarda təsnif olunan xəstəliklər zamanı qanaxma ilə müşayiət edilən varikoz genəlməsi
2.7.250	Digər anadangəlmə anomaliyalar (inkişaf qüsurları)
2.7.250.1	Sadə ixtioz
2.7.250.10	İrsi limfedema
2.7.250.11	Piqment kseroderması
2.7.250.12	Mastositoz
2.7.250.13	Neyrofibromatoz (qeyri-bədxassəli)
2.7.250.2	X-xromosomu ilə əlaqəli ixtioz (X-ilişikli ixtioz)
2.7.250.3	Lövhəli (lamellyar) ixtioz
2.7.250.4	Anadangəlmə bullyoz ixtioz şəkilli eritrodermiya
2.7.250.5	Digər anadangəlmə ixtioz
2.7.250.6	Sadə bullyoz epidermoliz
2.7.250.7	Letal bullyoz epidermoliz
2.7.250.8	Distrofik bullyoz epidermoliz
2.7.250.9	Digər bullyoz epidermoliz
2.7.251	Fleqmona. Kəskin limfadenit
2.7.251.1	Ətrafların digər şöbələrinin fleqmonası
2.7.251.2	Üzün fleqmonası
2.7.251.3	Gövdənin fleqmonası
2.7.251.4	Üz, baş və boynun kəskin limfadeniti
2.7.251.5	Gövdənin kəskin limfadeniti
2.7.251.6	Yuxarı ətrafın kəskin limfadeniti
2.7.251.7	Aşağı ətrafın kəskin limfadeniti
2.7.252	Pemfiqus. Pemfiqoid. Eksfoliativ dermatit. Çoxşəkilli eritema
2.7.252.1	Adi pemfiqus
2.7.252.10	Eksofoliativ dermatit
2.7.252.11	Çox formalı bullyoz eritema
2.7.252.12	Toksik epidermal nekroliz (Layell)
2.7.252.2	Vegetasiya edən pemfiqus
2.7.252.3	Yarpaqşəkilli pemfiqus
2.7.252.4	Braziliya pemfiqusu (fogo selvagem)
2.7.252.5	Eritematoz pemfiqus
2.7.252.6	Dərman maddələri təsirindən əmələ gələn pemfiqus
2.7.252.7	Bullyoz pemfiqoid
2.7.252.8	Çapıqlaşan pemfiqoid
2.7.252.9	Uşaqların xroniki bullyoz xəstəlikləri
2.7.253	Övrə
2.7.253.1	Allergik övrə
2.7.253.10	Toksik eritema
2.7.253.2	İdiopatik övrə
2.7.253.3	Aşağı və ya yüksək temperaturun təsirindən yaranan övrə
2.7.253.4	Dermatoqrafik övrə
2.7.253.5	Vibrasiya övrəsi
2.7.253.6	Xolinergik övrəsi
2.7.253.7	Təmas övrəsi
2.7.253.8	Günəş övrəsi
2.7.253.9	Dərman vasitələri və preparatlarının təsirindən dərinin generalizə olunmuş səpməsi
2.7.254	Günəş yanığı. Radiasiya (şüa) dermatiti
2.7.254.1	Üçüncü dərəcəli günəş yanığı
2.7.254.2	Kəskin radiasiya (şüa) dermatiti
2.7.255	Psoriaz. Parapsoriaz
2.7.255.1	Generalizə olunmuş pustulyoz psoriaz
2.7.255.2	Kəskin lixeniod və çiçəyəbənzər pitiriaz
2.7.256	Digər rubrikalarda təsnif olunmayan simptomlar, əlamətlər və hallar zamanı tibbi xidmət
2.7.256.1	Dəqiqləşdirilməmiş taxikardiya
2.7.256.10	Burun qanaxması. Epistaxis
2.7.256.11	Boğazdan qanaxma
2.7.256.12	Qanhayxırma
2.7.256.13	Tənəffüs yollarının digər şöbələrindən qanaxma
2.7.256.14	Tənəffüs yollarından dəqiqləşdirilməmiş qanaxma
2.7.256.15	Təngnəfəslik (töyşümə)
2.7.256.16	Stridor
2.7.256.17	Fitli tənəffüs
2.7.256.18	Fasiləli tənəffüs
2.7.256.19	Hiperventilyasiya
2.7.256.2	Dəqiqləşdirilməmiş bradikardiya
2.7.256.20	Digər və dəqiqləşdirilməmiş anormal tənəffüs
2.7.256.21	Tənəffüs zamanı döşdə ağrı
2.7.256.22	Ürək nahiyəsində ağrı
2.7.256.23	Döşdə digər ağrılar
2.7.256.24	Döşdə dəqiqləşdirilməmiş ağrı
2.7.256.25	Asfiksiya
2.7.256.26	Plevrit
2.7.256.27	Tənəffüsün ləngiməsi. Kardiorespirator çatışmazlığı
2.7.256.28	Patoloji bəlğəm
2.7.256.29	Qan dövranı və tənəffüs sistemlərinə aid olan digər dəqiqləşdirilmiş simptomlar və nişanələr
2.7.256.3	Ürəkdöyünmə
2.7.256.30	Kəskin qarın
2.7.256.31	Qarnın yuxarı hissəsində lokallaşmış ağrılar
2.7.256.32	Çanaq və aralıq nahiyəsində ağrılar
2.7.256.33	Qarnın aşağı hissəsinin digər nahiyələrində lokallaşmış ağrılar
2.7.256.34	Qarın nahiyəsinin digər və dəqiqləşdirilməmiş ağrıları
2.7.256.35	Ürəkbulanma və qusma
2.7.256.36	Mədə qıcqırması
2.7.256.37	Disfagiya
2.7.256.38	Meteorizim və buna yaxın vəziyyətlər
2.7.256.39	Nəcisi saxlaya bilməmək
2.7.256.4	Ürək ritminin digər və dəqiqləşdirilməmiş anomaliyaları
2.7.256.40	Başqa rubrikalarda təsnif olunmayan hepatomeqaliya
2.7.256.41	Başqa rubrikalarda təsnif olunmayan splenomeqaliya
2.7.256.42	Başqa rubrikalarda təsnif olunmayan hepatosplenomeqaliya
2.7.256.43	Dəqiqləşdirilməmiş sarılıq
2.7.256.44	Assit
2.7.256.45	Qarındaxili və ya çanaqdaxili şişmə, bərkimə və şişkinlik
2.7.256.46	Görünən peristaltika
2.7.256.47	Qarının gərginliyi
2.7.256.48	Bağırsaq fəaliyyətində dəyişikliklər
2.7.256.49	Həzm sistemi və qarın boşluğuna aid olan digər dəqiqləşdirilmiş simptomlar və nişanələr
2.7.256.5	Dəqiqləşdirilməmiş ürək küyü
2.7.256.50	Səpgi və digər qeyri-spesifik dəri səpmələri
2.7.256.51	Baş nahiyəsinin məhdud şişməsi, bərkiməsi və şişkinliyi
2.7.256.52	Boyun nahiyəsinin məhdud şişməsi, bərkiməsi və şişkinliyi
2.7.256.53	Gövdə nahiyəsinin məhdud şişməsi, bərkiməsi və şişkinıiyi
2.7.256.54	Yuxarı ətraf nahiyəsinin məhdud şişməsi, bərkiməsi və şişkinliyi
2.7.256.55	Aşağı ətraf nahiyəsinin məhdud şişməsi, bərkiməsi və şişkinliyi
2.7.256.56	Bədənin çoxlu nahiyələrinin məhdud şişməsi, bərkiməsi və şişkinliyi
2.7.256.57	Dəqiqləşdirilməmiş məhdud şişmə, bərkimə və şişkinlik
2.7.256.58	Sianoz
2.7.256.59	Qıcolma və spazm
2.7.256.6	Digər ürək səsləri
2.7.256.60	Başqa rubrikalarda təsnif olunmayan yeriş çətinləşməsi
2.7.256.61	Meningizm
2.7.256.62	Dizuriya
2.7.256.63	Sidik kisəsi tenezmləri
2.7.256.64	Dəqiqləşdirilməmiş ağrılı sidik ifrazı
2.7.256.65	Dəqiqləşdirilməmiş hematuriya
2.7.256.66	Anuriya və oliquriya
2.7.256.67	Sidik sisteminə aid olan digər və dəqiqləşdirilməmiş simptomlar
2.7.256.68	Stupor
2.7.256.69	Dəqiqləşdirilməmiş koma
2.7.256.7	Başqa rubrikalarda təsnif olunmayan qanqrena
2.7.256.70	Anteroqrad amneziya
2.7.256.71	Retroqrad amneziya
2.7.256.72	Dəqiqləşdirilməmiş emosional şok və stress vəziyyəti
2.7.256.73	Dərman mənşəli qızdırma
2.7.256.74	Davamlı qızdırma
2.7.256.75	Dəqiqləşdirilməmiş qızdırma
2.7.256.76	Kəskin ağrı
2.7.256.77	Dəqiqləşdirilməmiş ağrı
2.7.256.78	Bayılma və kollaps
2.7.256.79	Qızdırma zamanı qıcolmalar
2.7.256.8	Hipertenziya diaqnozu olmadığı halda yüksəlmiş qan təzyiqi
2.7.256.80	Digər və dəqiqləşdirilməmiş qıcolmalar
2.7.256.81	Kardiogen şok
2.7.256.82	Hipovolemik şok
2.7.256.83	Septik şok
2.7.256.84	Şokun digər növləri
2.7.256.85	Dəqiqləşdirilməmiş şok
2.7.256.86	Başqa rubrikalarda təsnif olunmayan qanaxma
2.7.256.87	Limfa düyünlərinin generalizə olunmuş böyüməsi
2.7.256.88	Generalizə olunmuş ödem
2.7.256.89	Dəqiqləşdirilməmiş ödem
2.7.256.9	Qeyri-spesifik hipotenziya
2.7.256.90	Anoreksiya
2.7.256.91	Dəqiqləşdirilməmiş ümumi iltihablı cavab reaksiyası sindromu
2.7.256.92	Appendisitin digər formaları
2.7.256.93	Essensial (birincili) hipertenziya
2.7.256.94	Qida məhsullarını çirkləndirən aflatoksinin və digər mikotoksinlərin toksik təsiri
2.7.257	Səhiyyə müəssisəsinə tibbi baxış və müayinə üçün müraciətlər zamanı tibbi xidmət
2.7.257.1	Hərbi xidmətə çağırılanların müayinəsi
2.7.257.2	Tibbi sənədlərin alınması ilə bağlı müraciət
2.7.258	Ürəyin hipertenziv xəstəliyi
2.7.258.1	(Durğunluq) ürək çatışmazlığı ilə müşayiət olunan, əsasən ürəyin zədələnməsi ilə hipertenziv (hipertoniya) xəstəlik (xəstəliyi)
2.7.258.2	(Durğunluq) ürək çatışmazlığı olmadan, əsasən ürəyin zədələnməsi ilə hipertenziv (hipertoniya) xəstəlik (xəstəliyi)
2.7.258.3	Böyrək çatışmazlığı ilə müşayiət olunan, əsasən böyrəklərin zədələnməsi ilə hipertenziv (hipertoniya) xəstəlik (xəstəliyi). Hipertenziv böyrək çatışmazlığı
2.7.258.4	Böyrək çatışmazlığı olmadan, əsasən böyrəklərin zədələnməsi ilə hipertenziv (hipertoniya) xəstəlik (xəstəliyi)
2.7.258.5	(Durğunluq) ürək çatışmazlığı ilə müşayiət olunan, əsasən ürəyin və böyrəklərin zədələnməsi ilə hipertenziv (hipertoniya) xəstəlik (xəstəliyi)
2.7.258.6	Böyrək çatışmazlığı ilə müşayiət olunan, əsasən böyrəklərin zədələnməsi ilə hipertenziv (hipertoniya) xəstəlik (xəstəliyi)
2.7.258.7	Əsasən ürəyin və böyrəyin zədələnməsi ilə, (durğunluq) ürək çatışmazlığı və böyrək çatışmazlığı ilə müşayiət olunan hipertenziv (hipertoniya) xəstəlik (xəstəliyi)
2.7.258.8	Hipertenziv ensefalopatiya
2.7.259	Digər serebrovaskulyar xəstəliklər
2.7.259.1	Serebral ateroskleroz
2.7.259.2	Proqressivləşən damar leykoensefalopatiyası
2.7.259.3	Moyamoya xəstəliyi
2.7.259.4	Kəllədaxili venoz sistemin qeyri-piogen trombozu
2.7.259.5	Digər rubrikalarda təsnif olunmayan beyin (serebral) arteriiti
2.7.259.6	Serebral amiloidli angiopatiya
2.7.259.7	Digər rubrikalarda təsnif olunan infeksion və parazitar xəstəliklər zamanı serebral arteriit
2.7.259.8	Digər rubrikalarda təsnif olunan başqa xəstəliklər zamanı müşahidə edilən serebral arteriit
2.7.259.9	Digər rubrikalarda təsnif olunan xəstəliklər zamanı beyin damarlarının başqa zədələnmələri
2.7.26	Kardial hissənin axalaziyası
2.7.26.1	Kardial hissənin axalaziyası
2.7.260	Serebrovaskulyar xəstəliklərin nəticələri
2.7.260.1	Subaraxnoidal qansızmanın nəticələri
2.7.260.2	Kəllədaxili qansızmanın nəticələri
2.7.260.3	Digər qeyri-travmatik kəllədaxili qansızmanın nəticələri
2.7.260.4	Beyin infarktının nəticələri
2.7.261	Hamiləlik, doğuş və zahılıq dövründə meydana çıxan proteinuriya, ödemlər və hipertenziv pozuntular
2.7.261.1	Hamiləliyi, doğuşu və zahılıq dövrünü ağırlaşdıran, əvvəl mövcud olan essensial hipertenziya
2.7.261.10	Hestasion (hamiləliklə əlaqəli) hipertenziya nəzərəçarpan proteinuriyasız
2.7.261.2	Hamiləliyi, doğuşu, zahılıq dövrünü ağırlaşdıran, əvvəl mövcud olan kardiovaskulyar hipertenziya
2.7.261.3	Hamiləliyi, doğuşu, zahılıq dövrünü ağırlaşdıran, əvvəl mövcud olan renal hipertenziya
2.7.261.4	Hamiləliyi doğuşu, zahılıq dövrünü ağırlaşdıran, əvvəl mövcud olan kardiovaskulyar və renal hipertenziya
2.7.261.5	Hamiləliyi, doğuşu, zahılıq dövrünü ağırlaşdıran əvvəl mövcud olan ikincili hipertenziya
2.7.261.6	Əvvəl mövcud olan hipertenziv pozuntu, qoşulmuş proteinuriya ilə
2.7.261.7	Hamiləliklə bağlı ödemlər
2.7.261.8	Hamiləliklə bağlı proteinuriya
2.7.261.9	Hamiləliklə bağlı proteinuriya ilə müşayiət olunan ödemlər
2.7.262	Diaqnozu müəyyən edilməmiş, dəqiqləşdirilməmiş hallarda tibbi xidmət
2.7.262.1	XBT-10 üzrə qeydiyyata alınmış, 2.7.1-ci - 2.7.261 -ci yarımbəndlərdə təminata alınmamış, tibbi göstərişlərə əsasən stasionar şəraitdə terapevtik müalicə tələb edən dəqiqləşdirilməmiş diaqnozlar təminata alınır (A00-B99), (D50-D89), (E00-E88), (G00-G97), (H01-H59), (H60-H95), (I01-I99), (J01-J21.1), (J21.9-J98), (K09-K92), (L04-L98), (M00-M96), (N00-N99), (O00-O98), (P00-P96), (S00-T95)
2.7.263	Başqa rubrikalarda təsnif olunmayan cərrahi və terapevtik müdaxilələrin digər ağırlaşmaları (22 (iyirmi iki) gündən artıq stasionar müalicə tələb edən hallarda tibbi xidmət)
2.7.263.1	XBT-10 üzrə qeydiyyata alınmış, 2.7.1-ci - 2.7. 261 -ci yarımbəndlərdə, XBT-9 üzrə qeydiyyata alınmış 2.6.1-2.6.1332-ci yarımbəndlərdə təminata alınmış, stasionar terapevtik və cərrahi müdaxilələrin ağırlaşmaları nəticəsində, tibbi göstərişlərə əsasən stasionar şəraitdə 22 (iyirmi iki) gündən artıq terapevtik müalicə tələb edən diaqnozlar (A00-B99), (D50-D89), (E00-E88), (G00-G97), (H01-H59), (H60-H95), (I01-I99), (J01-J21.1), (J21.9-J98), (K09-K92), (L04-L98), (M00-M96), (N00-N99), (O00-O98), (P00-P96), (S00-T95) və cərrahi prosedurlar üzrə 22 (iyirmi iki) gün müddətindən artıq olan stasionar müalicə üçün əlavə yatış gününün tibbi və digər xərcləri təminata alınır
2.7.264	Başqa rubrikalarda təsnif olunmayan cərrahi və terapevtik müdaxilələrin digər ağırlaşmaları (7 (yeddi) gündən artıq reanimasiya və intensiv terapiya şöbəsində stasionar müalicə tələb edən hallarda tibbi xidmət, 8-ci gündən-14-cü günədək)
2.7.264.1	XBT-10 üzrə qeydiyyata alınmış, 2.7.1-ci - 2.7.261-ci yarımbəndlərdə, XBT-9 üzrə qeydiyyata alınmış 2.6.1-2.6.1332-ci yarımbəndlərdə təminata alınmış, stasionar terapevtik və cərrahi müdaxilələrin ağırlaşmaları nəticəsində, tibbi göstərişlərə əsasən reanimasiya və intensiv terapiya tədbirlərinin həyata keçirilməsini tələb edən diaqnozlar (A00-B99), (D50-D89), (E00-E88), (G00-G97), (H01-H59), (H60-H95), (I01-I99), (J01-J21.1), (J21.9-J98), (K09-K92), (L04-L98), (M00-M96), (N00-N99), (O00-O98), (P00-P96), (S00-T95) və cərrahi prosedurlar üzrə 7 (yeddi) gün müddətindən artıq 14-cü (on dörd) günədək olan əlavə reanimasiya və intensiv terapiya şöbəsində yatış gününün tibbi və digər xərcləri təminata alınır
2.7.265	Başqa rubrikalarda təsnif olunmayan cərrahi və terapevtik müdaxilələrin digər ağırlaşmaları (14 (on dörd) gündən artıq reanimasiya və intensiv terapiya şöbəsində stasionar müalicə tələb edən hallarda tibbi xidmət, 15-ci gündən 22-ci günədək)
2.7.265.1	XBT-10 üzrə qeydiyyata alınmış, 2.7.1-ci - 2.7. 262 -ci yarımbəndlərdə, XBT-9 üzrə qeydiyyata alınmış 2.6.1-2.6.1332-ci yarımbəndlərdə təminata alınmış, stasionar terapevtik və cərrahi müdaxilələrin ağırlaşmaları nəticəsində, tibbi göstərişlərə əsasən reanimasiya və intensiv terapiya tədbirlərinin həyata keçirilməsini tələb edən diaqnozlar (A00-B99), (D50-D89), (E00-E88), (G00-G97), (H01-H59), (H60-H95), (I01-I99), (J01-J21.1), (J21.9-J98), (K09-K92), (L04-L98), (M00-M96), (N00-N99), (O00-O98), (P00-P96), (S00-T95) və cərrahi prosedurlar üzrə 14 (on dörd) gün müddətindən artıq 22-ci (iyirmi iki) günədək olan əlavə reanimasiya və intensiv terapiya şöbəsində yatış gününün tibbi və digər xərcləri təminata alınır
2.7.266	Başqa rubrikalarda təsnif olunmayan cərrahi və terapevtik müdaxilələrin digər ağırlaşmaları (22 (iyirmi iki) gündən artıq reanimasiya və intensiv terapiya şöbəsində stasionar müalicə tələb edən hallarda tibbi xidmət)
2.7.266.1	XBT-10 üzrə qeydiyyata alınmış, 2.7.1-ci - 2.7.261-ci yarımbəndlərdə, XBT-9 üzrə qeydiyyata alınmış 2.6.1-2.6.1332-ci yarımbəndlərdə təminata alınmış, stasionar terapevtik və cərrahi müdaxilələrin ağırlaşmaları nəticəsində, tibbi göstərişlərə əsasən reanimasiya və intensiv terapiya tədbirlərinin həyata keçirilməsini tələb edən diaqnozlar (A00-B99), (D50-D89), (E00-E88), (G00-G97), (H01-H59), (H60-H95), (I01-I99), (J01-J21.1), (J21.9-J98), (K09-K92), (L04-L98), (M00-M96), (N00-N99), (O00-O98), (P00-P96), (S00-T95) və cərrahi prosedurlar üzrə 22 (iyirmi iki) gün müddətindən artıq olan əlavə reanimasiya və intensiv terapiya şöbəsində yatış gününün tibbi və digər xərcləri təminata alınır
2.7.27	Qida borusunun digər xəstəlikləri
2.7.27.1	Ezofagitlə birgə müşahidə olunan qastroezofaqeal reflüks
2.7.27.2	Qida borusu keçməzliyi
2.7.27.3	Qida borusunun deşilməsi
2.7.27.4	Mədə-qida borusunun cırılmış-hemorragik sindromu
2.7.28	Digər rubrikalarda təsnif olunan xəstəliklər zamanı qida borusunun zədələnmələri
2.7.28.1	Vərəm ezofagiti (A18.8)
2.7.28.2	Şaqas xəstəliyi zamanı qida borusunun genişlənməsi (B57.3)
2.7.28.3	Digər rubrikalarda təsnif olunan başqa xəstəliklər zamanı qida borusunun zədələnmələri
2.7.29	Mədə xorası. Onikibarmaq bağırsağın xorası
2.7.29.1	Mədə xorası, kəskin, qanaxma ilə
2.7.29.10	Onikibarmaq bağırsağın xorası, kəskin, qanaxma ilə
2.7.29.11	Onikibarmaq bağırsağın xorası, kəskin, deşilmə ilə
2.7.29.12	Onikibarmaq bağırsağın xorası, kəskin, qanaxma və deşilmə ilə
2.7.29.13	Onikibarmaq bağırsağın xorası, kəskin, qanaxma və deşilmə olmadan
2.7.29.14	Onikibarmaq bağırsağın xorası, xroniki və ya dəqiqləşdirilməmiş, qanaxma ilə
2.7.29.15	Onikibarmaq bağırsağın xorası, xroniki və ya dəqiqləşdirilməmiş, deşilmə ilə
2.7.29.16	Onikibarmaq bağırsağın xorası, xroniki və ya dəqiqləşdirilməmiş, qanaxma və deşilmə ilə
2.7.29.17	Onikibarmaq bağırsağın xorası, xroniki, qanaxma və ya deşilmə olmadan
2.7.29.18	Onikibarmaq bağırsağın xorası kəskin və ya xroniki olduğu dəqiqləşdirilmədən, qanaxma və ya deşilmə olmadan
2.7.29.19	Kəskin hemorragik qastrit
2.7.29.2	Mədə xorası, kəskin, deşilmə ilə
2.7.29.20	Digər kəskin qastritlər
2.7.29.21	Alkoqol mənşəli qastrit
2.7.29.22	Xroniki səthi qastrit
2.7.29.23	Xroniki atrofik qastrit
2.7.29.24	Digər qastritlər
2.7.29.25	Duodenit
2.7.29.3	Mədə xorası, kəskin, qanaxma və deşilmə ilə
2.7.29.4	Mədə xorası, kəskin, qanaxma və deşilmə olmadan
2.7.29.5	Mədə xorası, xroniki və ya dəqiqləşdirilməmiş, qanaxma ilə
2.7.29.6	Mədə xorası, xroniki və ya dəqiqləşdirilməmiş, deşilmə ilə
2.7.29.7	Mədə xorası, xroniki və ya dəqiqləşdirilməmiş, qanaxma və deşilmə ilə
2.7.29.8	Mədə xorası, xroniki, qanaxma və ya deşilmə olmadan
2.7.29.9	Mədə xorası, kəskin və ya xroniki olduğu dəqiqləşdirilmədən, qanaxma və ya deşılmə olmadan
2.7.3	Ürəyin işemik xəstəliyi
2.7.3.1	Qeyri-stabil stenokardiya (şiddətlənən stenokardiya)
2.7.3.10	Miokardın simptomsuz işemiyası
2.7.3.2	Sənədlərlə təsdiqlənmiş spazm ilə müşayiət olunan stenokardiya
2.7.3.3	Stenokardiyanın digər formaları
2.7.3.4	Miokard infarktına səbəb olmayan tac damar trombozu
2.7.3.5	Ürəyin kəskin işemik xəstəliyinin digər formaları
2.7.3.6	Ürəyin aterosklerotik xəstəliyi
2.7.3.7	Əvvəllər keçirilən miokard infarktı
2.7.3.8	İşemik kardiomiopatiya
2.7.3.9	Ürəyin xroniki işemik xəstəliyinin digər formaları
2.7.30	Dəqiqləşdirilməmiş lokalizasiyalı peptik xora
2.7.30.1	Dəqiqləşdirilməmiş lokalizasiyalı peptik xora, kəskin qanaxma ilə
2.7.30.10	Qastroyeyunal xora, xroniki və ya dəqiqləşdirilməmiş deşilmə ilə
2.7.30.11	Qastroyeyunal xora, xroniki və ya dəqiqləşdirilməmiş qanaxma və deşilmə ilə
2.7.30.2	Dəqiqləşdirilməmiş lokalizasiyalı peptik xora, kəskin deşilmə ilə
2.7.30.3	Dəqiqləşdirilməmiş lokalizasiyalı peptik xora, kəskin qanaxma və deşilmə ilə
2.7.30.4	Dəqiqləşdirilməmiş lokalizasiyalı peptik xora, kəskin qanaxma və deşılmə olmadan
2.7.30.5	Dəqiqləşdirilməmiş lokalizasiyalı peptik xora, xroniki və ya dəqiqləşdirilməmiş qanaxma ilə
2.7.30.6	Dəqiqləşdirilməmiş lokalizasiyalı peptik xora, xroniki və ya dəqiqləşdirilməmiş deşilmə ilə
2.7.30.7	Dəqiqləşdirilməmiş lokalizasiyalı peptik xora, xroniki və ya dəqiqləşdirilməmiş qanaxma və deşilmə ilə
2.7.30.8	Qastroyeyunal xora, kəskin qanaxma ilə
2.7.30.9	Qastroyeyunal xora, xroniki və ya dəqiqləşdirilməmiş qanaxma ilə
2.7.31	Mədənin kəskin genişlənməsi
2.7.31.1	Mədənin kəskin genişlənməsi
2.7.31.2	Böyüklərin hipertrofik pilorostenozu
2.7.31.3	Mədənin stenozu və qum saatına bənzər strikturası
2.7.31.4	Başqa rubrikalarda təsnif olunmayan pilorospazm
2.7.31.5	Mədənin divertikulu
2.7.31.6	Onikibarmaq bağırsaq keçməzliyi
2.7.31.7	Mədə və onikibarmaq bağırsağın fistulu
2.7.31.8	Mədə və onikibarmaq bağırsağın digər dəqiqləşdirilmiş xəstəlikləri
2.7.31.9	Mədə və onikibarmaq bağırsağın polipi
2.7.32	Paralitik ileus (bağırsaq keçməzliyi) və bağırsaq tutulması, yırtıq olmadan
2.7.32.1	Paralitik ileus
2.7.32.2	İnvaginasiya
2.7.32.3	Bağırsaqların çevrilməsi
2.7.32.4	Öd daşı təsirindən baş verən ileus
2.7.32.5	Bağırsaq mənfəzinin tutulmasının digər forması
2.7.33	Bağırsağın digər xəstəlikləri
2.7.33.1	Bağırsağın absesi
2.7.33.10	Xoralı (xroniki) proktit
2.7.33.11	Xoralı (xroniki) rektosiqmoidit
2.7.33.12	İltihablı poliplər
2.7.33.13	Sol tərəfli kolit
2.7.33.14	Digər xoralı kolitlər
2.7.33.2	Bağırsağın (qeyri-travmatik) deşilməsi
2.7.33.3	Bağırsaq fistulu
2.7.33.4	Bağırsaq xorası
2.7.33.5	Bağırsağın digər dəqiqləşdirilmiş xəstəlikləri
2.7.33.6	Nazik bağırsağın Kron xəstəliyi
2.7.33.7	Yoğun bağırsağın Kron xəstəliyi
2.7.33.8	Kron xəstəliyinin digər formaları
2.7.33.9	Xoralı (xroniki) pankolit
2.7.34	Hepatitlər, fibroz və sirrozlar
2.7.34.1	Alkoqol mənşəli qaraciyər çatışmazlığı
2.7.34.10	Qaraciyər fibrozu
2.7.34.11	Qaraciyərin sklerozu
2.7.34.12	Qaraciyərin sklerozu ilə birgə qaraciyər fibrozu
2.7.34.13	Birincili biliar sirroz
2.7.34.14	İkincili biliar sirroz
2.7.34.15	Portal hipertenziya
2.7.34.2	Qaraciyərin fibroz və sirrozla müşayiət olunan toksiki zədələnməsi
2.7.34.3	Kəskin və ya yarımkəskin qaraciyər çatışmazlığı
2.7.34.4	Xroniki qaraciyər çatışmazlığı
2.7.34.5	Başqa rubrikalarda təsnif olunmayan xroniki persistəedici hepatit
2.7.34.6	Başqa rubrikalarda təsnif olunmayan xroniki lobulyar hepatit
2.7.34.7	Başqa rubrikalarda təsnif olunmayan xroniki aktiv hepatit
2.7.34.8	Başqa rubrikalarda təsnif olunmayan digər xroniki hepatitlər
2.7.34.9	Dəqiqləşdirilməmiş xroniki hepatit
2.7.35	Qaraciyərin absesi
2.7.35.1	Qaraciyərin absesi
2.7.36	Hepatorenal (qaraciyər-böyrək) sindrom
2.7.36.1	Hepatorenal (qaraciyər-böyrək) sindrom
2.7.37	Qaraciyərin xroniki passiv doluqanlılığı
2.7.37.1	Qaraciyərin xroniki passiv doluqanlılığı
2.7.38	Xolesistit və kəskin pankreatit
2.7.38.1	Digər xolesistitlə birgə öd kisəsi daşları
2.7.38.10	Xolesistitin digər formaları
2.7.38.11	Alkoqol mənşəli xroniki pankreatit
2.7.38.12	Digər xroniki pankreatitlər
2.7.38.13	Mədəaltı vəzinin kistası
2.7.38.14	Mədəaltı vəzinin yalançı (qeyri-həqiqi) kistası
2.7.38.15	Mədəaltı vəzinin digər dəqiqləşdirilmiş xəstəlikləri
2.7.38.2	Xolangit
2.7.38.3	Qeyri-müəyyən mənşəli kəskin pankreatit
2.7.38.4	Kəskin biliar (öd mənşəli) pankreatit
2.7.38.5	Alkoqol mənşəli kəskin pankreatit
2.7.38.6	Dərman mənşəli kəskin pankreatit
2.7.38.7	Digər kəskin pankreatitlər
2.7.38.8	Kəskin xolesistit
2.7.38.9	Xroniki xolesistit
2.7.39	Bağırsaqda sorulmanın pozuntuları
2.7.39.1	Seliakiya
2.7.39.10	Cərrahi əməliyyatdan sonra yaranan bağırsaq keçməməzliyi
2.7.39.11	Kolostomiya və ya enterostomiyadan sonra yaranan disfunksiya
2.7.39.12	Postxolesistektomik sindrom
2.7.39.13	Həzm orqanlarının başqa rubrikalarda təsnif olunmayan, tibbi prosedurlardan sonra əmələ gələn digər pozuntular
2.7.39.2	Tropik spru
2.7.39.3	Başqa rubrikalarda təsnif olunmayan kor ilgək sindromu
2.7.39.4	Pankreatik steatoreya
2.7.39.5	Başqa rubrikalarda təsnif olunmayan orqanizmin qeyri-tolerantlığı nəticəsində yaranan sorulma pozuntuları
2.7.39.6	Bağırsaqda sorulmanın digər pozuntuları (Uippl xəstəliyi +(M14.8*)
2.7.39.7	Mədə-bağırsaq yolu üzərində aparılan cərrahi əməliyyatdan sonra müşahidə olunan qusma
2.7.39.8	«Operasiya olunmuş mədə» sindromu
2.7.39.9	Başqa rubrikalarda təsnif olunmayan cərrahi əməliyyatdan sonra əmələ gələn sorulma pozuntusu
2.7.4	Ağciyər emboliyası
2.7.4.1	Kəskin ağciyər ürəyi olması göstərilməklə ağciyər emboliyası
2.7.4.2	Kəskin ağciyər ürəyi olması göstərilmədən ağciyər emboliyası
2.7.40	Həzm orqanlarının digər xəstəlikləri
2.7.40.1	Qanlı qusma
2.7.40.2	Melena
2.7.40.3	Həzm orqanlarının digər dəqiqləşdirilmiş xəstəlikləri
2.7.41	Pnevmoniya
2.7.41.1	Adenovirus mənşəli pnevmoniya
2.7.41.10	Stafilokokk tərəfindən törədilən pnevmoniya
2.7.41.11	B qrup streptokokk tərəfindən törədilən pnevmoniya
2.7.41.12	Digər streptokoklar tərəfindən törədilən pnevmoniya
2.7.41.13	Escherichia coli tərəfindən törədilən pnevmoniya
2.7.41.14	Digər aerob, qrammənfi bakteriyalar tərəfindən törədilən pnevmoniya
2.7.41.15	Mycoplasma pneumoniae tərəfindən törədilən pnevmoniya
2.7.41.16	Digər bakterial pnevmoniyalar
2.7.41.17	Xlamidiyalar tərəfindən törədilən pnevmoniya
2.7.41.18	Digər rubrikalarda təsnif olunan bakterial xəstəliklər zamanı müşahidə edilən pnevmoniya
2.7.41.19	Digər rubrikalarda təsnif olunan virus xəstəlikləri zamanı müşahidə edilən pnevmoniya
2.7.41.2	Respirator sinsitial virus tərəfindən törədilən pnevmoniya
2.7.41.20	Mikozlar zamanı pnevmoniya
2.7.41.21	Digər rubrikalarda təsnif olunan başqa xəstəliklər zamanı müşahidə edilən pnevmoniya
2.7.41.22	Parazitar xəstəliklər zamanı pnevmoniya
2.7.41.23	Törədicisi müəyyən olunmamış digər pnevmoniya
2.7.41.3	Paraqrip virusu tərəfindən törədilən pnevmoniya
2.7.41.4	İnsan metapnevmovirusu tərəfindən törədilən pnevmoniya
2.7.41.5	Digər virus mənşəli pnevmoniyalar
2.7.41.6	Streptococcus pneumoniae tərəfindən törədilən pnevmoniya
2.7.41.7	Haemophilus influenzae (Afanasyev-Pfeyffer çöpü) tərəfindən törədilən pnevmoniya
2.7.41.8	Klebsiella pneumoniae tərəfindən törədilən pnevmoniya
2.7.41.9	Pseudomonas(göy-yaşıl irin çöpü) tərəfindən törədilən pnevmoniya
2.7.42	Yuxarı tənəffüs yollarının kəskin infeksiyaları. Kəskin bronxit
2.7.42.1	Yuxarı tənəffüs yollarının çox lokalizasiyalı digər kəskin infeksiyaları
2.7.42.10	Digər dəqiqləşdirilmiş infeksion amillər tərəfindən törədilən kəskin bronxit
2.7.42.11	Respirator sinsitial virus tərəfindən törədilən kəskin bronxiolit
2.7.42.12	İnsan metapnevmovirusu tərəfindən törədilən kəskin bronxiolit
2.7.42.13	Digər dəqiqləşdirilmiş infeksion amillər tərəfindən törədilən kəskin bronxiolit
2.7.42.14	Kəskin yuxarı çənə sinusiti
2.7.42.15	Kəskin frontal sinusit
2.7.42.16	Kəskin etmoidal sinusit
2.7.42.17	Kəskin stenoidal sinusit
2.7.42.18	Kəskin pansinusit
2.7.42.19	Digər kəskin sinusit
2.7.42.2	Mycoplasma pneumoniae tərəfindən törədilən kəskin bronxit
2.7.42.20	Kəskin laringit
2.7.42.21	Kəskin traxeit
2.7.42.22	Kəskin larinqotraxeit
2.7.42.3	Haemophilus influenzae (Afanasyev-Pfeyffer çöpü) tərəfindən törədilən kəskin bronxit
2.7.42.4	Streptokokk tərəfindən törədilən kəskin bronxit
2.7.42.5	Koksaki virusu tərəfindən törədilən kəskin bronxit
2.7.42.6	Paraqrip virusu tərəfindən törədilən kəskin bronxit
2.7.42.7	Respirator sinsitial virus tərəfindən törədilən kəskin bronxit
2.7.42.8	Rinovirus tərəfindən törədilən kəskin bronxit
2.7.42.9	Exovirus tərəfindən törədilən kəskin bronxit
2.7.43	Kəskin obstruktiv laringit (inağ) və epiqlottit
2.7.43.1	Kəskin obstruktiv laringit (inağ)
2.7.43.2	Kəskin epiqlottit
2.7.43.3	Streptokokk mənşəli tonzillit
2.7.43.4	Digər dəqiqləşdirilmiş törədicilər tərəfindən törədilən kəskin tonzillit
2.7.44	Burnun və burun ciblərinin digər xəstəlikləri
2.7.44.1	Burnun və burun ciblərinin digər dəqiqləşdirilmiş xəstəlikləri
2.7.45	Aşağı tənəffüs yollarının xroniki xəstəlikləri. Digər interstisial ağciyər xəstəlikləri
2.7.45.1	Sadə xroniki bronxit
2.7.45.2	Selikli-irinli xroniki bronxit
2.7.45.3	Qarışıq, sadə və selikli-irinli xroniki bronxit
2.7.45.4	Ağciyərin xroniki obstruktiv xəstəliyinin aşağı tənəffüs yollarının kəskin respirator infeksiyası ilə birgə müşahidə olunması
2.7.45.5	Ağciyərin digər dəqiqləşdirilmiş xroniki obstruktiv xəstəliyi
2.7.45.6	Bronxoektaziya xəstəliyi
2.7.45.7	Alveolyar və pariyeto-alveolyar pozuntular
2.7.45.8	Fibroz olduğu göstərilməklə digər interstisial ağciyər xəstəlikləri
2.7.45.9	Ağciyərin digər dəqiqləşdirilmiş interstisial xəstəlikləri
2.7.46	Astmatik vəziyyət (status asthmaticus)
2.7.46.1	Astmatik vəziyyət (status asthmaticus)
2.7.46.2	Allergik komponentin üstünlüyü ilə müşahidə olunan astma
2.7.46.3	Qeyri-allergik astma
2.7.46.4	Qarışıq astma
2.7.47	Bərk maddələr və mayelərin təsirindən yaranan pnevmonit
2.7.47.1	Qida və qusuntu kütləsi təsirindən yaranan pnevmonit
2.7.47.2	Nəfəsalma zamanı ağciyərlərə daxil olan yağ və sirkənin təsirindən yaranan pnevmonit
2.7.47.3	Digər bərk maddələr və mayelərin təsirindən yaranan pnevmonit
2.7.48	Ağciyər ödemi
2.7.48.1	Kimyəvi maddələr, qazlar, tüstülər və buxarların təsirindən yaranan bronxit və pnevmonit
2.7.48.2	Kimyəvi maddələr, qazlar, tüstülər və buxarların təsirindən yaranan ağciyər ödemi
2.7.48.3	Şüalanma təsirindən yaranan kəskin ağciyər əlamətləri
2.7.48.4	Dərman maddələrinin təsirindən yaranan kəskin interstisial ağciyər pozuntuları
2.7.48.5	Böyüklərin respirator pozuntu (distress) sindromu
2.7.48.6	Ağciyər ödemi
2.7.48.7	Başqa rubrikalarda təsnif olunmayan ağciyər eozinofiliyası
2.7.49	Ağciyər və divararalığının absesi, piotoraks. Başqa rubrikalarda təsnif olunmayan plevral eksudat
2.7.49.1	Ağciyərin qanqrena və nekrozu
2.7.49.2	Pnevmoniya ilə birgə ağciyər absesi
2.7.49.3	Pnevmoniya olmadan ağciyər absesi
2.7.49.4	Divararalığının absesi
2.7.49.5	Fistula ilə müşayiət olunan piotoraks
2.7.49.6	Fistula olmadan müşahidə edilən piotoraks
2.7.49.7	Başqa rubrikalarda təsnif olunmayan plevral eksudat
2.7.49.8	Digər rubrikalarda təsnif olunan hallar zamanı müşahidə olunan plevral eksudat
2.7.5	Ağciyər-ürək çatışmazlığının digər formaları
2.7.5.1	Birincili ağciyər hipertenziyası
2.7.5.2	İkincili ağciyər hipertenziyasının digər formaları
2.7.5.3	Ağciyər-ürək çatışmazlığının digər dəqiqləşdirilmiş formaları
2.7.5.4	Ürəyin kifoskoliotik xəstəliyi
2.7.50	Pnevmotoraks. Plevranın digər zədələnmələri
2.7.50.1	Spontan gərginlik pnevmotoraksı
2.7.50.2	Digər spontan pnevmotoraks
2.7.50.3	Digər pnevmotoraks
2.7.50.4	Fibrotoraks
2.7.50.5	Hemotoraks
2.7.50.6	Digər dəqiqləşdirilmiş plevra zədələnmələri
2.7.50.7	Travmatik pnevmotoraks
2.7.51	Başqa rubrikalarda təsnif olunmayan tibbi prosedurdan sonra baş verən respirator pozuntular
2.7.51.1	Traxeostomanın funksiyasının pozuntuları
2.7.51.2	Döş qəfəsi üzərində olmayan (qeyri-torakal) cərrahi əməliyyatdan sonra baş verən kəskin ağciyər çatışmazlığı
2.7.51.3	Cərrahi əməliyyat nəticəsində yaranan xroniki ağciyər çatışmazlığı
2.7.51.4	Mendelson sindromu
2.7.51.5	Tibbi prosedurdan sonra səs tellərinin altında baş verən stenoz
2.7.51.6	Tibbi prosedurdan sonra baş verən digər respirator pozuntular
2.7.51.7	Kəskin respirator çatışmazlıq
2.7.51.8	Xroniki respirator çatışmazlıq
2.7.51.9	Digər dəqiqləşdirilmiş respirator pozuntular
2.7.52	Kəskin nefritik sindrom
2.7.52.1	Yumаqcıq хəstəlikləri, kəskin nefritik sindrom, əhəmiyyətsiz yumaqcıq pozuntular
2.7.52.10	Kəskin şiddətlənən nefritik sindrom, əhəmiyyətsiz yumaqcıq pozuntular
2.7.52.11	Kəskin şiddətlənən nefritik sindrom, ocaqlı və seqmentar yumaqcıq pozuntular
2.7.52.12	Kəskin şiddətlənən nefritik sindrom, diffuz membranoz qlomerulonefrit
2.7.52.13	Kəskin şiddətlənən nefritik sindrom, diffuz mezangial proliferativ qlomerulonefrit
2.7.52.14	Kəskin şiddətlənən nefritik sindrom, diffuz endokapilyar proliferativ qlomerulonefrit
2.7.52.15	Kəskin şiddətlənən nefritik sindrom, diffuz mezangliokapilyar qlomerulonefrit
2.7.52.16	Kəskin şiddətlənən nefritik sindrom, sıx çöküntü xəstəliyi
2.7.52.17	Kəskin şiddətlənən nefritik sindrom, diffuz oraqşəkilli qlomerulonefrit
2.7.52.18	Kəskin şiddətlənən nefritik sindrom, digər dəyişikliklər
2.7.52.19	Residiv verən və davamlı hematuriya, əhəmiyyətsiz yumaqcıq pozuntular
2.7.52.2	Yumаqcıq хəstəlikləri, kəskin nefritik sindrom, ocaqlı və seqmentar yumaqcıq pozuntular
2.7.52.20	Residiv verən və davamlı hematuriya, ocaqlı və seqmentar yumaqcıq pozuntular
2.7.52.21	Residiv verən və davamlı hematuriya, diffuz membranoz qlomerulonefrit
2.7.52.22	Residiv verən və davamlı hematuriya, diffuz mezangial proliferativ qlomerulonefrit
2.7.52.23	Residiv verən və davamlı hematuriya, diffuz endokapilyar proliferativ qlomerulonefrit
2.7.52.24	Residiv verən və davamlı hematuriya, diffuz mezangliokapilyar qlomerulonefrit
2.7.52.25	Residiv verən və davamlı hematuriya, sıx çöküntü xəstəliyi
2.7.52.26	Residiv verən və davamlı hematuriya, diffuz oraqşəkilli qlomerulonefrit
2.7.52.27	Residiv verən və davamlı hematuriya, digər dəyişikliklər
2.7.52.3	Yumаqcıq хəstəlikləri, kəskin nefritik sindrom, diffuz membranoz qlomerulonefrit
2.7.52.4	Yumаqcıq хəstəlikləri, kəskin nefritik sindrom, diffuz mezangial proliferativ qlomerulonefrit
2.7.52.5	Yumаqcıq хəstəlikləri, kəskin nefritik sindrom, diffuz endokapilyar proliferativ qlomerulonefrit
2.7.52.6	Yumаqcıq хəstəlikləri, kəskin nefritik sindrom, diffuz mezangliokapilyar qlomerulonefrit
2.7.52.7	Yumаqcıq хəstəlikləri, kəskin nefritik sindrom, sıx çöküntü xəstəliyi
2.7.52.8	Yumаqcıq хəstəlikləri, kəskin nefritik sindrom, diffuz oraqşəkilli qlomerulonefrit
2.7.52.9	Yumаqcıq хəstəlikləri, kəskin nefritik sindrom, digər dəyişikliklər
2.7.53	Xronik nefritik sindrom
2.7.53.1	Xronik nefritik sindrom, əhəmiyyətsiz yumaqcıq pozuntular
2.7.53.10	Renovaskulyar hipertenziya
2.7.53.2	Xronik nefritik sindrom, ocaqlı və seqmentar yumaqcıq pozuntular
2.7.53.3	Xronik nefritik sindrom, diffuz membranoz qlomerulonefrit
2.7.53.4	Xronik nefritik sindrom, diffuz mezangial proliferativ qlomerulonefrit
2.7.53.5	Xronik nefritik sindrom, diffuz endokapilyar proliferativ qlomerulonefrit
2.7.53.6	Xronik nefritik sindrom, diffuz mezangliokapilyar qlomerulonefrit
2.7.53.7	Xronik nefritik sindrom, sıx çöküntü xəstəliyi
2.7.53.8	Xronik nefritik sindrom, diffuz oraqşəkilli qlomerulonefrit
2.7.53.9	Xronik nefritik sindrom, digər dəyişikliklər
2.7.54	Tubulointerstisial nefrit, böyrəklərin digər tubulointerstisial xəstəlikləri
2.7.54.1	Kəskin tubulointerstisial nefrit
2.7.54.2	Reflyuksla bağlı qeyri-obstruktiv xroniki pielonefrit
2.7.54.3	Xroniki obstruktiv pielonefrit
2.7.54.4	Digər xroniki tubulointerstisial nefritlər
2.7.54.5	Kəskin və ya xroniki olduğu dəqiqləşdirilməmiş tubulointerstisial nefrit
2.7.54.6	Ağır metallar və dərman maddələrinin təsirindən əmələ gələn tubulointerstisial və tubulyar zədələnmələr
2.7.54.7	Böyrəyin digər dəqiqləşdirilmiş tubulointerstisial zədələnmələri
2.7.54.8	Digər rubrikalarda təsnif olunan xəstəliklər zamanı böyrəyin tubulointerstisial zədələnmələri
2.7.55	Böyrək çatışmazlığı
2.7.55.1	Tubulyar nekroz ilə müşayiət olunan kəskin böyrək çatışmazlığı
2.7.55.2	Kəskin qabıq nekrozu ilə müşayiət olunan kəskin böyrək çatışmazlığı
2.7.55.3	Medulyar nekrozla müşayiət olunan kəskin böyrək çatışmazlığı
2.7.55.4	Digər kəskin böyrək çatışmazlığı
2.7.56	Xroniki böyrək xəstəliyi
2.7.56.1	Xroniki böyrək xəstəliyi I mərhələ
2.7.56.2	Xroniki böyrək xəstəliyi II mərhələ
2.7.56.3	Böyrəyin digər zədələnmələrinə görə ikincili hipertenziya
2.7.57	Sidik kisəsinin digər zədələnmələri
2.7.57.1	Sidik kisəsi divertikulu
2.7.57.2	Sidik kisəsinin digər dəqiqləşdirilmiş zədələnmələri
2.7.57.3	Vərəm sistiti (A18.1+)
2.7.57.4	Digər rubrikalarda təsnif olunan başqa xəstəliklər zamanı sidik kisəsinin zədələnmələri
2.7.58	Orxit və epididimit
2.7.58.1	Absesləşmiş orxit, epididimit və orxoepididimit
2.7.58.2	Abses olması barədə məlumat verilmədən orxit, epididimit və orxoepididimit
2.7.59	Salpingit və ooforit
2.7.59.1	Kəskin salpingit və ooforit
2.7.59.2	Xroniki salpingit və ooforit
2.7.6	Ağciyər damarlarının digər xəstəlikləri
2.7.6.1	Ağciyər damarlarının arteriovenoz fistulu
2.7.6.2	Ağciyər arteriyasının anevrizması
2.7.6.3	Ağciyər damarlarının digər dəqiqləşdirilmiş xəstəlikləri
2.7.60	Qadın kiçik çanaq orqanlarının digər iltihabi xəstəlikləri
2.7.60.1	Uşağlığın kəskin iltihabi xəstəlikləri
2.7.60.10	Yumurtalığın, uşaqlıq borusunun və uşaqlığın enli bağının digər qeyri-iltihabi xəstəlikləri
2.7.60.2	Uşaqlığın xroniki iltihabi xəstəlikləri
2.7.60.3	Kəskin parametrit və çanaq fleqmonası
2.7.60.4	Xroniki parametrit və çanaq fleqmonası
2.7.60.5	Qadınların kəskin çanaq peritoniti
2.7.60.6	Qadınların xroniki çanaq peritoniti
2.7.60.7	Qadınların çanağında əmələ gələn peritoneal bitişmələr
2.7.60.8	Qadın kiçik çanaq orqanlarının digər dəqiqləşdirilmiş iltihabi xəstəlikləri
2.7.60.9	Uşaqlığın enli bağının hematoması
2.7.61	Digər rubrikalarda təsnif olunan xəstəliklər zamanı qadın çanaq orqanlarının iltihabi xəstəlikləri
2.7.61.1	Qadın çanaq orqanlarının vərəm etiologiyalı iltihabi xəstəlikləri(A18.1+)
2.7.61.2	Qadın çanaq orqanlarının xlamidiya mənşəli iltihabi xəstəlikləri (A56.1+)
2.7.61.3	Digər rubrikalarda təsnif olunan başqa xəstəliklər zamanı qadınların kiçik çanaq orqanların iltihabi xəstəlikləri
2.7.62	Vulvanın və uşaqlıq yolunun digər iltihabi xəstəlikləri
2.7.62.1	Bartolin vəzinin kistası
2.7.62.2	Kəskin vaginit
2.7.62.3	Kəskin vulvit
2.7.62.4	Uşaqlıq yolunun xoralaşması
2.7.62.5	Vulvanın xoralaşması
2.7.62.6	Uşaqlıq yolu və vulvanın digər dəqiqləşdirilmiş iltihabi xəstəlikləri
2.7.63	Endometrioz
2.7.63.1	Uşaqlığın endometriozu
2.7.63.2	Yumurtalıqların endometriozu
2.7.63.3	Uşaqlıq borusunun endometriozu
2.7.63.4	Canaq peritonunun endometriozu
2.7.63.5	Rektovaginal arakəsmənin və uşaqlıq yolunun endometriozu
2.7.63.6	Bağırsağın endometriozu
2.7.63.7	Dəri çapığının endometriozu
2.7.64	Uşaqlığın digər qeyri-iltihabi xəstəlikləri
2.7.64.1	Endometrinin vəzili hiperplaziyası
2.7.64.2	Endometrin adenomatoz hiperplaziyası
2.7.64.3	Uşaqlığın digər dəqiqləşdirilmiş qeyri-iltihabi xəstəlikləri
2.7.65	Uşaqlıq boynunun digər qeyri-iltihabi xəstəlikləri
2.7.65.1	Uşaqlıq boynunun digər dəqiqləşdirilmiş qeyri-iltihabi xəstəlikləri
2.7.65.2	Hematokolpos
2.7.65.3	Uşaqlıq yolunun digər qeyri-iltihabi xəstəlikləri
2.7.66	Bağırsaq infeksiyaları
2.7.66.1	'Vibrio cholerae 01' vəba vibrionlarının törətdiyi vəba
2.7.66.10	Shigella flexneri tərəfindən törədilən şigellyoz
2.7.66.11	Shigella boydii tərəfindən törədilən şigellyoz
2.7.66.12	Shigella sonnei tərəfindən törədilən şigellyoz
2.7.66.13	Digər şigellyoz
2.7.66.14	Escherichia coli tərəfindən törədilən enteropatogen infeksiya
2.7.66.15	Escherichia coli tərəfindən törədilən enterotoksigen infeksiya
2.7.66.16	Escherichia coli tərəfindən törədilən enteroinvaziv infeksiya
2.7.66.17	Escherichia coli tərəfindən törədilən enterohemorragik infeksiya
2.7.66.18	Escherichia coli tərəfindən törədilən digər bağırsaq infeksiyaları
2.7.66.19	Campylobacter tərəfindən törədilən enterit
2.7.66.2	Vibrio Eltor 01 vəba vibronlarınının törətdiyi vəba
2.7.66.20	Yersinia enterocolitica tərəfindən törədilən enterit
2.7.66.21	Clostridium difficile tərəfindən törədilən enterokolit
2.7.66.22	Digər dəqiqləşdirilmiş bakterial bağırsaq infeksiyaları
2.7.66.23	Stafilokokklar tərəfindən törədilən qida zəhərlənməsi
2.7.66.24	Botulizm
2.7.66.25	Clostridium perfringens (Clostridium welchii) tərəfindən törədilən qida zəhərlənməsi
2.7.66.26	Vibrio parahaemolyticus tərəfindən törədilən qida zəhərlənməsi
2.7.66.27	Bacillus cereus tərəfindən törədilən qida zəhərələnməsi
2.7.66.28	Digər dəqiqləşdirilmiş bakterial qida zəhərlənmələri
2.7.66.29	Kəskin amöb dizenteriyası
2.7.66.3	A paratifi
2.7.66.30	Xroniki bağırsaq amöbiazı
2.7.66.31	Amöblü qeyri-dizenterial kolit
2.7.66.32	Bağırsağın amöboması
2.7.66.33	Qaraciyərin amöb absesi
2.7.66.34	Ağciyərin amöb absesi (J99.8*)
2.7.66.35	Baş beynin amöb absesi (G07*)
2.7.66.36	Dəri amöbiazı
2.7.66.37	Digər lokalizasiyalı amöb infeksiyası
2.7.66.38	Balantidiaz
2.7.66.39	Jiardiaz (lyamblioz)
2.7.66.4	B paratifi
2.7.66.40	Kriptosporidiaz
2.7.66.41	İzosporoz
2.7.66.42	Bağırsağın digər dəqiqləşdirilmiş protozoy xəstəlikləri
2.7.66.43	Rotavirus enteriti
2.7.66.44	Norvolk törədicisi tərəfindən törədilən kəskin qastroenteropatiya
2.7.66.45	Adenovirus enteriti
2.7.66.46	Virus mənşəli digər enteritlər
2.7.66.47	Digər dəqiqləşdirilmiş bağırsaq infeksiyaları
2.7.66.5	C paratifi
2.7.66.6	Salmonellyoz enteriti
2.7.66.7	Salmonellyoz sepsisi
2.7.66.8	Digər dəqiqləşdirilmiş salmonellyoz infeksiyası
2.7.66.9	Shigella dysenteriae tərəfindən törədilən şigellyoz
2.7.67	Brusellyoz
2.7.67.1	Brucella melitensis tərəfindən törədilən brusellyoz
2.7.67.2	Brucella abortus tərəfindən törədilən brusellyoz
2.7.67.3	Brucella suis tərəfindən törədilən brusellyoz
2.7.67.4	Brucella canis tərəfindən törədilən brusellyoz
2.7.67.5	Brusellyozun digər formaları
2.7.68	Virus hepatitlər
2.7.68.1	Qaraciyər koması ilə ağırlaşan A hepatiti
2.7.68.2	Qaraciyər koması ilə ağırlaşmayan A hepatiti
2.7.68.3	Qaraciyər koması baş vermədən müşayiət olunan delta - amilli (koinfeksiya) kəskin B hepatiti
2.7.68.4	Qaraciyər koması ilə müşayiət olunan delta - amilsiz kəskin B hepatiti
2.7.68.5	Qaraciyər koması baş vermədən və delta - amilsiz B hepatiti
2.7.68.6	B hepatiti virus gəzdiricisinin kəskin delta - (super) infeksiyası
2.7.68.7	Kəskin C hepatiti
2.7.68.8	Kəskin E hepatiti
2.7.68.9	Digər dəqiqləşdirilmiş kəskin virus hepatitləri
2.7.69	Bakterial zoonozlar
2.7.69.1	Taunun bubon forması A20.1
2.7.69.10	Mədə-bağırsaq tulyaremiyası
2.7.69.11	Generalizə olunmuş tulyaremiya
2.7.69.12	Tulyaremiyanın digər formaları
2.7.69.13	Qarayaranın dəri forması
2.7.69.14	Qarayaranın ağciyər forması
2.7.69.15	Qarayaranın mədə-bağırsaq forması
2.7.69.16	Qarayara sepsisi (qarayaranın septik forması) A22.8
2.7.69.17	Qarayaranın digər formaları
2.7.69.18	Manqo
2.7.69.19	Kəskin və ya ildırımsürətli melioidoz
2.7.69.2	Dəri-selülyar taunu
2.7.69.20	Yarımkəskin və xroniki melioidoz
2.7.69.21	Spirillyoz
2.7.69.22	Streptobasillyoz
2.7.69.23	Dəri erizipeloidi
2.7.69.24	Erysipelothrix tərəfindən törədilən sepsis
2.7.69.25	Erizipeloidin digər formaları
2.7.69.26	Sarılıqlı - hemorragik leptospiroz
2.7.69.27	Leptospirozun digər formaları
2.7.69.28	Dəqiqləşdirilməmiş leptospiroz
2.7.69.29	Pasterellyoz
2.7.69.3	Ağciyər taunu
2.7.69.30	Pişik cırmaqlamasından törəyən qızdırma
2.7.69.31	Bağırsaqdan xaric iersinioz
2.7.69.4	Taun meningiti
2.7.69.5	Taunun septik forması
2.7.69.6	Taunun digər formaları
2.7.69.7	Tulyaremiyanın xoralı-vəzili forması
2.7.69.8	Tulyaremiyanın göz vəzili forması
2.7.69.9	Ağciyər tulyaremiyası
2.7.7	Perikardit, perikardın digər xəstəlikləri
2.7.7.1	Kəskin revmatik perikardit
2.7.7.10	Digər rubrikalarda təsnif olunan bakterial xəstəliklər zamanı müşahidə edilən perikardit
2.7.7.11	Digər rubrikalarda təsnif olunan infeksion və parazitar xəstəliklər zamanı müşahidə edilən perikardit
2.7.7.12	Digər rubrikalarda təsnif olunan başqa xəstəliklər zamanı müşahidə edilən perikardit
2.7.7.13	Xroniki revmatik perikardit
2.7.7.2	Kəskin qeyri-spesifik idiopatik perikardit
2.7.7.3	İnfeksion perikardit
2.7.7.4	Kəskin perikarditin digər formaları
2.7.7.5	Xroniki adgeziv (bitişən) perikardit
2.7.7.6	Xroniki konstriktiv (daralan) perikardit
2.7.7.7	Başqa rubrikalarda təsnif olunmayan hemoperikardit
2.7.7.8	Perikardial (qeyri-iltihabi) eksudat
2.7.7.9	Perikardın digər dəqiqləşdirilmiş xəstəlikləri
2.7.70	Mikobakteriyalar tərəfindən törədilən infeksiyalar
2.7.70.1	Mycobacterium tərəfindən törədilən ağciyər infeksiyası
2.7.70.2	Mycobacterium tərəfindən törədilən dəri infeksiyası
2.7.70.3	Mycobacterium tərəfindən törədilən digər infeksiyalar
2.7.71	Digər bakterial xəstəliklər
2.7.71.1	Dəri listeriozu
2.7.71.10	Dəri difteriyası
2.7.71.11	Difteriyanın digər formaları
2.7.71.12	Bordotella növünə aid digər dəqiqləşdirilmiş törədicilər tərəfindən törədilən göy öskürək
2.7.71.13	Skarlatina
2.7.71.14	A qrup streptokokkların törətdiyi sepsis
2.7.71.15	B qrup streptokokkların törətdiyi sepsis
2.7.71.16	D qrup streptokokkların törətdiyi sepsis
2.7.71.17	Streptococcus pneumoniae tərəfindən törədilən sepsis
2.7.71.18	Digər streptokokk sepsisi
2.7.71.19	Staphylococcus aureus tərəfindən törədilən sepsis
2.7.71.2	Listerioz sepsisi
2.7.71.20	Stafilokokkun digər dəqiqləşdirilmiş növü tərəfindən törədilən sepsis
2.7.71.21	Stafilokokkun dəqiqləşdirilməmiş növü tərəfindən törədilən sepsis
2.7.71.22	Haemophilus influenzae tərəfindən törədilən sepsis
2.7.71.23	Anaerob mikroblar tərəfindən törədilən sepsis
2.7.71.24	Digər qram-mənfi mikroorqanizmlər tərəfindən törədilən sepsis
2.7.71.25	Digər dəqiqləşdirilmiş sepsis
2.7.71.26	Ağciyər aktinomikozu
2.7.71.27	Abdominal aktinomikoz
2.7.71.28	Boyun-üz aktinomikoz
2.7.71.29	Aktinomikoz sepsisi
2.7.71.3	Listeriozun digər formaları
2.7.71.30	Digər aktinomikozlar
2.7.71.31	Ağciyər nokardiozu
2.7.71.32	Dəri nokardiozu
2.7.71.33	Nokardiozun digər formaları
2.7.71.34	Sistem bartonellyozu
2.7.71.35	Dəri və dəri-selikli qişa bartonellyozu
2.7.71.36	Digər bartonellyozlar
2.7.71.4	Yenidoğulmuşun tetanusu
2.7.71.5	Mamalıq tetanusu
2.7.71.6	Tetanusun digər formaları
2.7.71.7	Udlaq difteriyası
2.7.71.8	Burun-udlaq difteriyası
2.7.71.9	Qırtlaq difteriyası
2.7.72	Qızılyel. Başqa rubrikada təsnif olunmayan digər xəstəliklər
2.7.72.1	Qızılyel
2.7.72.2	Qazlı qanqrena
2.7.72.3	Pnevmoniyasız müşahidə olunan legionerlər xəstəliyi (Pontiak qızdırması)
2.7.72.4	Toksiki şok sindromu
2.7.72.5	Braziliya purpur qızdırması
2.7.72.6	Digər dəqiqləşdirilmiş bakterial xəstəliklər
2.7.73	Anogenital herpetik virus infeksiyası. Qayıdan qızdırmalar. Xlamidiya. Rickettsia tərəfindən törədilən xəstəliklər
2.7.73.1	Cinsiyyət orqanları və sidik-cinsiyyət aparatının herpetik infeksiyaları
2.7.73.10	Rickettsia typhi tərəfindən törədilən yatalaq
2.7.73.11	Rickettsia tsutsugamushi tərəfindən törədilən yatalaq
2.7.73.12	Rickettsia rickettsii tərəfindən törədilən ləkəli qızdırma
2.7.73.13	Rickettsia conorii tərəfindən törədilən ləkəli qızdırma
2.7.73.14	Rickettsia siberica tərəfindən törədilən ləkəli qızdırma
2.7.73.15	Rickettsia australis tərəfindən törədilən ləkəli qızdırma
2.7.73.16	Digər ləkəli qızdırmalar
2.7.73.17	Səngər qızdırması Beşgünlük paroksizmal qızdırma Volın (Wolhynian) qızdırması
2.7.73.18	Rickettsia akari tərəfindən törədilən çiçəyəbənzər rikketsioz
2.7.73.19	Digər dəqiqləşdirilmiş rikketsiozlar
2.7.73.2	Anusətrafı nahiyənin dərisinin və düz bağırsağın herpetik infeksiyaları
2.7.73.3	Bit yoluxduran qayıdan qızdırma
2.7.73.4	Epidemik qayıdan yatalaq
2.7.73.5	Chlamydia psittaci tərəfindən törədilən infeksiya
2.7.73.6	Xlamidiya mənşəli konyuktivit (H13.1*)
2.7.73.7	Xlamidiyalar tərəfindən törədilən digər xəstəliklər
2.7.73.8	Rickettsia prowazekii tərəfindən törədilən və bit yoluxduran epidemik yatalaq
2.7.73.9	Residivverən yatalaq (Brill xəstəliyi)
2.7.74	Virus tərəfindən törədilən xəstəliklər
2.7.74.1	Vaksinasiyadan sonra baş verən kəskin paralitik poliomielit
2.7.74.10	Şəhər tipli quduzluq
2.7.74.11	Ekzantematoz enterovirus qızdırması (Boston ekzanteması)
2.7.74.12	Epidemik başgicəllənmə
2.7.74.13	Mərkəzi sinir sisteminin digər dəqiqləşdirilmiş virus infeksiyaları
2.7.74.14	Ağcaqanadla yoluxan digər dəqiqləşdirilmiş virus qızdırması
2.7.74.15	Oropuş virusu tərəfindən törədilən xəstəlik
2.7.74.16	Mığmığa qızdırması
2.7.74.17	Kolorado gənə qızdırması
2.7.74.18	Buğumayaqlılar vasitəsilə ötürülən digər dəqiqləşdirilmiş virus qızdırmaları
2.7.74.19	Meşəlik tipli sarı qızdırma
2.7.74.2	Vəhşi heyvanlar tərəfindən daşınan virus tərəfindən törədilən kəskin paralitik poliomielit
2.7.74.20	Şəhər tipli sarı qızdırma
2.7.74.21	Xunin hemorragik qızdırması
2.7.74.22	Maçupo hemorragik qızdırması
2.7.74.23	Arenovirus etiologiyalı digər hemorragik qızdırmalar
2.7.74.24	Marburq virusu tərəfindən törədilən xəstəlik
2.7.74.25	Ebola virusu tərəfindən törədilən xəstəlik
2.7.74.26	Böyrək sindromu ilə müşayiət olunan hemorragik qızdırma
2.7.74.27	Virus etiologiyalı digər dəqiqləşdirilmiş hemorragik qızdırmalar
2.7.74.28	Herpetik ekzema
2.7.74.29	Herpetik gingivostomatit və farinqotonzillit
2.7.74.3	Vəhşi təbii virus tərəfindən törədilən kəskin paralitik poliomielit
2.7.74.30	Yayılmış (səpələnmiş) herpes xəstəliyi
2.7.74.31	Herpes infeksiyalarının digər formaları
2.7.74.32	Pnevmoniya ilə ağırlaşan su çiçəyi (J17.1*)
2.7.74.33	Digər ağırlaşmalarla müşayiət olunan su çiçəyi
2.7.74.34	Sinir sistemində baş verən digər ağırlaşmalarla müşayiət olunan kəmərləyici dəmrov
2.7.74.35	Gözdə baş verən ağırlaşmalarla keçən kəmərləyici dəmrov
2.7.74.36	Yayılmış (səpələnmiş) kəmərləyici dəmrov
2.7.74.37	Digər ağırlaşmalarla müşayət olunan kəmərləyici dəmrov
2.7.74.38	Çiçək
2.7.74.39	Meymun çiçək virusu tərəfindən törədilən infeksiyalar
2.7.74.4	Kəskin qeyri-paralitik poliomielit
2.7.74.40	Pnevmoniya ilə ağırlaşmış qızılca (J17.1*)
2.7.74.41	Orta otitlə ağırlaşmış qızılca (H67.1*)
2.7.74.42	Bağırsaq əlamətlərilə ağırlaşmış qızılca
2.7.74.43	Digər ağırlaşmalarla müşayiət olunan qızılca
2.7.74.44	Digər ağırlaşmalarla müşayiət olunan məxmərək
2.7.74.45	Ortopoks virusu tərəfindən törədilən digər infeksiyalar
2.7.74.46	Qəfil ekzantema (altıncı xəstəlik)
2.7.74.47	Ekzantema ilə müşayiət olunan enterovirus mənşəli vezikulyar stomatit
2.7.74.48	Enterovirus mənşəli vezikulyar faringit
2.7.74.49	Dəri və selikli qişaların zədələnməsi ilə müşayiət olunan digər dəqiqləşdirilmiş infeksiyalar
2.7.74.5	Kreytsfeldt-Yakob xəstəliyi
2.7.74.50	Sitomeqalovirus pnevmoniyası (J17.1*)
2.7.74.51	Sitomeqalovirus hepatiti (K77.0*)
2.7.74.52	Sitomeqalovirus pankreatiti (K87.1*)
2.7.74.53	Parotit mənşəli orxit (N51.1*)
2.7.74.54	Parotit mənşəli pankreatit (K87.1*)
2.7.74.55	Digər ağırlaşmalarla müşayiət olunan epidemik parotit
2.7.74.56	Qamma-herpetik virus tərəfindən törədilən mononukleoz
2.7.74.57	Sitomeqalovirus mənşəli mononukleoz
2.7.74.58	Digər infeksion mononukleoz
2.7.74.59	Adenovirus tərəfindən törədilən keratokonyuktivit (H19.2*)
2.7.74.6	Yarımkəskin sklerozlaşdırıcı panensefalit. Virus cisimcikləri əlavəsi ilə rast gəlinən Davson ensefaliti. Sklerozlaşdırıcı Van-Boqart leykoensefalopatiyası
2.7.74.60	Adenovirus tərəfindən törədilən konyuktivit (H13.1*)
2.7.74.61	Virus farinqokonyuktiviti
2.7.74.62	Kəskin epidemik, hemorragik (enterovirus) konyuktivit (H13.1*)
2.7.74.63	Digər virus konyuktiviti (H13.1*)
2.7.74.64	Epidemik mialgiya
2.7.74.65	Ross-River xəstəliyi
2.7.74.66	Virus etiologiyalı kardit
2.7.74.67	Başqa rubrikalarda təsnif olunmayan retrovirus infeksiyaları
2.7.74.68	Hantavirus (ürək)-ağciyər sindromu (HAS) (HÜAS) (J17.1*)
2.7.74.7	Çoxocaqlı şiddətlənən leykoensefalopatiya
2.7.74.8	Mərkəzi sinir sisteminin digər atipik virus infeksiyaları
2.7.74.9	Meşə quduzluğu
2.7.75	Mikozlar
2.7.75.1	Ağciyər kandidozu
2.7.75.10	Yayılmış koksidioidomikoz
2.7.75.11	Koksidioidomikozun digər formaları
2.7.75.12	Kəskin ağciyər blastomikozu
2.7.75.13	Xroniki ağciyər blastomikozu
2.7.75.14	Dəri blastomikozu
2.7.75.15	Yayılmış blastomikoz
2.7.75.16	Blastomikozun digər formaları
2.7.75.17	Ağciyər parakoksidioidomikozu
2.7.75.18	Yayılmış parakoksidioidomikoz
2.7.75.19	Parakoksidioidomikozun digər formaları
2.7.75.2	Dəri və dırnaqların kandidozu
2.7.75.20	Ağciyər sporotrixozu (J99.8*)
2.7.75.21	Dəri limfatik sporotrixozu
2.7.75.22	Yayılmış sporotrixoz
2.7.75.23	Sporotrixozun digər formaları
2.7.75.24	Dəri xromomikozu
2.7.75.25	Beynin feomikoz absesi
2.7.75.26	Dərialtı feomikoz absesi və kista
2.7.75.27	Xromomikozun digər formaları
2.7.75.28	İnvaziv ağciyər aspergillyozu
2.7.75.29	Ağciyər aspergillyozunun digər formaları
2.7.75.3	Kandidoz endokarditi (I39.8*)
2.7.75.30	Tonzillyar aspergillyoz
2.7.75.31	Yayılmış aspergillyoz
2.7.75.32	Aspergillyozun digər formaları
2.7.75.33	Ağciyər kriptokokkozu
2.7.75.34	Serebral kriptokokkoz _x000D_ (Kriptokokk meningit+ (G02.1*) Meninqoserebral kriptokokkoz)
2.7.75.35	Dəri kriptokokkozu
2.7.75.36	Sümük kriptokokkozu
2.7.75.37	Yayılmış kriptokokkoz
2.7.75.38	Kriptokokkozun digər formaları
2.7.75.39	Ağciyər mukormikozu
2.7.75.4	Kandidoz sepsisi
2.7.75.40	Rinoserebral mukormikozu
2.7.75.41	Mədə-bağırsaq mukormikozu
2.7.75.42	Dəri mukormikozu
2.7.75.43	Yayılmış mukormikoz
2.7.75.44	Digər ziqomikozlar
2.7.75.45	Həqiqi misetoma Mikozlu Madura dabanı Maduromikoz
2.7.75.46	Aktinomisetoma
2.7.75.47	Lobomikoz
2.7.75.48	Rinosporidioz
2.7.75.49	Alleşeroz
2.7.75.5	Digər lokalizasiyalı kandidoz
2.7.75.50	Geotrixoz
2.7.75.51	Penisilloz
2.7.75.52	Şərti patogen mikozlar
2.7.75.53	Digər dəqiqləşdirilmiş mikozlar
2.7.75.6	Kəskin ağciyər koksidioidomikozu
2.7.75.7	Xroniki ağciyər koksidioidomikozu
2.7.75.8	Dəri koksidioidomikozu
2.7.75.9	Koksidioidomikoz meningiti (G02.1*)
2.7.76	Protozoy xəstəliklər
2.7.76.1	Plasmodium falciparum tərəfindən törədilən və beyin ağırlaşmaları ilə müşayiət olunan malyariya
2.7.76.10	Meymun plazmodiləri tərəfindən törədilən malyariya
2.7.76.11	Başqa rubrikalarda təsnif olunmayan, parazitoloji təsdiq edilmiş malyariyalar
2.7.76.12	Visseral leyşmanioz
2.7.76.13	Dəri leyşmaniozu
2.7.76.14	Dəri-selikli qişa leyşmaniozu
2.7.76.15	Ürəyin zədələnməsi ilə müşayiət olunan kəskin formalı Şaqas xəstəliyi (I41.2*,I98.1*)
2.7.76.16	Ürək zədələnməsi olmadan kəskin formalı Şaqas xəstəliyi
2.7.76.17	Ürəyin zədələnməsi ilə müşayiət olunan (xroniki) formalı Şaqas xəstəliyi
2.7.76.18	Həzm sisteminin zədələnməsi ilə müşayiət olunan (xroniki) Şaqas xəstəliyi
2.7.76.19	Digər orqanların zədələnməsi ilə müşayiət olunan (xroniki) Şaqas xəstəliyi
2.7.76.2	Plasmodium falciparum tərəfindən törədilən ağır gedişli və ağırlaşmış malyariyanın digər formaları
2.7.76.20	Toksoplazmoz mənşəli okulopatiya
2.7.76.21	Toksoplazmoz mənşəli hepatit (K77.0*)
2.7.76.22	Ağciyər toksoplazmozu (J17.3*)
2.7.76.23	Digər orqanların zədələnməsi ilə müşayiət olunan toksoplazmoz
2.7.76.24	Babezioz
2.7.76.25	Akantamöbioz
2.7.76.26	Digər dəqiqləşdirilmiş protozoy xəstəlikləri
2.7.76.3	Plasmodium vivax tərəfindən törədilən və dalağın dağılması ilə müşayiət olan malyariya
2.7.76.4	Plasmodium vivax tərəfindən törədilən və digər ağırlaşmalarla müşayiət olunan malyariya
2.7.76.5	Plasmodium vivax tərəfindən törədilən və ağırlaşması olmayan malyariya
2.7.76.6	Plasmodium malariae tərəfindən törədilən və nefropatiya ilə ağırlaşan malyariya
2.7.76.7	Plasmodium malariae tərəfindən törədilən və digər ağırlaşmalarla müşayiət olunan malyariya
2.7.76.8	Plasmodium malariae tərəfindən törədilən və ağırlaşması olmayan malyariya
2.7.76.9	Plasmodium ovale tərəfindən törədilən malyariya
2.7.77	Şistosomoz, digər trematodozlar
2.7.77.1	Schistosoma haematobium tərəfindən törədilən şistosomoz (sidik cinsiyyət şistosomozu)
2.7.77.10	Paraqonimoz
2.7.77.11	Fassiolopsidoz
2.7.77.12	Digər ikisormaclılar tərəfindən törədilən invaziyalar
2.7.77.2	Schistosoma mansoni tərəfindən törədilən şistosomoz (bağırsaq şistosomozu)
2.7.77.3	Schistosoma yaponicum tərəfindən törədilən şistosomoz
2.7.77.4	Serkarial dermatit
2.7.77.5	Digər şistosomozlar
2.7.77.6	Opistorxoz
2.7.77.7	Klonorxoz
2.7.77.8	Dikroselioz
2.7.77.9	Fassiolyoz
2.7.78	Helmintozlar
2.7.78.1	Echinococcus granulosus tərəfindən törədilən qaraciyər invaziyası
2.7.78.10	Gözün sistiserkozu
2.7.78.11	Digər lokalizasiyalı sistiserkozu
2.7.78.12	Difillobotrioz
2.7.78.13	Sparqanoz
2.7.78.14	Himenolepidoz Cırtdan soliter (invaziyası) Siçovul soliteri (invaziyası)
2.7.78.15	Dipilidioz
2.7.78.16	Digər dəqiqləşdirilmiş sestodlar tərəfindən törədilən invaziya
2.7.78.17	Drakunkulyoz
2.7.78.18	Onxoserkoz
2.7.78.19	Wuchereria bancrofti tərəfindən törədilən filyariatoz
2.7.78.2	Echinococcus granulosus tərəfindən törədilən ağciyər invaziyası
2.7.78.20	Brugia malayi tərəfindən törədilən filyariatoz
2.7.78.21	Brugia timori tərəfindən törədilən filyariatoz
2.7.78.22	Loaoz
2.7.78.23	Mansonellyoz
2.7.78.24	Filyariatozun digər formaları
2.7.78.25	Trixinellyoz
2.7.78.26	Ankilostomoz
2.7.78.27	Nekatoroz
2.7.78.28	Digər ankilostomidozlar
2.7.78.29	Bağırsaq ağırlaşmaları ilə müşayiət olunan askaridoz
2.7.78.3	Echinococcus granulosus tərəfindən törədilən sümük invaziyası
2.7.78.30	Digər ağırlaşmalarla müşayiət olunan askaridoz
2.7.78.31	Bağırsaq strongiloidozu
2.7.78.32	Dəri strongiloidozu
2.7.78.33	Yayılmış (səpələnmiş) strongiloidoz
2.7.78.34	Trixuroz
2.7.78.35	Anizakioz
2.7.78.36	Bağırsaq kapillyariozu
2.7.78.37	Trixostrongiloidoz
2.7.78.38	Bağırsaq angiostrongiloidozu
2.7.78.39	Qarışıq etiologiyalı bağırsaq helmintozları
2.7.78.4	Echinococcus granulosus tərəfindən törədilən digər lokalizasiyalı invaziya və çoxsaylı exinokokkoz
2.7.78.40	Digər dəqiqləşdirilmiş bağırsaq helmintozları
2.7.78.41	Helmint (visseral Larva migrans) sürfələrinin miqrasiyası nəticəsində törənən visseral xəstəlik formaları
2.7.78.42	Qnatostomoz
2.7.78.43	Sinqamioz
2.7.78.44	Daxili hirudinoz
2.7.78.45	Digər dəqiqləşdirilmiş helmintozlar
2.7.78.46	Dəri miazı
2.7.78.47	Yara miazı
2.7.78.48	Göz miazı
2.7.78.49	Burun udlaq miazı
2.7.78.5	Echinococcus multilocularis tərəfindən törədilən qaraciyər invaziyası
2.7.78.50	Qulaq miazı
2.7.78.51	Digər lokalizasiyalı miaz
2.7.78.52	Digər akariaz
2.7.78.53	Tungioz (tropik qumsal birələri ilə yoluxma)
2.7.78.54	Digər buğumayaqlıların infestasiyaları
2.7.78.55	Xarici hirudinoz
2.7.78.56	Digər dəqiqləşdirilmiş infestasiyalar
2.7.78.6	Echinococcus multilocularis tərəfindən törədilən digər lokalizasiyalı invaziya və çoxsaylı exinokokkoz
2.7.78.7	Taenia solium tərəfindən törədilən invaziya
2.7.78.8	Taenia saginata tərəfindən törədilən invaziya
2.7.78.9	Mərkəzi sinir sisteminin sistiserkozu
2.7.79	İsenko-Kuşinq sindromu
2.7.79.1	Hipofizar mənşəli İsenko-Kuşinq xəstəliyi
2.7.79.2	Nelson sindromu
2.7.79.3	Medikamentoz İsenko-Kuşinq sindromu
2.7.79.4	Ektopik AKTH sindromu
2.7.79.5	Alkoqolun təsirindən meydana çıxan Kuşinqoid sindromu
2.7.79.6	Kuşinqoid sindromla xarakterizə olunan digər hallar
2.7.79.7	Endokrin pozuntulara görə ikincili hipertenziya
2.7.8	Endokardit
2.7.8.1	Kəskin revmatik endokardit
2.7.8.10	Endokardın, qapaq dəqiqləşdirilmədən, revmatik xəstəlikləri
2.7.8.2	Kəskin və yarımkəskin infeksion endokardit
2.7.8.3	Endokardit, qapaq dəqiqləşdirilmədən (xroniki endokardit)
2.7.8.4	Digər rubrikalarda təsnif olunan xəstəliklər zamanı mitral qapağın zədələnmələri
2.7.8.5	Digər rubrikalarda təsnif olunan xəstəliklər zamanı aorta qapağının zədələnmələri
2.7.8.6	Digər rubrikalarda təsnif olunan xəstəliklər zamanı üçtaylı qapağın zədələnmələri
2.7.8.7	Digər rubrikalarda təsnif olunan xəstəliklər zamanı ağciyər arteriyası qapağının zədələnmələri
2.7.8.8	Digər rubrikalarda təsnif olunan xəstəliklər zamanı ürək qapaqlarının çoxsaylı zədələnmələri
2.7.8.9	Digər rubrikalarda təsnif olunan xəstəliklər zamanı müşahidə olunan, qapaq dəqiqləşdirilmədən endokardit
2.7.80	Böyrəküstü vəzilərin digər pozuntuları
2.7.80.1	Addison krizi
2.7.80.2	Böyrəküstü vəzinin qabıq qatının hipersekresiyasının digər növləri
2.7.80.3	Böyrəküstü vəzinin qabıq qatının birincili çatışmazlığı
2.7.80.4	Böyrəküstü vəzinin qabıq qatının medikamentoz çatışmazlığı
2.7.80.5	Böyrəküstü vəzinin beyin qatının hiperfunksiyası
2.7.80.6	Böyrəküstü vəzilərin digər dəqiqləşdirilmiş pozuntuları
2.7.81	Qalxanabənzər vəzinin xəstəlikləri
2.7.81.1	Anadangəlmə yod çatışmazlığı sindromu, nevroloji forma
2.7.81.10	Toksik tək düyünlü urla müşayiət olunan tireotoksikoz
2.7.81.11	Toksik çox düyünlü urla müşayiət olunan tireotoksikoz
2.7.81.12	Ektopik tireoid toxuma ilə müşayiət olunan tireotoksikoz
2.7.81.13	Süni tireotoksikoz
2.7.81.14	Tireoid kriz və ya koma
2.7.81.15	Tireotoksikozun digər formaları
2.7.81.16	Kəskin tireoidit
2.7.81.17	Keçici tireotoksikozla müşayiət olunan xroniki tireoidit
2.7.81.18	Medikamentoz tireoidit
2.7.81.19	Kalsitoninin hipersekresiyası. Qalxanabənzər vəzinin C-hüceyrəli hiperplaziyası, Tireokalsitoninin hipersekresiyası
2.7.81.2	Anadangəlmə yod çatışmazlığı sindromu, miksedematoz forma
2.7.81.20	Qalxanabənzər vəzinin digər dəqiqləşdirilmiş xəstəlikləri
2.7.81.21	Digər ikincili hipertenziya
2.7.81.3	Anadangəlmə yod çatışmazlığı sindromu, qarışıq forma
2.7.81.4	Diffuz urla müşayiət olunan anadangəlmə hipotireoz
2.7.81.5	Dərmanların və digər ekzogen maddələrin təsiri nəticəsində əmələ gəlmiş hipotireoz
2.7.81.6	Postinfeksion hipotireoz
2.7.81.7	Qalxanabənzər vəzinin atrofiyası (qazanılmış)
2.7.81.8	Miksedematoz koma
2.7.81.9	Diffuz urla müşayiət olunan tireotoksikoz
2.7.82	Şəkərsiz diabet
2.7.82.1	Şəkərsiz diabet
2.7.83	Şəkərli diabet
2.7.83.1	İnsulindən asılı şəkərli diabet, koma ilə
2.7.83.10	İnsulindən asılı olmayan şəkərli diabet, böyrəklərin zədələnməsi ilə
2.7.83.11	İnsulindən asılı olmayan şəkərli diabet, gözlərin zədələnməsi ilə
2.7.83.12	İnsulindən asılı olmayan şəkərli diabet, nevroloji ağırlaşmalarla
2.7.83.13	İnsulindən asılı olmayan şəkərli diabet, periferik qan dövranının pozuntusu ilə
2.7.83.14	İnsulindən asılı olmayan şəkərli diabet, çoxsaylı ağırlaşmalarla
2.7.83.15	Qeyri-kafi qidalanma ilə bağlı şəkərli diabet, koma ilə
2.7.83.16	Qeyri-kafi qidalanma ilə bağlı şəkərli diabet, ketoasidozla
2.7.83.17	Qeyri-kafi qidalanma ilə bağlı şəkərli diabet, böyrəklərin zədələnməsi ilə
2.7.83.18	Qeyri-kafi qidalanma ilə bağlı şəkərli diabet, gözlərin zədələnməsi ilə
2.7.83.19	Qeyri-kafi qidalanma ilə bağlı şəkərli diabet, nevroloji ağırlaşmalarla
2.7.83.2	İnsulindən asılı şəkərli diabet, ketoasidozla
2.7.83.20	Qeyri-kafi qidalanma ilə bağlı şəkərli diabet, periferik qan dövranının pozuntusu ilə
2.7.83.21	Qeyri-kafi qidalanma ilə bağlı şəkərli diabet, çoxsaylı ağırlaşmalarla
2.7.83.22	Şəkərli diabetin digər dəqiqləşdirilmiş formaları, koma ilə
2.7.83.23	Şəkərli diabetin digər dəqiqləşdirilmiş formaları, ketoasidozla
2.7.83.24	Şəkərli diabetin digər dəqiqləşdirilmiş formaları, böyrəklərin zədələnməsi ilə
2.7.83.25	Şəkərli diabetin digər dəqiqləşdirilmiş formaları, gözlərin zədələnməsi ilə
2.7.83.26	Şəkərli diabetin digər dəqiqləşdirilmiş formaları, nevroloji ağırlaşmalarla
2.7.83.27	Şəkərli diabetin digər dəqiqləşdirilmiş formaları, periferik qan dövranının pozuntu ilə
2.7.83.28	Şəkərli diabetin digər dəqiqləşdirilmiş formaları, çoxsaylı ağırlaşmalarla
2.7.83.3	İnsulindən asılı şəkərli diabet, böyrəklərin zədələnməsi ilə
2.7.83.4	İnsulindən asılı şəkərli diabet, gözlərin zədələnməsi ilə
2.7.83.5	İnsulindən asılı şəkərli diabet, nevroloji ağırlaşmalarla
2.7.83.6	İnsulindən asılı şəkərli diabet, periferik qan dövranının pozuntusu ilə
2.7.83.7	İnsulindən asılı şəkərli diabet, çoxsaylı ağırlaşmalarla
2.7.83.8	İnsulindən asılı olmayan şəkərli diabet, koma ilə
2.7.83.9	İnsulindən asılı olmayan şəkərli diabet, ketoasidozla
2.7.84	Qeyri-diabetik hipoqlikemik koma
2.7.84.1	Qeyri-diabetik hipoqlikemik koma
2.7.84.2	Komasız müşahidə olunan medikamentoz hipoqlikemiya
2.7.84.3	Hipoqlikemiyanın digər formaları
2.7.85	Hipoparatireoz
2.7.85.1	İdiopatik hipoparatireoz
2.7.85.2	Psevdohipoparatireoz
2.7.85.3	Hipoparatireozun digər formaları
2.7.86	Hiperparatireoz və qalxanabənzər ətraf vəzinin digər pozuntuları
2.7.86.1	Birincili hiperparatireoz
2.7.86.2	Digər rubrikalarda təsnif olunmayan ikincili hiperparatireoz
2.7.86.3	Hiperparatireozun digər formaları
2.7.86.4	Qalxanabənzər ətraf vəzinin digər dəqiqləşdirilmiş pozuntuları
2.7.87	Hiperaldosteronizm
2.7.87.1	Birincili hiperaldosteronizm
2.7.87.2	İkincili hiperaldosteronizm
2.7.87.3	Hiperaldosteronizmin digər formaları
2.7.88	Timus vəzinin absesi
2.7.88.1	Timus vəzinin absesi
2.7.89	Yumurtalıqların disfunksiyası
2.7.89.1	Yumurtalıqların polikistozu sindromu
2.7.89.2	Yumurtalıqların birincili çatışmazlığı
2.7.89.3	Yumurtalıqların disfunksiyasının digər növləri
2.7.9	Miokardit
2.7.9.1	Kəskin revmatik miokardit
2.7.9.2	Revmatik miokardit
2.7.9.3	İnfeksion miokardit
2.7.9.4	İzolə olunmuş miokardit
2.7.9.5	Kəskin miokarditin digər formaları
2.7.9.6	Digər rubrikalarda təsnif olunan bakterial xəstəliklər zamanı müşahidə edilən miokardit
2.7.9.7	Digər rubrikalarda təsnif olunan virus xəstəlikləri zamanı müşahidə edilən miokardit
2.7.9.8	Digər rubrikalarda təsnif olunan başqa infeksion və parazitar xastəliklər zamanı müşahidə edilən miokardit
2.7.9.9	Digər rubrikalarda təsnif olunan başqa xəstəliklər zamanı müşahidə edilən miokardit
2.7.90	Digər endokrin pozuntular
2.7.90.1	İntestinal hormonların hipersekresiyasının digər halları
2.7.90.2	Androgen rezistentlik sindromu
2.7.91	Karbohidrat mübadiləsinin digər pozuntuları
2.7.91.1	Qlikogenin toplanma xəstəliyi
2.7.91.2	Qlikoneogenez və piruvat mübadiləsinin pozuntuları
2.7.92	Kistoz fibroz (Mukovissidoz)
2.7.92.1	Ağciyər əlamətləri ilə müşayiət olunan kistoz fibroz
2.7.92.2	Bağırsaq əlamətləri ilə müşayiət olunan kistoz fibroz
2.7.92.3	Digər əlamətlərlə müşayiət olunan kistoz fibroz
2.7.93	Hipovolemiya
2.7.93.1	Hiperosmolyarlıq və hipernatriyemiya
2.7.93.10	Hipervolemiya
2.7.93.2	Hipoosmolyarlıq və hiponatriyemiya
2.7.93.3	Alkaloz
2.7.93.4	Turşu-qələvi mübadiləsinin qarışıq pozuntusu
2.7.93.5	Hiperkaliemiya, kaliumun artıqlığı, kaliumun artıq qəbulu
2.7.93.6	Hipokaliemiya
2.7.93.7	Digər rubrikalarda təsnif olunmayan lipomatoz (Ağrılı Derkum xəstəliyi)
2.7.93.8	Şiş lizisi sindromu
2.7.93.9	Asidoz
2.7.94	Tibbi prosedurlardan sonra meydana çıxan və digər rubrikalarda təsnif olunmayan endokrin və metabolik pozuntular
2.7.94.1	Tibbi prosedurlardan sonra əmələ gələn hipoinsulinemiya
2.7.95	Tiamin çatışmazlığı
2.7.95.1	Vernike ensefalopatiyası
2.7.96	Dəmir defisitli anemiya
2.7.96.1	Qan itirmə nəticəsində yaranan ikincili dəmir defisitli anemiya (xroniki)
2.7.96.2	Sideropenik disfagiya
2.7.96.3	Digər dəmir defisitli anemiyalar
2.7.97	Qidalanma ilə bağlı olan anemiyalar
2.7.97.1	Endogen (daxili) amilin çatışmazlığı nəticəsində yaranan vitamin-B12 defisitli anemiya
2.7.97.10	Başqa rurikalarda təsnif olunmayan digər meqaloblast anemiyalar
2.7.97.11	Sinqa ilə bağlı anemiya
2.7.97.12	Qidalanma ilə bağlı olan digər dəqiqləşdirilmiş anemiyalar
2.7.97.2	Proterinuriya ilə müşahidə olunan, B12 vitaminin sorulmasının selektiv pozuntusu nəticəsində yaranan vitamin B12 defisitli anemiya
2.7.97.3	II-transkobalamin çatışmazlığı
2.7.97.4	Qidalanma ilə bağlı olan digər vitamin B12 defisitli anemiyalar
2.7.97.5	Digər vitamin B12 defisitli anemiyalar
2.7.97.6	Qidalanma ilə bağlı olan fol defisitli anemiya
2.7.97.7	Dərman mənşəlli fol defisitli anemiya
2.7.97.8	Digər fol defisitli anemiyalar
2.7.97.9	Zülalların çatışmazlığı nəticəsində yaranan anemiyalar
2.7.98	Ferment çatışmazlığından yaranan anemiyalar
2.7.98.1	Qlükoza 6-fosfatdehidrogenazanın çatışmazlığı nəticəsində yaranan anemiya (Favizm)
2.7.98.2	Qlütation mübadiləsinin digər pozuntuları nəticəsində yaranan anemiya
2.7.98.3	Qlikolitik fermentlərin pozuntusu nəticəsində yaranan anemiya
2.7.98.4	Nukleotidlər mübadiləsinin pozulması nəticəsində yaranan anemiya
2.7.98.5	Ferment pozuntusu nəticəsində yaranan digər anemiyalar
2.7.99	Qazanılmış hemolitik anemiyalar
2.7.99.1	Dərman mənşəli autoimmun hemolitik anemiya
2.7.99.2	Digər autoimmun hemolitik anemiyalar
2.7.99.3	Dərman mənşəli qeyri-autoimmun hemolitik anemiya
2.7.99.4	Hemolitik-uremik sindrom
2.7.99.5	Digər qeyri-autoimmun hemolitik anemiyalar
2.7.99.6	Paroksizmal gecə hemoqlobinuriyası (Markiafav-Mikel)
2.7.99.7	Digər xarici amillərin təsirindən törənən hemoliz nəticəsində əmələ gələn hemoqlobinuriya
2.7.99.8	Digər hemolitik anemiyalar
