104524	13346	Tam qan sayımı (hemogram)	Laboratuar Hizmeti	53794	2.4.248
104683	13202	Kreatinin, serum	Laboratuar Hizmeti	32329	2.4.96
117320	15041	Kontrol müayinə	Kontrol Muayenesi	30283	2.1.4
107839	10579	Serumun daxil edilməsi	Diğer Hizmet	27369	2.1.524
104430	30622	C-reaktiv zülal (CRP), turbidimetrik	Laboratuar Hizmeti	25571	2.4.315
100177	16383	Həyati funksiyaların monitorda təqibi (günlük)	Diğer Hizmet	25220	
104355	13236	Alanin aminotransferaza (ALT - SGPT), serum	Laboratuar Hizmeti	21667	2.4.216
104394	13235	Aspartat aminotransferaza (AST - SGOT)	Laboratuar Hizmeti	20412	2.4.215
100001	14022	Xəstə yatağı xidməti, 1-ci dərəcəli	Yatış Hizmeti	20249	
100135	10566	IV inyeksiya	Diğer Hizmet	18959	2.1.523
104543	13244	Tam sidik analizi (tam avtomatlaşdırılmış sidik biokimyası və mikroskopiyası)	Laboratuar Hizmeti	16317	2.4.30
117307	19013	Qadın xəstəlikləri və doğuş müayinəsi	Muayene Hizmeti	16215	2.1.1
104489	13184	Qan şəkərinin (qlükoza) ölçülməsi, serum	Laboratuar Hizmeti	15705	2.4.128
104849	13386	Tiroid stimullaşdırıcı hormon (TSH) testi	Laboratuar Hizmeti	15287	2.4.214
117297	19002	Uşaq sağlamlığı və xəstəlikləri müayinəsi	Muayene Hizmeti	15008	2.1.1
100118	15472	Damar girişi	Diğer Hizmet	14078	2.1.524
117754	46010	Qan qazı və kooksimetriya	Laboratuar Hizmeti	13780	2.4.118
114184	45556	Vitamin D (25-Hidroksi  vitamin D) (LCMSMS)	Laboratuar Hizmeti	13513	2.4.68
117305	19012	Göz xəstəlikləri müayinəsi	Muayene Hizmeti	12963	2.1.1
100123	10748	Elektrokardioqramma (EKQ), minimum 12 aparıcı, yalnız EKQ izi	Diğer Hizmet	12295	2.1.439
104954	13987	Protrombin zamanı (PT)	Laboratuar Hizmeti	10763	2.4.292
107173	11332	KT, kontrastlı müayinə fərqi	Diğer Hizmet	10610	2.1.325
107223	30105	Reçete işlem	Diğer Hizmet	10378	
119613	47947	Tibbi müalicə, FTR, onkoloji müalicə planlaması	Diğer Hizmet	10353	
105189	13876	HBsAg, Hepatit B (HBV) s səthi antigeni, kemolüminesans və ya oxşar	Laboratuar Hizmeti	10230	2.4.372
104092	11156	Ağciyər radioqrafiyası, PA, bir proyeksiyalı	Radyoloji Hizmeti	10174	2.1.34
105192	19728	Hepatit C (HCV) antigeni, kemolüminesans və ya oxşar	Laboratuar Hizmeti	10087	2.4.399
107200	4771	CD tətbiqi haqqı	Diğer Hizmet	10058	
104462	13342	Ferritin testi	Laboratuar Hizmeti	9833	2.4.112
119803	51251	Gündəlik müalicə	Diğer Hizmet	9791	
105103	13850	Anti-HİV, kemolüminesans və ya oxşar	Laboratuar Hizmeti	9323	
104410	13247	Bilirubin, total, serum	Laboratuar Hizmeti	9240	2.4.62
117309	19000	Kardioloji müayinə	Muayene Hizmeti	8660	2.1.1
108572	4768	Həkim müşahidə ödənişi	Diğer Hizmet	8284	
104862	13349	Vitamin B12 (kobalamin)	Laboratuar Hizmeti	8177	2.4.101
109641	34436	Kafeterya, su 0,5 ml	Diğer Hizmet	7851	
103927	13992	Qan qrupu (ABO) və Rh təyini	Laboratuar Hizmeti	7825	2.4.405
100068	13979	Tibbi onkoloji müayinə	Muayene Hizmeti	7612	2.1.1
104873	13988	APTT (activated partial thromboplastin time)	Laboratuar Hizmeti	7277	2.4.301
104627	13268	Qan qazlarının ölçülməsi, venoz qanda	Laboratuar Hizmeti	7245	2.4.118
104804	13365	T4 (tiroksin) ölçülməsi, sərbəst	Laboratuar Hizmeti	7157	2.4.212
105696	18638	Transtorasik exokardioqrafiya	Diğer Hizmet	7082	2.1.443
104624	13192	Kalsium, serum	Laboratuar Hizmeti	6875	2.4.70
117293	19003	Dəri müayinəsi	Muayene Hizmeti	6812	2.1.1
104485	13187	Hemoqlobin A1c ( HbA1c - qlikozilləşmiş hemoqlobin - qlükohemoqlobin) testi	Laboratuar Hizmeti	6744	2.4.142
126110	53086	Kontrol müayinəsi, əməliyyatdan sonrakı	Kontrol Muayenesi	6707	2.1.5
104693	13213	Xolesterin, LDL	Laboratuar Hizmeti	6567	2.4.164
104335	11245	USM, bütün qarın	Radyoloji Hizmeti	6458	2.1.214
104768	13230	Kalium, serum	Laboratuar Hizmeti	6213	2.4.183
104844	13257	Trigliserid	Laboratuar Hizmeti	6192	2.4.218
106621	15608	Digər immunohistokimyəvi müayinə qrupu 1 anticisim	Patoloji Hizmeti	6045	
104796	13340	Eritrositlərin çökmə sürəti (ESR - sedimentasiya)	Laboratuar Hizmeti	5770	2.4.297
104357	13152	Albumin, serum	Laboratuar Hizmeti	5628	2.4.43
108463	11387	MRT, kontrastlı müayinə fərqi	Diğer Hizmet	5421	2.1.325
117312	19001	Nevroloji müayinə	Muayene Hizmeti	5219	2.1.1
100024	13986	Konsultasiya müayinəsi	Konsültasyon Hizmeti	5170	2.1.3
128094	55071	Əzələ gücləndirmə məşqi, 30 Dəq	Fizik Tedavi Hizmeti	5148	
117306	18998	Daxili xəstəliklər müayinəsi	Muayene Hizmeti	5134	2.1.1
121779	49125	KT, bütün qarın tomoqrafiyası, kontrastlı	Radyoloji Hizmeti	5118	2.1.269
110857	36665	Anesteziya köməkçisi, 900 və daha çox cərrahi bölmənin əməliyyatlarında	Anestezi Asistanı	5071	
104479	13182	Qamma glutamil transferaz (GGT), serum	Laboratuar Hizmeti	5001	2.4.135
117313	19009	Ortopediya və travmatologiya müayinəsi	Muayene Hizmeti	4984	2.1.1
106090	11299	KT, döş qəfəsi, kontrastlı	Radyoloji Hizmeti	4899	2.1.252
109953	34868	Kafeterya Çay, fincan	Diğer Hizmet	4809	
103841	10655	NST, kardiotokoqrafiya ilə fetal qeyri-stress testi	Diğer Hizmet	4707	2.1.445
100180	10957	Nebulizer ilə dərman qəbulu	Diğer Hizmet	4594	2.2.1
104667	13248	Xolesterin, total	Laboratuar Hizmeti	4523	2.4.87
103584	16145	Transkutan yoldan elektriklə sinir stimulyasiyası (TENS)	Fizik Tedavi Hizmeti	4451	2.2.13
100021	14021	Xəstə yaxını, günlük ödəniş	Yatış Hizmeti	4449	
125567	52542	Super Inductive magnet	Fizik Tedavi Hizmeti	4410	2.2.9
122338	49566	Anesteziya və reanimasiya müayinəsi	Muayene Hizmeti	4399	2.1.1
104960	13432	Cross match	Laboratuar Hizmeti	4316	
117301	15027	Qastroenteroloji müayinə	Muayene Hizmeti	4184	2.1.1
117316	19010	Uroloji müayinə	Muayene Hizmeti	4145	2.1.1
120777	47583	Kimyəvi/Hədəf dərman müalicəsi	Diğer Hizmet	4089	
100187	10414	Subkutan inyeksiya (SC)	Diğer Hizmet	4025	2.1.526
100016	15183	Müşahidə yatağı ödənişi, 2 saata qədər	Yatış Hizmeti	4024	
104520	13188	Xolesterin, HDL	Laboratuar Hizmeti	3979	2.4.162
104372	13151	Qələvi fosfataza (ALP)	Laboratuar Hizmeti	3976	2.4.180
104821	13240	Natrium, serum	Laboratuar Hizmeti	3951	2.4.201
104443	13173	Dəmir, serum	Laboratuar Hizmeti	3925	2.4.155
117188	45018	ESWT, seans, fizioterapiya	Fizik Tedavi Hizmeti	3744	2.2.34
108770	10397	İntensiv baxım və ya reanimasiya bölməsində xəstən təqibi, günlük	Diğer Hizmet	3724	
104465	13343	Vitamin B9 (fol turşusu)	Laboratuar Hizmeti	3714	2.4.113
104306	15591	USM, süd vəzi, ikitərəfli	Radyoloji Hizmeti	3650	2.1.212
117302	19005	Ümumi cərrahiyyə müayinəsi	Muayene Hizmeti	3511	2.1.1
104645	13945	Karsinoembrionik antigen (CEA)	Laboratuar Hizmeti	3471	2.4.79
117319	18999	Uşaq psixiatriyası müayinəsi	Muayene Hizmeti	3466	2.1.1
104632	13261	Urea, serum	Laboratuar Hizmeti	3454	2.4.226
108709	30504	TPHA (titrlənmiş)	Laboratuar Hizmeti	3448	2.4.468
103591	10462	Ultrasəs ilə dərin isitmə	Fizik Tedavi Hizmeti	3385	2.2.18
100224	15372	Kateter sarğı və qulluq	Diğer Hizmet	3381	
117298	16427	Endokrinoloji və metabolik xəstəliklərin müayinəsi	Muayene Hizmeti	3284	2.1.1
125568	52543	Termo TK/ TR Terapiya (10-20 Dəq)	Fizik Tedavi Hizmeti	3193	2.2.39
117310	19011	Qulaq, burun və boğaz xəstəlikləri müayinəsi	Muayene Hizmeti	3151	2.1.1
104690	13208	Laktik dehidrogenaz (LDH), serum	Laboratuar Hizmeti	3067	2.4.158
107135	14829	Əməliyyat otağının açılışı, özəl 500-899	Ameliyathane	3055	
106724	13956	Təcili müayinə	Muayene Hizmeti	2924	2.1.1
111140	37313	Həkimlə ilkin görüş	Muayene Hizmeti	2848	
104704	13218	Maqnezium	Laboratuar Hizmeti	2827	2.4.166
103381	10760	Ürək-damar stress testi (qaçış)	Diğer Hizmet	2787	2.1.440
100015	15118	Gündüz yataq ödənişi, (müşahidə yatağı ödənişi), vaxtdan asılı olmayaraq	Yatış Hizmeti	2785	
108224	10400	Peyvənd tətbiqi	Diğer Hizmet	2762	
100433	10341	Sedoanalgeziya	Diğer Hizmet	2747	
103574	10474	İnterferensial cərəyan ilə elektroterapiya	Fizik Tedavi Hizmeti	2717	2.2.28
104857	13264	Sidik turşusu	Laboratuar Hizmeti	2654	2.4.228
117304	20789	Döş qəfəsi xəstəliklərinin müayinəsi	Muayene Hizmeti	2653	2.1.1
100009	16288	Ümumi intensiv baxım yataq xidməti	Yatış Hizmeti	2617	
104337	11243	USM, yuxarı qarın	Radyoloji Hizmeti	2558	2.1.213
104409	13174	Bilirubin, birbaşa (birləşdirilmiş bilirubin), serum	Laboratuar Hizmeti	2548	
104085	11157	Ağciyər radioqrafiyası, iki proyeksiyalı	Radyoloji Hizmeti	2469	2.1.171
109498	15571	Check-up müayinə	Muayene Hizmeti	2463	
125508	52483	Preop Panel 1	CheckUp	2417	
117300	19004	Fiziki tibb və reabilitasiya müayinəsi	Muayene Hizmeti	2377	2.1.1
105697	15172	Exokardioqrafiya, 4 yaşa qədər uşaq	Diğer Hizmet	2315	2.1.443
104980	13463	Aerobik sidik kulturası	Laboratuar Hizmeti	2313	
119994	50748	Tapşırıq xidməti, general	Diğer Hizmet	2311	
104776	13947	Prostat spesifik antigen (PSA) testi, total	Laboratuar Hizmeti	2292	2.4.190
103644	10463	Ortopedik reabilitasiya	Fizik Tedavi Hizmeti	2283	2.2.69
104324	11240	USM, tiroid	Radyoloji Hizmeti	2220	2.1.209
107836	10372	Oksigen (O2) inhalyasiya müalicəsi, gündəlik	Diğer Hizmet	2164	2.1.534
104803	13364	T3 (triiodotironin) ölçülməsi, sərbəst	Laboratuar Hizmeti	2138	2.4.221
104467	13190	Fosfor, qeyri-üzvi	Laboratuar Hizmeti	2130	2.4.181
100206	10585	Yara sarğı, kiçik	Müdahale Hizmeti	2112	2.1.506
109142	17456	Ağız baxımı	Diğer Hizmet	2040	
103635	16167	Nevroloji reabilitasiya	Fizik Tedavi Hizmeti	2019	2.2.60
104424	13944	CA-19-9, serum	Laboratuar Hizmeti	2000	2.4.337
129190	56202	Frazex MMC Mastercard Check Up Paneli	CheckUp	1967	
104336	11246	USM, sidik sistemi	Radyoloji Hizmeti	1919	2.1.219
117296	15835	Uşaq kardioloji müayinəsi	Muayene Hizmeti	1836	2.1.1
110714	36372	Port baxımı	Diğer Hizmet	1819	
104847	13259	Troponin I testi	Laboratuar Hizmeti	1804	2.4.222
108328	15554	HOMA testi (insulin müqaviməti)	Laboratuar Hizmeti	1778	2.4.343
104775	13378	Prolaktin səviyyəsinin ölçülməsi	Laboratuar Hizmeti	1774	2.4.188
100205	10594	Yara sarğı, böyük	Müdahale Hizmeti	1764	2.1.508
100143	20432	Eritrosit transfuziyası (sessiya)	Müdahale Hizmeti	1730	2.1.525
106116	11333	MRT, beyin, kontrastsız	Radyoloji Hizmeti	1716	2.1.288
104608	13367	İnsulin	Laboratuar Hizmeti	1696	2.4.153
104423	13942	CA-15-3, serum	Laboratuar Hizmeti	1672	2.4.336
105097	13848	Anti-HBsAg, Hepatit B (HBV) s səthi antigen antikcismi, ELISA	Laboratuar Hizmeti	1592	
121168	48775	MRT, beyin, kontrastlı	Radyoloji Hizmeti	1578	2.1.288
105206	18840	HİV 1/2 sürətli testi	Laboratuar Hizmeti	1573	2.4.904
107136	14831	Əməliyyat otağının açılışı, 900 - 1999	Ameliyathane	1573	
103956	15185	Aferez trombosit suspenziyası	Diğer Hizmet	1565	
108558	20927	Xəstə yaxını səhər yeməyi	Diğer Hizmet	1561	
108556	20929	Xəstə yaxını şam yeməyi	Diğer Hizmet	1552	
106348	16800	Yenidoğulmuşlarda metabolik skrininq testi (Tandem mass)	Laboratuar Hizmeti	1547	
103800	10413	Yeni doğulmuş eşitmə skrininqi	Diğer Hizmet	1516	
128531	55527	Kafeterya, termos çay, 1 lt	Diğer Hizmet	1508	
104403	13357	Beta-hCG, serum	Laboratuar Hizmeti	1507	2.4.238
109364	14839	Anesteziya, 500-599 ümumi məbləği olan əməliyyatlarda cərrahi bölmələr, B qrupu	Anestezi Hizmeti	1500	
117292	19007	Beyin və neyrocərrahiyyə müayinəsi	Muayene Hizmeti	1490	2.1.1
100122	16384	Elektrokardioqramma (EKQ)	Diğer Hizmet	1483	2.1.439
105010	13452	Boyasız mikroskopik müayinə, sadə, qaranlıq sahə (hər biri)	Laboratuar Hizmeti	1474	
121330	48723	KT, döş qəfəsi, kontrastsız	Radyoloji Hizmeti	1474	2.1.252
127251	54227	Syphilis, sürətli testi	Laboratuar Hizmeti	1470	2.4.353
122720	49913	Prosedurdan əvvəl dəyərləndirmə	Diğer Hizmet	1459	
126353	53329	Preop Doğum	CheckUp	1450	
129915	56968	İdamə riskli müalicə	Diğer Hizmet	1420	
108557	20928	Xəstə yaxını nahar yeməyi	Diğer Hizmet	1397	
117299	23488	İnfeksion xəstəliklər müayinəsi	Muayene Hizmeti	1394	2.1.1
109026	13963	Diş həkimi müayinəsi	Muayene Hizmeti	1387	
100076	15473	Ana südünün sağılması	Diğer Hizmet	1367	
109278	11208	Radioloji konsultasiya	Konsültasyon Hizmeti	1362	2.1.3
117315	16429	Revmatoloji müayinə, daxili xəstəliklər	Muayene Hizmeti	1359	2.1.1
106843	18382	Körpə doğum paketi, keysəriyyə	Diğer Hizmet	1356	
104780	13251	Zülal, total, serum	Laboratuar Hizmeti	1342	2.4.192
108413	13266	Xolesterin, VLDL	Laboratuar Hizmeti	1342	2.4.163
106242	13435	Prokalsitonin (PCT) səviyyəsinin ölçülməsi	Laboratuar Hizmeti	1342	2.4.187
104751	13376	İntakt paratiroid hormonu (iPTH) testi	Laboratuar Hizmeti	1341	
104838	13384	Testosteron, cəmi	Laboratuar Hizmeti	1337	2.4.208
104457	13361	Estradiol (estradiol - E2), serum	Laboratuar Hizmeti	1336	2.4.108
117290	18297	Psixiatrik müayinə	Muayene Hizmeti	1332	2.1.1
104385	13402	Anti-tiroid peroksidaza anticisimləri (anti-TPO)	Laboratuar Hizmeti	1331	
110407	35849	Okt, makula	Diğer Hizmet	1307	2.1.334
106470	13819	Servikal və ya vaginal (pap smear) şərti, sitopatoloji müayinə	Patoloji Hizmeti	1305	2.4.541
100270	19953	Anesteziyadan əvvəl müayinə	Muayene Hizmeti	1262	2.1.1
125722	52697	Pediatrik reanimasiyada yatan xəstənin reanımatoloq təqibi 3-cü kateqoriya	Yoğun Bakım Hizmeti	1256	
105714	10539	Ezofaqoskopiya, qastroskopiya və duodenoskopiya (ezofaqus-qastroduodenoskopiya)	Diğer Hizmet	1255	2.1.446
100292	31649	Anesteziya, 900-1999 ümumi məbləği olan əməliyyatlarda cərrahi bölmələr, A3 qrupu	Anestezi Hizmeti	1243	
117288	18299	Hematoloji müayinə	Muayene Hizmeti	1241	2.1.1
104422	13941	CA-125 (karbohidrat antigeni 125 - musin 16 - MUC 16), serum	Laboratuar Hizmeti	1234	2.4.338
116465	22799	Qeysəriyyə əməliyyatı	Ameliyat Hizmeti	1230	2.6.980
112432	41007	HBsAg (CARD testi)	Laboratuar Hizmeti	1185	
110019	35183	Nazoqastrik boru ilə qidalanma, günlük	Diğer Hizmet	1166	
120399	47363	Qan Donorları Check Up Paneli	CheckUp	1151	
105034	14995	Aerob qan kulturası, avtomatlaşdırılmış	Laboratuar Hizmeti	1147	2.4.424
105190	18839	Hepatit C (HCV) IgG, CARD testi	Laboratuar Hizmeti	1144	
103632	10485	Əzələ gücləndirmə məşqi, 45 Dəq	Fizik Tedavi Hizmeti	1131	
100049	50281	Qadın xəstəlikləri və doğuş müayinəsi, USM ile birlikte	Muayene Hizmeti	1128	2.1.8
104469	13366	Follikul stimullaşdırıcı hormon (FSH)	Laboratuar Hizmeti	1122	2.4.136
108308	10678	Kulturanın götürülməsi	Diğer Hizmet	1116	2.1.538
104364	13940	Alfa-fetoprotein	Laboratuar Hizmeti	1115	2.4.50
104910	13991	Faktor 1 (Faktor I - fibrinogen)	Laboratuar Hizmeti	1115	2.4.283
117318	18679	Uşaq nevroloji müayinəsi	Muayene Hizmeti	1101	2.1.1
104445	13245	Dəmir bağlama qabiliyyəti, total	Laboratuar Hizmeti	1093	2.4.156
103049	10680	Smear götürmək	Diğer Hizmet	1069	2.1.539
125620	52595	Helicobacter kart testi	Diğer Hizmet	1043	
121778	49127	MRT, bütün qarın, kontrastlı	Radyoloji Hizmeti	1034	2.1.317
100195	10394	Ventilyatorla təqib, günlük	Diğer Hizmet	1034	
105718	10548	Ezofaqoskopiya, qastroskopiya, duodenoskopiya və biopsiya	Diğer Hizmet	1031	
107072	15428	Ambulans xidməti, 2.bölğə həkimi ilə	Diğer Hizmet	1022	
103586	10464	Elektrik cərəyanı ilə motor nöqtəsinin əzələ stimulyasiyası	Fizik Tedavi Hizmeti	1003	2.2.24
103886	10634	Steril bölmədə baxım farqı, günlük	Diğer Hizmet	997	
100144	15370	Trombositlərin köçürülməsi, seans	Müdahale Hizmeti	991	
116166	22545	Fakoemülsifikasiya, o cümlədən gözdaxili linzaların (IOL) yerləşdirilməsi	Ameliyat Hizmeti	987	2.6.203
104305	11251	USM, bud-çanaq	Radyoloji Hizmeti	984	2.1.218
108296	19678	Patoloji konsultasiya	Konsültasyon Hizmeti	984	2.4.28
105092	13846	Anti-HBc IgG, Hepatit B (HBV) c səthi antigen antikoru, ELISA	Laboratuar Hizmeti	981	
100133	14812	IM inyeksiya	Diğer Hizmet	976	2.1.522
117311	16428	Nefroloji müayinə	Muayene Hizmeti	968	2.1.1
126631	53607	Preop Angiyo Paketi	CheckUp	963	
113519	43906	Dəmir bağlama qabiliyyəti, doymamış (UIBC)	Laboratuar Hizmeti	962	2.4.156
106014	15815	Rəngli Doppler USM, aşağı ətraf venaları, birtərəfli	Radyoloji Hizmeti	956	2.1.236
109405	33672	Manual Terapiya	Fizik Tedavi Hizmeti	954	
105712	10533	Kolonoskopiya, total	Diğer Hizmet	941	2.1.452
128095	55072	Əzələ gücləndirmə məşqi, saatlik	Fizik Tedavi Hizmeti	934	
107131	14828	Əməliyyat otağının açılışı, böyük 300-499	Ameliyathane	926	
100057	19630	Psixoloq müayinəsi	Muayene Hizmeti	924	2.1.1
111827	39133	Bədən Baxımı (Bady-Lifter)	Diğer Hizmet	887	
106140	11366	MRT, bel fəqərələri, kontrastsız	Radyoloji Hizmeti	887	2.1.319
104836	13108	IgE testi	Laboratuar Hizmeti	884	2.4.306
104703	13375	Luteinləşdirən hormon (LH) testi	Laboratuar Hizmeti	883	2.4.165
105129	13851	Anti-tiroqlobulin anticismi (Anti-Tg)	Laboratuar Hizmeti	879	2.4.398
128519	55515	Kafeterya, meyveli yoğurt	Diğer Hizmet	879	
104677	13374	Kortizol, serum	Laboratuar Hizmeti	859	2.4.93
108460	18496	Mammoqrafiya, iki tərəfli	Radyoloji Hizmeti	858	2.1.172
103758	11880	Buynuz qişanın topoqrafiyası	Diğer Hizmet	849	2.1.354
110001	35018	Yenidoğulmuş intensiv baxım yataq xidməti	Yatış Hizmeti	837	
108706	30763	İnfluenza A+B antigeni	Laboratuar Hizmeti	832	
117810	46062	Lipaza, serum	Laboratuar Hizmeti	824	2.4.160
116760	23006	İki kateterdən istifadə etməklə koronar arterioqrafiya	Ameliyat Hizmeti	823	2.5.17
103659	16163	Tənəffüs məşqləri	Fizik Tedavi Hizmeti	819	
130527	57598	3 Tesla MRT fərqi	Diğer Hizmet	812	2.1.325
104981	14996	Aerobik nəcis kulturası	Laboratuar Hizmeti	805	2.4.425
103941	13994	Coombs testi, direkt, kompleman	Laboratuar Hizmeti	804	2.4.402
110060	16016	Əməliyyat sonrası reanimasiya xidməti, şəxsi	Diğer Hizmet	804	
111921	39530	Drug abuse, təsdiqləmə	Laboratuar Hizmeti	802	
109363	14842	Anesteziya, 600-899 ümumi məbləği olan əməliyyatlarda cərrahi bölmələr, B qrupu	Anestezi Hizmeti	802	
107734	10479	Maqnit sahəsi terapiyası	Fizik Tedavi Hizmeti	794	2.2.8
100178	10369	Nazoqastrik borunun daxil edilməsi	Diğer Hizmet	788	2.1.438
104616	13191	Faktor 4 (ionlaşmış kalsium)	Laboratuar Hizmeti	785	
120778	47584	Sistemik riskli müalicə	Diğer Hizmet	785	
105115	13937	Anti-nüvə anticisim (ANA) titri, IFA	Laboratuar Hizmeti	765	2.4.311
105291	17192	İnsan papilloma virusunun (HPV) genotipinin təyini	Laboratuar Hizmeti	762	2.4.923
110298	20882	Sitomeqalovirus (CMV) IgM, MEIA (mikrohissəcik fermenti immun analizi) və ya oxşar	Laboratuar Hizmeti	761	2.4.359
109843	34733	Evde Tibb Xidmeti	Muayene Hizmeti	753	
103862	14031	Spermiogram	Laboratuar Hizmeti	750	2.4.530
104432	30418	Sink (AAS), serum	Laboratuar Hizmeti	742	2.4.743
111039	37060	Mədə, biopsiya çoxlu lokalizasiya, patoloji müayinə	Patoloji Hizmeti	727	2.4.699
111538	38268	KT, bütün qarın tomoqrafiyası, kontrastsız	Radyoloji Hizmeti	726	2.1.269
100067	15577	Tibbi onkoloji kontrol müayinəsi, 10 gündən sonra	Muayene Hizmeti	717	2.1.1
109253	32695	Sidik kisəsi kateterinin tətbiqi, anesteziya və reanimasiya	Diğer Hizmet	711	
104786	13950	Prostat spesifik antigen (PSA) testi, sərbəst	Laboratuar Hizmeti	697	2.4.191
104879	14000	D-dimer, kəmiyyət	Laboratuar Hizmeti	692	2.4.280
105134	30747	Toksoplazma IgM, kemolüminesans və ya oxşar	Laboratuar Hizmeti	688	2.4.392
104416	13359	C peptid	Laboratuar Hizmeti	687	2.4.237
104378	13158	Ammonyak testi	Laboratuar Hizmeti	682	2.4.52
107184	15110	Havalı yataq	Diğer Hizmet	677	
100017	16256	Müşahidə yatağı ödənişi, 2-4 saat	Yatış Hizmeti	674	
110408	35850	Okt, rnlf	Diğer Hizmet	663	2.1.334
105372	13575	Neisseria gonhorreae DNT, PZR üsulu ilə	Laboratuar Hizmeti	656	2.4.504
107266	31120	Kafeterya Əlavə yemək haqqı	Diğer Hizmet	648	
108193	9519	Mərkəzi venoz kateterin taxılması	Diğer Hizmet	647	
127779	54755	Paşa Sigorta Standart Check Up Paneli	CheckUp	642	
100216	4682	İnvaziv arteriyaial təzyiqin monitorinqi	Diğer Hizmet	639	
104339	11257	USM, yumşaq toxuma, səthi	Radyoloji Hizmeti	634	2.1.221
104792	13916	Revmatoid faktor (RF), turbidimetrik	Laboratuar Hizmeti	633	2.4.349
105037	19322	Periferik qan yaxması	Laboratuar Hizmeti	630	2.4.244
110035	18634	Əməliyyat otagında olmayan anesteziya tətbiqi	Ameliyathane Dışı Anestezi	624	2.3.1
103885	10636	Hematoloq tərəfindən periferik qan yaxmasının qiymətləndirilməsi	Diğer Hizmet	622	2.4.255
107148	14847	I. Assistent (900 və yuxarı)	1. Asistan	618	
117295	16430	Uşaq hematologiyası və onkoloji müayinəsi	Muayene Hizmeti	617	2.1.1
127812	54788	Preop Göz Paketi	CheckUp	616	
125952	52928	Tənəffüs 4-antigen paneli	Laboratuar Hizmeti	610	
122628	47586	Dəstəkləyici müalicələr (A Risk)	Diğer Hizmet	607	
117025	31460	Neonatal xəstənin reanımatoloq təqibi 1-ci kateqoriya	Yoğun Bakım Hizmeti	585	
117323	39902	İnvaziv radioloji müayinə	Muayene Hizmeti	582	2.1.1
103501	10615	Ağciyər funksiyası testləri	Diğer Hizmet	576	2.1.385
108470	13964	Dietoloq müayinəsi	Muayene Hizmeti	573	2.1.1
104334	11244	USM, alt abdomen (çanaq)	Radyoloji Hizmeti	566	2.1.215
104772	13377	Progesteron səviyyəsinin ölçülməsi	Laboratuar Hizmeti	561	2.4.186
105065	32193	VDRL, keyfiyyət	Laboratuar Hizmeti	549	
106241	14902	B tipli natriuretik peptid (NT-ProBNP)	Laboratuar Hizmeti	532	2.4.168
104679	13201	CK (kreatin kinaz)	Laboratuar Hizmeti	526	2.4.94
107711	20651	Qan alma və/və ya nümunə alma, evdə	Diğer Hizmet	525	
107147	14846	I. Assistent (500-899)	1. Asistan	525	
104746	15744	Amilaza, pankreatik	Laboratuar Hizmeti	525	2.4.805
100229	16392	Nazal CPAP proseduru	Diğer Hizmet	525	
106068	15751	KT, beyin, kontrastsız	Radyoloji Hizmeti	519	2.1.261
107134	14827	Əməliyyat otağının açılması, orta 150-299	Ameliyathane	519	
105735	10839	Rutin EEQ, uşaq və ya böyüklər	Diğer Hizmet	518	2.1.479
117294	14980	Uşaq cərrahiyyəsi müayinəsi	Muayene Hizmeti	516	2.1.1
106179	11364	MRT, servikal vertebra, kontrastsız	Radyoloji Hizmeti	515	2.1.297
105153	15079	Anti-CCP (Anti-cyclic citrullinated peptide) anticismi	Laboratuar Hizmeti	510	2.4.326
114183	45555	Ureoplasma urealyticum DNT (PCR)	Laboratuar Hizmeti	507	
105123	14819	Rubella (Məxmərək) IgM, kemolüminesans və ya oxşar	Laboratuar Hizmeti	500	2.4.388
105211	15345	IgA, turbidimetrik	Laboratuar Hizmeti	497	
106124	11377	MRT, diz, sağ, kontrastsız	Radyoloji Hizmeti	493	2.1.308
105121	20886	Anti-rubella IgG (Kemiluminesans və ya oxşar)	Laboratuar Hizmeti	491	2.4.388
104375	13155	Amilaza, serumda	Laboratuar Hizmeti	488	2.4.55
109016	14069	Panoramik film	Radyoloji Hizmeti	486	
103804	10727	Saf səs audiometriyası	Diğer Hizmet	486	2.1.401
121285	48786	MRT, diz, sol, kontrastsız	Radyoloji Hizmeti	484	2.1.308
100161	10571	Lavman	Diğer Hizmet	483	2.1.456
121062	48813	MRT, süd vəzi, ikitərəfli, dinamik kontrastlı	Radyoloji Hizmeti	479	2.1.320
127780	54756	Paşa Sigorta Standart Plus Check Up Paneli (Kişi)	CheckUp	476	
108253	17829	Anti-Müllerien hormonu (AMH)	Laboratuar Hizmeti	475	2.4.844
117314	19008	Plastik, rekonstruktiv və estetik cərrahiyyə müayinəsi	Muayene Hizmeti	474	2.1.1
107296	15019	Kafeterya, sport peçenye	Diğer Hizmet	465	
100294	14835	Anesteziya, 300-399 ümumi məbləği olan əməliyyatlarda cərrahi bölmələr, C qrupu	Anestezi Hizmeti	459	
108466	20673	İşyeri həkimliyi müayinəsi	Muayene Hizmeti	458	
108663	13189	Bilirubin, dolayı	Laboratuar Hizmeti	455	2.4.63
105213	32216	IgG, turbidimetrik	Laboratuar Hizmeti	453	2.4.305
105992	11261	Rəngli Doppler USM, karotid	Radyoloji Hizmeti	449	2.1.228
104993	19698	Bakteriyaların müəyyənləşdirilməsi və həssaslıq testi, avtomatlaşdırılmış sistem	Laboratuar Hizmeti	448	
109827	34725	Transferrin saturasiyası	Laboratuar Hizmeti	442	
113448	43749	MRT, ürək, multiparametrik	Radyoloji Hizmeti	437	2.1.314
109936	34880	Nəcisdə kalprotektin	Laboratuar Hizmeti	433	2.4.176
117285	30525	Uşaq immunologiyası və allergiya xəstəlikləri müayinəsi	Muayene Hizmeti	429	2.1.1
110366	35750	Albumin/kreatinin nisbəti, spot sidik	Laboratuar Hizmeti	429	2.4.44
104228	15632	Sümük densitometriyası, A-P Spinal	Radyoloji Hizmeti	425	2.1.164
105272	13554	Sitomeqalovirus (CMV) PCR	Laboratuar Hizmeti	423	2.4.494
125646	52621	Mycoplasma genitalium	Laboratuar Hizmeti	423	
100296	14834	Anesteziya xidməti	Anestezi Hizmeti	419	
102680	15418	İntravitreal inyeksiya	Ameliyat Hizmeti	419	2.1.342
104503	13292	Oral qlükoza tolerantlıq testi (OGTT), 75 q, 2 saat	Laboratuar Hizmeti	416	2.4.126
104453	13399	Daun sindromu ikili skrininq testi, (ilk trimestr skrininq testi)	Laboratuar Hizmeti	413	
109254	32696	Sidik kisəsi kateterinin tətbiqi	Diğer Hizmet	410	2.1.466
125649	52624	Gardnerella vaginalis PCR	Laboratuar Hizmeti	409	2.4.496
116780	23024	Perkutan translyuminal koronar angioplastika. PTKA (taxılan damar stentlərinin sayı, müalicə olunan damarların sayı əlavə kodlaşdırılsın)	Ameliyat Hizmeti	406	2.6.22
114182	45554	Trichomonas Vaginalis DNT PCR	Laboratuar Hizmeti	402	
113781	44515	Funksional Tibb Müayinəsi	Muayene Hizmeti	401	2.1.1
114155	45521	Mycoplasma hominis DNT (PCR)	Laboratuar Hizmeti	398	
105269	17208	Chlamydia DNT Pcr#	Laboratuar Hizmeti	387	2.4.492
125650	52625	Doğuşda iştirak ödenişi	Diğer Hizmet	383	
104229	15633	Sümük densitometriyası, femoral proksimal araşdırma	Radyoloji Hizmeti	381	2.1.164
104805	13382	Testosteron, sərbəst	Laboratuar Hizmeti	376	2.4.207
128504	55500	Kafeterya, çöplü sok	Diğer Hizmet	375	
104441	13360	Dehidroepiandrosteron-sulfat (DHEA-S)	Laboratuar Hizmeti	375	2.4.105
126237	53213	Paketin davamı xidməti, əvvəlcədən ödənilmiş	Muayene Hizmeti	372	2.1.1
117303	15028	Torakal cərrahiyyə müayinəsi	Muayene Hizmeti	369	2.1.1
117854	46106	Zülal/Kreatinin (Spot sidik)	Laboratuar Hizmeti	368	
110395	31536	Quru iynələmə	Fizik Tedavi Hizmeti	367	
121350	48765	MRT, yuxarı qarın, kontrastlı	Radyoloji Hizmeti	367	2.1.315
109604	34396	Kafeterya Kiçik çaydan	Diğer Hizmet	361	
105755	10869	EMQ, polineyropatiya protokolu	Diğer Hizmet	360	2.1.479
108569	18375	Xəstə yatağı xidməti, suit otaq	Yatış Hizmeti	359	
106498	13616	Kolon, biopsiya tək lokalizasiya, patoloji müayinə	Patoloji Hizmeti	357	2.4.572
107212	20898	Bədən Analizi	Diğer Hizmet	349	
107144	14845	I. Assistent (300-499)	1. Asistan	349	
105035	13457	Anaerob qan kulturası, avtomatlaşdırılmış	Laboratuar Hizmeti	344	2.4.430
105181	13873	Ekstrakt edilə bilən nüvə antigeninə qarşı anticisim (ENA)	Laboratuar Hizmeti	341	2.4.330
128510	55506	Kafeterya, meyvə tabağı, kiçik	Diğer Hizmet	338	
104621	13393	Kalsitonin testi	Laboratuar Hizmeti	338	2.4.69
120779	47585	Sitotoksik müalicə	Diğer Hizmet	338	
105204	13888	Herpes simpleks (HSV) tip 2 IgM	Laboratuar Hizmeti	329	2.4.370
105736	10855	EEQ monitorinqi, 1 saat	Diğer Hizmet	328	2.1.480
106221	13212	Homosistein	Laboratuar Hizmeti	327	2.4.146
128317	55298	Kompozit üç tərəfli doldurucu	Diş	321	
106012	11270	Rəngli Doppler USM, skrotal	Radyoloji Hizmeti	318	2.1.234
100295	14837	Anesteziya, 200-299 ümumi məbləği olan əməliyyatlarda cərrahi bölmələr, D qrupu	Anestezi Hizmeti	317	
104488	13300	Qan şəkərinin (qlükoza) ölçülməsi, qlükometr ilə	Laboratuar Hizmeti	317	2.4.128
106679	13754	İmmunohistokimyəvi müayinə qrup 1 anticisim, C-erbB-2 (HER-2/neu)	Patoloji Hizmeti	316	
106362	13997	Hemoqlobin elektroforezi, HPLC ilə	Laboratuar Hizmeti	316	2.4.141
104984	14992	Aerob bəlğəm kulturası	Laboratuar Hizmeti	315	
117308	13970	Ürək və damar cərrahiyysi müayinəsi	Muayene Hizmeti	309	2.1.1
105165	19695	Clostridium difficile toksin A və B	Laboratuar Hizmeti	306	
104330	11236	USM, kranial, transfontanel	Radyoloji Hizmeti	306	2.1.224
104451	15578	Anti-transqlutaminaza IgA	Laboratuar Hizmeti	305	2.4.872
106013	11277	Rəngli Doppler USM, aşağı ətraf arteriyaiyaları, birtərəfli	Radyoloji Hizmeti	302	2.1.237
127781	54757	Paşa Sigorta Standart Plus Check Up Paneli (Qadın)	CheckUp	296	
107160	10569	Kolonoskopiya və biopsiya	Diğer Hizmet	291	2.1.452
103483	10603	Buxar müalicəsi	Diğer Hizmet	287	
107074	15432	Ambulans xidməti, 4.bölğə həkimi ilə	Diğer Hizmet	287	
123552	50581	Əməliyyat otağının açılışı, kiçik 0-99	Ameliyathane	285	
104097	11166	Birbaşa qarın qrafiyası, bir proyeksiyalı	Radyoloji Hizmeti	284	2.1.175
106154	11334	MRT angioqrafiya, kəllə (beyin)	Radyoloji Hizmeti	282	2.1.324
100293	14838	Anesteziya, 400-499 ümumi məbləği olan əməliyyatlarda cərrahi bölmələr, C qrupu	Anestezi Hizmeti	281	
105163	13862	Chlamydia trachomatis IgM, ELISA	Laboratuar Hizmeti	281	2.4.471
116200	22577	Vitrektomiya, pars plana (PPV)	Ameliyat Hizmeti	280	2.6.221
122929	42448	Bariatrik Post Op Paketi	CheckUp	278	
104292	11238	USM, boyun	Radyoloji Hizmeti	276	2.1.227
126098	53074	Hamiləlik qeydiyyatı	Diğer Hizmet	275	
108551	20686	Xəstə yaxını suit otaq ödənişi	Diğer Hizmet	273	
106119	11335	MRT, beyin, diffuziya	Radyoloji Hizmeti	271	2.1.288
104631	13263	Urea, sidikdə, spot	Laboratuar Hizmeti	269	2.4.226
104166	11153	Pelvis radioqrafiyası, bir proyeksiyalı	Radyoloji Hizmeti	269	2.1.109
105724	10936	Psixoterapiya, fərdi, hər konsultasiya	Diğer Hizmet	268	
106503	13622	Mədə, biopsiya tək lokalizasiya, patoloji müayinə	Patoloji Hizmeti	267	2.4.580
107731	20636	Serumun daxil edilməsi, evdə	Diğer Hizmet	267	
100175	4685	Elektrokardioqram (EKQ), iz monitorinqi: ürək dərəcəsi, ritm və ST analizi	Diğer Hizmet	266	
103572	16142	İsti paket tətbiqi (hotpack)	Fizik Tedavi Hizmeti	266	
113372	43556	Dişlərin təmizlənməsi, cilalanması ilə	Diş	263	
125539	52514	24 saatlıq Holter EKQ testi - mobil izləmə	Diğer Hizmet	261	2.1.441
129542	56567	Altyapı Sporcu Paketi	CheckUp	258	
104419	13867	C3 (komplementar 3) testi	Laboratuar Hizmeti	256	2.4.322
129467	56492	ABB Check Up	CheckUp	253	
104420	13868	C4 (tkomplementaramamlayıcı 4) testi	Laboratuar Hizmeti	253	2.4.322
125648	52623	Ureaplasma, parvum	Laboratuar Hizmeti	252	
100182	14858	Oksigen (O2) inhalyasiya terapiyası, seans	Diğer Hizmet	251	2.1.534
106690	13828	Hazır boyalı preparat və/və ya parafin bloku	Patoloji Hizmeti	249	
121165	48836	MRT, alt abdomen, çanaq, kontrastlı	Radyoloji Hizmeti	247	2.1.316
123184	38711	Preop Ginekoloji (Kiçik)	CheckUp	246	
116530	22838	Tibbi abort, 10 həftədən az	Ameliyat Hizmeti	244	2.6.950
117481	45620	Süd vəzi tomosintezi, iki süd vəzi	Radyoloji Hizmeti	244	
120356	48173	Damar yolunun açılması, evdə	Diğer Hizmet	244	
113854	44799	Biometriya ölçülməsi	Diğer Hizmet	242	2.1.330
121295	48820	MRT, çiyin, sağ, kontrastsız	Radyoloji Hizmeti	242	2.1.299
105030	13509	Strep A antigen testi	Laboratuar Hizmeti	241	
104784	13252	Zülal, total, sidik	Laboratuar Hizmeti	241	2.4.193
105072	20883	Sitomeqalovirus (CMV) IgG, MEIA (mikrohissəcik fermenti immun analizi) və ya oxşar	Laboratuar Hizmeti	241	2.4.358
104665	13195	Xlor (Cl), serum	Laboratuar Hizmeti	238	2.4.84
128601	55597	Uçuş Kılavuzları Check Up Paneli No 210	CheckUp	236	
109378	33582	MRT, multiparametrik prostat, dinamik kontrastlı	Radyoloji Hizmeti	236	2.1.320
102735	11869	Retinanın fotokoaqulyasiya yolu ilə destruksiyası, seans	Ameliyat Hizmeti	235	2.6.219
103529	10554	Kolonoskopik polipektomiya, kiçik	Diğer Hizmet	234	
106927	17232	HLA B27 PZR	Laboratuar Hizmeti	229	2.7.120.1
110048	34250	Digər səhiyyə xidmətləri (A)	DSH	227	
105268	17207	Candida DNT, PZR üsulu ilə	Laboratuar Hizmeti	227	2.4.490
104354	13354	Adrenokortikotrop hormon (ACTH)	Laboratuar Hizmeti	227	2.4.42
105132	30746	Toksoplazma IgG, kemolüminesans və ya oxşar	Laboratuar Hizmeti	225	2.4.391
126399	53375	Ailəvi döş/yumurtalıq xərçəngi (BRCA1 və BRCA2 gen ardıcıllığının təhlili)	Laboratuar Hizmeti	224	
104986	14994	Aerob vaginal kultura	Laboratuar Hizmeti	222	2.4.427
105506	13823	Frozen müayinə (section)	Patoloji Hizmeti	222	
106181	11365	MRT, torakal fəqərələr, kontrastsız	Radyoloji Hizmeti	222	2.1.298
108242	20598	Soyuq tətbiq, gündəlik	Diğer Hizmet	221	
113858	44845	MSI (parafin blokda)	Patoloji Hizmeti	220	
109605	34397	Kafeterya Böyük çaydan	Diğer Hizmet	220	
105905	18426	Mammoqrafiya, bir tərəfli	Radyoloji Hizmeti	216	2.1.173
111038	37059	Kolon, biopsiya çoxlu lokalizasiya, patoloji müayinə	Patoloji Hizmeti	215	2.4.686
105215	32217	IgM, turbidimetrik	Laboratuar Hizmeti	214	
104351	13391	17-hidroksi progesteron, serum	Laboratuar Hizmeti	214	2.4.149
107838	10379	Endotraxeal intubasiya, böyüklər	Müdahale Hizmeti	211	
127099	54075	Uşaq endokrinologiyası və metabolik xəstəliklərin müayinəsi	Muayene Hizmeti	211	2.1.1
105193	13843	Helicobacter nəcis antigeni (HpSA)	Laboratuar Hizmeti	210	2.4.478
106340	15783	Takrolimus	Laboratuar Hizmeti	206	2.4.15
108282	10639	Kimyaterapiya,  dərmanının 1 saat tətbiqi, hər bir dərman üçün	Diğer Hizmet	206	
121297	48822	MRT, çiyin, sol, kontrastsız	Radyoloji Hizmeti	205	2.1.299
126215	53191	Ziyil mualicəsi, maye azotla, 5-ə qədər	Diğer Hizmet	205	
119422	39100	Preop IVF Paketi (Qadın)	CheckUp	203	
103835	10983	Uroflovmetriya	Diğer Hizmet	201	2.1.467
104987	14991	Aerob burun kulturası	Laboratuar Hizmeti	200	
123531	50574	Preop Uşaq Paketi (Kiçik)	CheckUp	199	
122663	45381	Peyvənd Paketi	CheckUp	195	
121166	48842	MRT, servikal vertebra, kontrastlı	Radyoloji Hizmeti	194	2.1.297
105019	13451	Nəcisdə parazit aşkarlanması	Laboratuar Hizmeti	194	
105147	17537	Brucella Rose Bengal aqlütinasiya testi	Laboratuar Hizmeti	192	
104307	11242	USM, süd vəzi, birtərəfli	Radyoloji Hizmeti	190	2.1.212
123946	50919	Tərcümə qiyməti	Diğer Hizmet	190	
106529	13665	Böyrək, iynə biopsiyası, patoloji müayinə	Patoloji Hizmeti	190	2.4.625
116504	22824	Kolposkopiya	Ameliyat Hizmeti	189	2.1.460
111887	39386	Mürekkeb iş kömekçisinin qiymeti	Diğer Hizmet	189	
105237	13914	Anti-miyeloperoksidaza (MPO) anticismi (p-ANCA)	Laboratuar Hizmeti	188	
105182	13444	Nəcisdə amöb antigeni	Laboratuar Hizmeti	188	
104983	14998	Aerob abses, yara və ya irin kulturası	Laboratuar Hizmeti	187	
104428	13171	CK-MB (kreatin kinaz-MB)	Laboratuar Hizmeti	187	2.4.95
127247	54223	Spesifik IgE geniş allergen paneli	Laboratuar Hizmeti	187	2.4.307
104783	13256	Zülal elektroforezi, serum	Laboratuar Hizmeti	180	2.4.197
106672	13800	İmmunohistokimyəvi müayinə qrup 3 anticisim, ER (estrogen reseptoru)	Patoloji Hizmeti	180	
106675	13804	İmmunohistokimyəvi müayinə qrup 3 anticisim, PR (progesteron reseptoru)	Patoloji Hizmeti	179	
128344	55333	Preop IVF Paketi (Kişi)	CheckUp	178	
129194	56206	Sınıf 1 Pilot Check Up Paneli	CheckUp	178	
105470	13717	Süd vəzi, mastektomiya qismən və ya sadə, patoloji müayinə	Patoloji Hizmeti	177	2.4.716
128153	55130	Paşa Sigorta Check Up Paneli (Uşaq)	CheckUp	177	
121537	37424	LIV Kardiologiya Paketi	CheckUp	177	
106687	13801	İmmunohistokimyəvi müayinə qrup 3 anticisim, Ki-67	Patoloji Hizmeti	175	
105275	17186	HBV-DNT PCR	Laboratuar Hizmeti	175	
121355	48812	MRT, bel fəqərələri, kontrastlı	Radyoloji Hizmeti	174	2.1.319
116158	34045	Lasik, iki gözlü	Ameliyat Hizmeti	174	
119797	47646	Tuberoz Skleroz Tip 1-TSC1 Tam Gen Ardıcıllığı Analiiz	Laboratuar Hizmeti	174	
104300	11248	USM, qaraciyər	Radyoloji Hizmeti	171	2.1.227
104697	13239	Lipoprotein A [Lp(a)]	Laboratuar Hizmeti	171	2.4.161
107331	10224	Endoskopik biopsiya	Diğer Hizmet	169	2.1.453
104831	13311	Tiroqlobulin testi	Laboratuar Hizmeti	169	2.4.209
104681	13203	Kreatinin, sidik, 24 saatlıq	Laboratuar Hizmeti	168	2.4.97
104622	13193	Kalsium, sidik, 24 saatlıq	Laboratuar Hizmeti	168	2.4.73
127976	55795	EEQ monitorinqi, 2 saat	Diğer Hizmet	168	2.1.480
100004	14025	Xəstə yatağı xidməti, VIP standart otaq	Yatış Hizmeti	168	
100142	10367	Digər qan və ya məhsulların transfuziyası, 1 ədəd	Diğer Hizmet	167	2.1.525
121334	48657	KT, böyrək, ikitərəfli, kontrastsız	Radyoloji Hizmeti	167	2.1.265
105245	18844	Anti-sitoplazmik neytrofil anticismi (c-ANCA; PR3 ANCA)	Laboratuar Hizmeti	167	
110871	36684	Kafeterya VIP Çay, qəhvə dəsti	Diğer Hizmet	166	
110040	13388	T4 (tiroksin) ölçülməsi, total	Laboratuar Hizmeti	165	2.4.210
113383	43592	İVF 1ci deneme yumuta toplama (OPU)	Ameliyat Hizmeti	164	
113540	44030	Kompozit iki tərəfli doldurucu	Diş	164	
103894	31902	Kan ürünü hazırlama işlemi	Diğer Hizmet	163	
111311	37809	Müdaxilə otağı	Diğer Hizmet	162	
116462	22798	Normal doğuş	Ameliyat Hizmeti	161	2.6.978
104230	14906	Sümük densitometriyası, lokal	Radyoloji Hizmeti	161	2.1.164
105091	13844	Anti-HAV IgM, Hepatit A (HAV), ELISA	Laboratuar Hizmeti	161	
121167	48852	MRT, torakal fəqərələr, kontrastlı	Radyoloji Hizmeti	159	2.1.298
116832	16927	IVF 1ci deneme tedavi başlangıcı	Ameliyat Hizmeti	159	
104716	13221	Mioqlobin, serum	Laboratuar Hizmeti	158	2.4.167
105179	13870	Epstein Barr (EBV) VCA, IgM	Laboratuar Hizmeti	157	2.4.363
104517	13207	Haptoqlobin	Laboratuar Hizmeti	157	2.4.139
100018	15184	Müşahidə yatağı ödənişi, 4-6 saat	Yatış Hizmeti	156	
117185	39260	İVF 1ci deneme embriyo transferi	Ameliyat Hizmeti	154	
105077	13840	Anti-dsDNA anticismi, ELISA	Laboratuar Hizmeti	154	2.4.328
123556	50585	Anesteziya, 0-99 ümumi məbləği olan əməliyyatlarda cərrahi bölmələr, E qrupu	Anestezi Hizmeti	154	
104707	13420	Metotreksat (methotrexate) səviyyəsinin təyini, HPLC-dən başqa bir üsulla	Laboratuar Hizmeti	154	2.4.931
106858	20709	Həftəlik menyu (ayda 4 menyu)	Diğer Hizmet	153	
113859	44846	PDL-1 (parafin blokunda)	Patoloji Hizmeti	153	
128004	54979	İrsi xərçəng paneli (qadin) (sayy bio)	Laboratuar Hizmeti	153	
110039	13387	T3 (triiodotironin) ölçülməsi, total	Laboratuar Hizmeti	153	2.4.220
129057	56069	Ayaq-topuq rentgenoqrafiyası, ikitərəfli, sağ	Radyoloji Hizmeti	152	2.1.156
129061	56073	Diz rentgenoqrafiyası, ikitərəfli, sağ	Radyoloji Hizmeti	150	2.1.134
104397	20452	Mis, serum	Laboratuar Hizmeti	146	2.4.91
100291	31650	Anesteziya, 2000-2999 ümumi məbləği olan əməliyyatlarda cərrahi bölmələr, A2 qrupu	Anestezi Hizmeti	146	
121172	48654	KT, boyun, kontrastlı	Radyoloji Hizmeti	146	2.1.250
108549	20672	Xəstə yaxını llüks otaq ödənişi	Diğer Hizmet	145	
104392	13855	Anti-streptolizin O (ASO), kəmiyyət	Laboratuar Hizmeti	144	2.4.312
121278	48774	MRT, ayaq biləyi, sol, kontrastsız	Radyoloji Hizmeti	144	2.1.310
106842	15238	Körpə doğum paketi, normal doğuş	Diğer Hizmet	143	
109648	34443	Kafeterya, ayran	Diğer Hizmet	143	
108426	15583	Gizli vərəm diaqnozu üçün QuantiFERON-TB Gold testi (QFT).	Laboratuar Hizmeti	143	
104826	13398	Somatomedin-C	Laboratuar Hizmeti	143	2.4.204
125638	52613	Hemodializ (3-4 saat)-DEVİCE 4008S	Diğer Hizmet	142	
106490	13595	Dəri, punch, kəsik və ya shave biopsiyası, patoloji müayinə	Patoloji Hizmeti	142	2.4.557
115268	19504	Morbid piylənmə əməliyyatları, sleeve gastrectomy	Ameliyat Hizmeti	140	
130115	57174	Servikal Skrininq Paneli (Pap Smear + HPV Genotipləmə)	CheckUp	139	
106122	11379	MRT, ayaq biləyi, sağ, kontrastsız	Radyoloji Hizmeti	139	2.1.310
125640	52615	Hemodializ (3-4 saat)-DEVİCE 5008S	Diğer Hizmet	138	
104241	15117	Ultrasəs ilə biopsiya götürülməsi, incə iynə aspirasiyası edilməsi	Radyoloji Hizmeti	138	2.1.541
129027	56036	Diz rentgenoqrafiyası, ikitərəfli, sol	Radyoloji Hizmeti	137	2.1.135
117026	31461	Neonatal xəstənin reanımatoloq təqibi 2-ci kateqoriya	Yoğun Bakım Hizmeti	137	
105247	13507	Nəcisdə rotavirus antigeni	Laboratuar Hizmeti	136	2.4.387
110117	35328	USM, Elastoqrafiya	Radyoloji Hizmeti	136	2.1.220
106426	13478	Aerob kateter, drenaj, zond və ya aspirasiya kateter kulturasl	Laboratuar Hizmeti	135	
116351	22706	Ureteral stent çıxarılması	Ameliyat Hizmeti	135	2.6.1327
108207	10971	Sidik kisəsinin instillasiyası	Müdahale Hizmeti	134	2.1.471
105026	13183	Nəcisdə gizli qan, manual	Laboratuar Hizmeti	133	
129020	56029	Ayaq-topuq rentgenoqrafiyası, ikitərəfli, sol	Radyoloji Hizmeti	133	2.1.156
100002	15099	Xəstə yataq xidməti, 2-ci dərəcəli, iki nəfərlik otaq	Yatış Hizmeti	132	
109942	34857	Kafeterya, qatıq	Diğer Hizmet	132	
105079	13927	Anti-endomizium IgA	Laboratuar Hizmeti	131	2.4.866
103872	16926	Embrionun dondurulması ve saklanması prosesi, illik	Diğer Hizmet	131	
121347	48794	MRT, hipofiz, kontrastlı	Radyoloji Hizmeti	131	2.1.289
120918	36011	LIV Bona Dea Obezite Pre-Op Paketi (Qadın)	CheckUp	131	
125645	52620	Preop Panel 3	CheckUp	130	
106495	13825	Sümük iliyi, biopsiya, patoloji müayinə	Patoloji Hizmeti	128	2.4.601
106061	11304	Koronar KT angioqrafiyası	Radyoloji Hizmeti	128	2.1.285
103880	10635	Sümük iliyinin aspirasiyasının qiymətləndirilməsi	Diğer Hizmet	128	
119055	47475	Covid-19 Antigeni (SARS-CoV-2), DFA	Laboratuar Hizmeti	127	
103949	13995	Coombs testi, indirekt	Laboratuar Hizmeti	127	2.4.403
116174	33137	YAG lazeri ilə posterior kapsulotomiya	Ameliyat Hizmeti	127	2.6.206
107285	15020	Kafeterya, maeyvə şirəsi	Diğer Hizmet	127	
113539	44029	Kompozit bir üzlü doldurucu	Diş	126	
113196	43147	Traxeal aspirat  kulturası	Laboratuar Hizmeti	126	
104361	13355	Aldesteron, serum	Laboratuar Hizmeti	126	2.4.48
107594	17657	Saç mezoterapiyası	Diğer Hizmet	126	
108783	20941	Diş çıxarılması - ağırlaşmalarla, regional anesteziya ilə	Diş	125	
104322	11252	USM, skrotal	Radyoloji Hizmeti	125	2.1.216
105069	15502	Adenovirus antigeni	Laboratuar Hizmeti	124	2.7.66.45
113344	43428	MTA Tətbiqi	Diş	124	
105691	10756	Qan təzyiqinin qeyd edilməsi, davamlı, 24 saat, qan təzyiqi holter	Diğer Hizmet	124	2.1.441
130492	57562	Neyropsixoloq müayinəsi	Muayene Hizmeti	123	2.1.1
103576	10477	Qısadalğalı diatermiya	Fizik Tedavi Hizmeti	123	2.2.12
110002	16013	Doğuş otağının açılması	Diğer Hizmet	123	
104779	13253	Zülal, total, OBM-də	Laboratuar Hizmeti	123	2.4.194
104535	13505	Bioloji mayelərdə hüceyrə sayı və növü, BOS	Laboratuar Hizmeti	122	2.4.509
122217	49456	Preop KVC Paketi	CheckUp	122	
104072	11126	Sinus  radioqrafiyası, waters	Radyoloji Hizmeti	121	
104957	14982	Retikulositlərin sayı	Laboratuar Hizmeti	121	2.4.252
128600	55596	Uçuş Kılavuzları Check Up Paneli No 209A	CheckUp	119	
125720	52695	Pediatrik reanimasiyada yatan xəstənin reanımatoloq təqibi 1-ci kateqoriya	Yoğun Bakım Hizmeti	118	
104808	13262	Seruloplazmin testi, serum	Laboratuar Hizmeti	118	2.4.83
102578	9977	Periferik yuxarı ətraf sinir bloku, hər biri	Ameliyat Hizmeti	118	
105924	11232	Histerosalpinqoqrafiya (HSQ)	Radyoloji Hizmeti	117	2.1.197
104218	16863	Subkutan port yerləşdirilməsi	Radyoloji Hizmeti	116	
103797	10723	Audiometriya və timpanometriya	Diğer Hizmet	115	2.1.437
105108	13830	Anti-kardiolipin anticismi (ACA) IgM	Laboratuar Hizmeti	115	
103900	15378	Aferez, terapevtik plazma mübadiləsi (1 seans)	Diğer Hizmet	115	2.1.528
109010	14065	Diş rentgen filmi, periapikal	Diş	114	
127492	54468	Süd Vəzi Malign Patoloji Paketi	CheckUp	114	
106010	11264	Rəngli Doppler USM, böyrək arteriyaiyası, ikitərəfli	Radyoloji Hizmeti	114	2.1.231
116156	18608	Lasik, eksimer lazer	Ameliyat Hizmeti	113	
105468	13715	Limfa düyünləri, regional rezeksiya (diseksiya), patoloji müayinə	Patoloji Hizmeti	113	2.4.695
106538	13679	Süd vəzi, biopsiya, patoloji müayinə	Patoloji Hizmeti	113	2.4.654
104379	17138	Anti-apolipoprotein H (beta-2 qlikoprotein I) IgG	Laboratuar Hizmeti	113	2.4.317
104380	17139	Anti-apolipoprotein H (beta-2 qlikoprotein I) IgM	Laboratuar Hizmeti	113	2.4.317
105107	13829	Anti-kardiolipin anticismi(ACA) IgG	Laboratuar Hizmeti	113	
126216	53192	Ziyil mualicəsi, maye azotla, 10-a qədər	Diğer Hizmet	112	
107146	14844	I. Assistent (150-299)	1. Asistan	111	
105449	13689	Prostat, TUR	Patoloji Hizmeti	108	2.4.649
104855	13510	Sürətli ureaza nəfəs testi, Helicobacter pilori üçün	Laboratuar Hizmeti	108	2.4.759
104935	13996	Lupus antikoaqulyant skrininq	Laboratuar Hizmeti	108	2.4.791
106165	11357	MRT, xolangiopankreatoqrafiya, kontrastsız	Radyoloji Hizmeti	108	
121291	48798	MRT, bud-çanaq, sağ, kontrastsız	Radyoloji Hizmeti	107	2.1.303
104333	11254	USM, transvaginal	Radyoloji Hizmeti	107	2.1.206
110304	35684	Respirator virus Skrininqi (RSV), PZR	Laboratuar Hizmeti	107	
104788	13380	Plazma renin aktivliyi testi	Laboratuar Hizmeti	107	2.4.850
104850	13401	TSH reseptor anticisim testi	Laboratuar Hizmeti	106	
106171	11361	MRT, alt abdomen, çanaq, kontrast yoxdur	Radyoloji Hizmeti	106	2.1.318
106833	10672	Spiral tətbiq (spiral istisna olmaqla)	Ameliyat Hizmeti	106	2.1.463
115193	21790	Laparoskopik, xolesistektomiya	Ameliyat Hizmeti	105	2.6.726
106491	13597	Duodenum, biopsiya, patoloji müayinə	Patoloji Hizmeti	105	2.4.559
108414	15482	Öd turşusu səviyyəsi testi	Laboratuar Hizmeti	104	
108248	20682	Embrion saxlama, illik	Diğer Hizmet	104	
100227	4678	BIPAP (Bilevel Positive Airway Pressure) proseduru, günlük	Diğer Hizmet	104	
117284	36008	Alqoloji müayinə, anesteziya və reanimasiya	Muayene Hizmeti	101	2.1.1
109473	34243	Punch biopsiyası	Müdahale Hizmeti	101	
112476	41152	Qeyri-invaziv Prenetal Test (Maternit Tam Gen Xromosom Testi)	Laboratuar Hizmeti	101	
104809	13322	Angiotenzin çevirici ferment (ACE - Angiotenzin çevirici fermente) səviyyəsi	Laboratuar Hizmeti	101	2.4.59
107717	20633	Evdə mütəxəssis həkim müayinəsi	Diğer Hizmet	100	
121342	48777	MRT, boyun, kontrastlı	Radyoloji Hizmeti	99	2.1.296
125647	52622	Ureaplasma, spp	Laboratuar Hizmeti	99	
100282	10380	Kardiopulmoner resüsitasiya	Diğer Hizmet	99	
104490	13302	Qlükoza, BOS	Laboratuar Hizmeti	99	2.4.125
125506	52481	Qarabağ Futbol Klubu (A Takım)	CheckUp	99	
106507	13626	Ezofaqus, biopsiya, patoloji müayinə	Patoloji Hizmeti	98	2.4.578
116207	22583	Silikon yağının çıxarılması	Ameliyat Hizmeti	98	
116342	16653	Endoskopik ureterolitotripsiya	Ameliyat Hizmeti	98	2.6.825
106128	11369	MRT, sakroiliak oynaq, kontrastsız	Radyoloji Hizmeti	98	2.1.303
108453	15522	Vitamin B6 (piridoksin)	Laboratuar Hizmeti	97	2.4.765
110070	11151	Spinal sütunu (skolioz), iki  proyeksiyalı	Radyoloji Hizmeti	97	2.1.162
104680	17390	Kreatin kinaz izoenziminin elektroforezi	Laboratuar Hizmeti	97	2.4.802
106511	13632	Polip, kolorektal, patoloji müayinə	Patoloji Hizmeti	96	2.4.592
109362	31648	Anesteziya, 150-199 ümumi məbləği olan əməliyyatlarda cərrahi bölmələr, D qrupu	Anestezi Hizmeti	96	
116633	34127	Histeroskopiya ilə polipin kəsilməsi	Ameliyat Hizmeti	96	2.6.938
103882	10627	Sümük iliyinin biopsiyası	Diğer Hizmet	96	
107264	30484	Kafeterya Çoban Salatı	Diğer Hizmet	96	
105459	13706	Böyrək, qismən və ya total nefrektomiya, patoloji müayinə	Patoloji Hizmeti	96	2.4.677
127783	54759	Paşa Sigorta Standart Extra Check Up Paneli (Qadın)	CheckUp	95	
111969	39611	Pgd NGS ilə 24 xromosom skrininqi, embrion başı	Laboratuar Hizmeti	95	
105150	18712	Brucella Wright boru aqlütinasiya testi	Laboratuar Hizmeti	95	
100223	15362	Kateter taxılması	Ameliyat Hizmeti	94	
104797	13395	Cinsi hormon bağlayan qlobulin testi (SHBG - sex hormone binding globulin)	Laboratuar Hizmeti	94	2.4.200
104431	13433	Siklosporin səviyyəsinin təyini, HPLC-dən başqa bir üsulla	Laboratuar Hizmeti	94	2.4.11
121293	48800	MRT, bud-çanaq, sol, kontrastsız	Radyoloji Hizmeti	93	2.1.303
107138	36058	Periferik aşağı ətraf sinir bloku, hər biri	Ameliyat Hizmeti	93	
104387	13176	Apolipoprotein B alt qrupları	Laboratuar Hizmeti	93	2.4.60
103661	16165	Udqunma reabilitasiyası	Fizik Tedavi Hizmeti	93	
109615	34407	Kafeterya Kapuçino	Diğer Hizmet	93	
109613	34405	Kafeterya Amerikano	Diğer Hizmet	92	
106475	13820	Bədən mayeləri, sitopatoloji müayinə	Patoloji Hizmeti	92	2.4.542
123252	50325	Holmium lazer (Holep) prostatektomiyası	Ameliyat Hizmeti	92	2.6.879
109614	34406	Kafeterya Coffe latte	Diğer Hizmet	91	
105089	13842	Anti-HAV IgG, Hepatit A (HAV), ELISA	Laboratuar Hizmeti	91	
108213	10407	Fototerapiya, 24 saatlıq seans	Diğer Hizmet	91	
115363	36022	Dirsəkdən yuxarı uzun qol tökmə (P)	Ameliyat Hizmeti	90	2.1.485
126214	53190	Ziyil mualicəsi, maye azotla	Diğer Hizmet	90	
100184	10518	Parasintez, boşaldıcı, diaqnostik	Ameliyat Hizmeti	90	2.6.795
108787	14897	Diş çəkmə, süd dişi	Diş	89	
129084	56096	Ayağın rentgenoqrafiyası, üç tərəfli, sağ	Radyoloji Hizmeti	89	2.1.159
106054	11282	KTA, kranial angioqrafiyası	Radyoloji Hizmeti	89	2.1.285
100170	4999	Lumbar punksiya	Ameliyat Hizmeti	88	
106430	18873	Anaerob kultura	Laboratuar Hizmeti	88	2.4.429
128598	55594	Uçuş Kılavuzları Check Up Paneli No 207	CheckUp	88	
105419	13636	Öd kisəsi, patoloji müayinə	Patoloji Hizmeti	88	2.4.586
106513	13634	Polip, servikal və ya endometrial, patoloji müayinə	Patoloji Hizmeti	87	2.4.594
106065	4864	KT, sidik sistemi, kontrastsız	Radyoloji Hizmeti	87	2.1.266
129037	56049	Əl-bilək rentgenoqrafiyası, iki proyeksiyalı, sağ	Radyoloji Hizmeti	87	2.1.88
105002	13521	Boyalı mikroskopik müayinə, EZN, bəlğəm	Laboratuar Hizmeti	86	
106534	13675	Qaraciyər, iynə və ya çiv (wedge) biopsiyası, patoloji müayinə	Patoloji Hizmeti	86	2.4.636
129032	56041	Diz rentgenoqrafiyası, ikitərəfli, müqayisəli	Radyoloji Hizmeti	85	
104496	13181	Hamilə qadınlarda oral qlükoza skrininq testi (OGTT), ətraflı, 50 qram, 1 saat	Laboratuar Hizmeti	85	
104320	11247	USM, böyrək	Radyoloji Hizmeti	85	2.1.227
105692	10788	24 saatlıq Holter EKQ testi- Kabelli	Diğer Hizmet	85	2.1.441
105489	13736	Kolon, şiş üçün seqmental rezeksiya, patoloji müayinə	Patoloji Hizmeti	84	2.4.688
107227	30121	Nəqliyyat vasitəsi üçün ödəniş (şəxsi-icarə)	Diğer Hizmet	84	
125540	52515	48 saatlıq Holter EKQ testi - mobil izləmə	Diğer Hizmet	84	2.1.442
103737	11881	Kompüter görmə sahəsinin müayinəsi	Diğer Hizmet	83	2.1.327
122105	48059	Bariatrik əməliyyatdan sonrakı dietoloq paketi	CheckUp	83	
108782	14189	Diş çıxarılması	Diş	83	
125637	52612	Hemodializ (2-3 saat)-DEVİCE 4008S	Diğer Hizmet	82	
129195	56207	Sınıf 2 Teknik Check Up Paneli	CheckUp	82	
108856	14222	Sümükdaxili implant, tək silindrik implant qiyməti istisna olmaqla	Diş	82	
126836	53812	Anesteziya xidməti, kəsikdən asılı olmayaraq	Diğer Hizmet	81	
129039	56050	Əl-biləyin rentgenoqramması, iki proyeksiyalı, sol	Radyoloji Hizmeti	81	2.1.89
106245	13904	İmmunoelektroforez, serum	Laboratuar Hizmeti	80	
130164	57223	ABB Uşaq Check Up Paketi	CheckUp	80	
103605	10457	Kompyüter EMQ	Fizik Tedavi Hizmeti	79	2.1.479
105402	13600	Endometrium, küretaj və ya biopsiya, patoloji müayinə	Patoloji Hizmeti	79	2.4.561
103376	16260	Elektrokardioqram (EKG), evdə çəkim	Diğer Hizmet	79	
111838	39143	Diger sehiyye xidmetleri	Diğer Hizmet	79	
121356	48823	MRT, orbita, ikitərəfli, kontrastlı	Radyoloji Hizmeti	79	2.1.287
110727	36386	Ağızdaxili aspirasiya	Diğer Hizmet	79	
103610	16444	Oynaqdaxili inyeksiya	Fizik Tedavi Hizmeti	78	2.1.604
125524	52499	LIV KLASİK - Kişi	CheckUp	78	
107600	19115	Üz mezoterapiyası, tək seans	Diğer Hizmet	78	
105177	13869	Epstein Barr (EBV) VCA, IgG	Laboratuar Hizmeti	77	2.4.363
105036	15033	Kultura və antibiotikə həssaslıq testi (CHT)	Laboratuar Hizmeti	77	
108897	14106	Kök kanalının müalicəsi, plomb istisna olmaqla üç kanal	Diş	77	
104452	15579	Anti-transqlutaminaza IgG	Laboratuar Hizmeti	77	2.4.871
106115	16379	MRT, perianal	Radyoloji Hizmeti	77	2.1.320
104343	13356	Androstenedion	Laboratuar Hizmeti	77	2.4.56
111059	37097	Kimya Terapiyasi, 3 Günlük Seans	Diğer Hizmet	76	
123834	50839	LIV Uşaq Paketi (4 Yaşdan Yuxarı)	CheckUp	76	
128278	55258	Şəxsi köməkçi tibbi personal xidməti, 8 saat	Diğer Hizmet	76	
105185	16699	Giardia antigeni	Laboratuar Hizmeti	76	2.4.466
104623	13194	Kalsium, sidik, spot	Laboratuar Hizmeti	76	2.4.73
106017	11274	Rəngli Doppler USM, yuxarı ətraf venaları, birtərəfli	Radyoloji Hizmeti	76	2.1.238
107764	20272	Boyasız birbaşa mikroskopik müayinə	Laboratuar Hizmeti	74	
106053	11298	KTA, karotid angioqrafiyası	Radyoloji Hizmeti	74	2.1.285
108461	11360	MRT, bütün qarın, kontrastsız	Radyoloji Hizmeti	74	2.1.317
121941	37592	Preop Süd vezi	CheckUp	74	
108451	18874	Vitamin B1 (tiamin)	Laboratuar Hizmeti	73	2.4.763
105057	17538	Streptokok qrupunun təyini	Laboratuar Hizmeti	73	
104238	15114	KT görüntüsü altında biopsiya	Radyoloji Hizmeti	72	2.1.263
129088	56101	Əl rentgenoqrafiyası, üç tərəfli, sağ	Radyoloji Hizmeti	72	2.1.96
107667	20924	Özəl inyeksiya, dermatoloji, iki	Diğer Hizmet	72	
114112	45470	Genital panel (ən azı 5 test; chlamydia trachomatis, neisseria gonorrhoeae, mycoplasma genitalium, trichomonas vaginalis, gardnerella vaginalis, ureaplasma urealyticum/parvum, Herpes simplex virusu 1/2)	Laboratuar Hizmeti	72	2.4.925
125521	52496	Onkoloji Check Up Kişi	CheckUp	72	
122243	49468	Spiral çıxartma	Ameliyat Hizmeti	71	2.1.464
129223	56239	Transversus abdominis plan (TAP) blokadası	Diğer Hizmet	71	
105357	13539	HCV RNT PZR#	Laboratuar Hizmeti	71	2.4.499
104798	13307	Selenium, serum	Laboratuar Hizmeti	71	
104995	15023	Aerob BOS kulturası	Laboratuar Hizmeti	70	
116441	22783	Ureteral stent taxılması	Ameliyat Hizmeti	70	2.6.876
105256	13939	İnterleykin-6 (IL-6)	Laboratuar Hizmeti	70	
114212	23071	Hemodializ üçün kateter yerləşdirilməsi	Ameliyat Hizmeti	70	2.1.474
103503	10616	Ağciyər funksiyaları ilə reversibilite testi	Diğer Hizmet	69	2.1.385
105698	10782	Transezofageal exokardioqrafiya	Diğer Hizmet	69	2.1.444
105198	13882	Herpes simpleks (HSV) tip 1 IgM	Laboratuar Hizmeti	69	2.4.369
123786	50790	USM ilə qiymətləndirmə	Diğer Hizmet	69	
106406	19028	Monoklonal antikoru, hər biri	Laboratuar Hizmeti	68	2.4.783
108310	15519	Elastaz (pankreas elastaz-1), nəcisdə	Laboratuar Hizmeti	68	2.4.739
129089	56100	Əl rentgenoqrafiyası, üç tərəfli, sol	Radyoloji Hizmeti	68	2.1.96
117031	15339	Sünnət, yeni doğulmuş, yerli anesteziya	Ameliyat Hizmeti	68	2.6.897
104095	11205	Hər iki aşağı ətrafın radioqrafiyası, orto-rentgen AP	Radyoloji Hizmeti	68	
105306	18414	Epstein Barr (EBV) real vaxt PZR#	Laboratuar Hizmeti	67	
120350	48132	Kolonoskopik polipektomiya, orta	Ameliyat Hizmeti	67	
105263	13921	Treponema pallidum hemaqlutinasiya (TPHA) testi, serum	Laboratuar Hizmeti	67	2.4.394
103560	16135	Soyuq paket tətbiqi (coldpack)	Fizik Tedavi Hizmeti	67	
125526	52501	LIV FULL Check Up Kişi	CheckUp	67	
105705	10590	Rektoskopiya	Diğer Hizmet	67	2.1.450
129035	56045	Əl-bilək rentgenoqrafiyası, birtərəfli, sol	Radyoloji Hizmeti	67	2.1.87
117333	42814	Thaw transfer hizmeti	Diğer Hizmet	66	
103857	16920	İVF transfer iptal	Diğer Hizmet	65	
105403	13601	Endoserviks, küretaj və ya biopsiya, patoloji müayinə	Patoloji Hizmeti	65	2.4.562
116480	22807	Servikal çatışmazlıq əməliyyatları (MC donald schirodkar)	Ameliyat Hizmeti	64	2.6.932
126604	53581	Mesai dışı hizmet	Muayene Hizmeti	64	
100367	10272	Epidural kateter, servikal-torakal	Ameliyat Hizmeti	64	
105457	13703	Ağciyər, çiv (wedge) biopsiyası, patoloji müayinə	Patoloji Hizmeti	64	2.4.673
129095	56107	Ayağın rentgenoqrafiyası, üç tərəfli, sol	Radyoloji Hizmeti	64	2.1.159
105499	13745	Uşaqlıq, neoplastik (borular və yumurtalıqlarla və ya olmadan), patoloji müayinə	Patoloji Hizmeti	64	2.4.726
110011	35121	Kafeterya, kartof free	Diğer Hizmet	63	
130233	57299	Kök hüceyrə mütəxəssisi müayinəsi	Muayene Hizmeti	63	2.1.1
127607	54583	Smıle lazer, göz	Ameliyat Hizmeti	63	
104448	19315	Deksametazon supressiya testi	Laboratuar Hizmeti	63	
103879	10623	İntratekal terapiya, seansı	Diğer Hizmet	62	
112498	41195	Uretral bakteriya və ya sidik yolu ilə yoluxan xəstəliklər multipleks, PZR, HPV-siz	Laboratuar Hizmeti	62	
105778	11866	Fluoressent fundus angioqrafiyası (FFA), hər iki göz	Diğer Hizmet	62	2.1.355
104689	13210	Laktik dehidrogenaz (LDH), bioloji mayelər	Laboratuar Hizmeti	62	
116823	23066	Endoskopik retrograd xolangio-pankreatoqrafiya (ERCP)	Ameliyat Hizmeti	62	2.6.723
117655	45907	B natriuretik peptid (BNP)	Laboratuar Hizmeti	62	2.4.168
129053	56065	Akut Gastroenterit Paketi	Diğer Hizmet	62	
121879	49186	Zirkonium qapaq, hər bir üzv	Diş	61	
128280	55260	Şəxsi tibb bacısı xidməti, 8 saat	Diğer Hizmet	61	
106007	11263	Rəngli Doppler USM, portal vena	Radyoloji Hizmeti	61	2.1.240
109413	33682	Tibb Bacılığı Ziyarəti (Maks. 2 Saat), evdə	Diğer Hizmet	60	
128552	55548	Rəngli Doppler US, aşağı ətraf venoz, ikitərəfli	Radyoloji Hizmeti	60	2.1.236
111881	39308	Spirometry body, DLCO	Diğer Hizmet	60	2.1.385
105442	13681	Mioma, uşaqlıq istisna olmaqla, patoloji müayinə	Patoloji Hizmeti	60	2.4.638
105196	13878	Herpes simpleks (HSV) tip 1 IgG	Laboratuar Hizmeti	60	2.4.369
121240	48709	KT, paranazal sinus	Radyoloji Hizmeti	60	2.1.246
127028	54004	Koronar arteriyanın obstruksiyanın digər yollarla aradan qaldırılması, koronar angioplastika (dərman ifraz edən balon taxılması daxildir)	Ameliyat Hizmeti	60	2.6.444
106472	13808	Spinal beyni mayesi (OBM), sitopatoloji müayinə	Patoloji Hizmeti	59	2.4.909
116483	34079	Endometrial biopsiya, pipel korneal ilə	Ameliyat Hizmeti	59	
103887	15371	Terapevtik flebotomiya, seansı	Diğer Hizmet	59	
127919	54895	Nəmləndirilmiş yuksək axımlı oksigen (HFNC) ilə izlənən xəstənin təqibi, günlük	Diğer Hizmet	59	
110086	35109	Enteral qidalanma	Diğer Hizmet	59	
100146	10599	Dəridə 5 sm-dən az olan səthi/dərin kəsiklərin tikilməsi	Ameliyat Hizmeti	59	
129808	56855	Kalsiyum aktivasyonu	Diğer Hizmet	59	
106494	13609	Nazik bağırsaq, biopsiya, patoloji müayinə	Patoloji Hizmeti	59	2.4.582
105203	13886	Herpes simpleks (HSV) tip 2 IgG	Laboratuar Hizmeti	59	2.4.370
104652	15316	Metanefrin, sidik, 24 saatlıq	Laboratuar Hizmeti	58	2.4.823
116654	15340	Sünnət ,ümumi anesteziya	Ameliyat Hizmeti	58	2.6.897
109591	34368	Kafeterya tort dilim	Diğer Hizmet	58	
119031	47399	Sadə tibb bacılığı prosedurları, 1 saat, evdə	Diğer Hizmet	58	
116932	21286	Süd vəzi vəzisindən kista-xoşxassəli şişin çıxarılması	Ameliyat Hizmeti	58	
104094	11163	Döş qəfəsinin radioqrafiyası, bir proyeksiyalı	Radyoloji Hizmeti	58	2.1.54
106055	11302	KTA, ağciyər angioqrafiyası	Radyoloji Hizmeti	58	2.1.285
109214	14167	Tam farfor (keramika) qapaq, metal dəstəksiz	Diş	57	
109865	34759	Ön dişlərdə kompozit plomb, estetik	Diş	57	
105938	11215	Ezofaqus pasaj radioqrafiyası	Radyoloji Hizmeti	57	2.1.167
121308	48859	MRT, bud, sol, kontrastsız	Radyoloji Hizmeti	57	2.1.306
106465	35536	İİAB, laboratoriyadan kənar patoloqun xəstə yanında qiymətləndirməsi, sitopatoloji müayinə	Patoloji Hizmeti	57	2.4.539
109006	14084	Oynağın kompüter tomoqrafiyası, ikitərəfli	Diş	57	2.1.276
110936	20027	Lupus antikoaqulyant, Təsdiq testi ilə	Laboratuar Hizmeti	57	2.4.792
119066	47490	PRP, saç, seansı	Diğer Hizmet	56	
103481	15766	Bronxoalveolyar yuyulma (BAL)	Diğer Hizmet	56	2.1.394
129100	56112	Bilək rentgenoqrafiyası, üç tərəfli, sol	Radyoloji Hizmeti	56	2.1.85
128560	55556	Sınıf 1 Check Up Paneli No 106	CheckUp	56	
108396	32633	Normetanefrin	Laboratuar Hizmeti	55	2.4.827
105080	13928	Anti-endomizium IgG	Laboratuar Hizmeti	54	2.4.867
109822	34711	Nebulayzerin icarəsi, kompressorlu, dərman nebulizasiyası üçün	Diğer Hizmet	54	
104402	13943	Beta-2 mikroqlobulin	Laboratuar Hizmeti	54	2.4.61
105432	13662	Appendiks, təsadüfi (insdental) olmayan, patoloji müayinə	Patoloji Hizmeti	54	2.4.621
109412	33681	Tibb bacılığı xidməti, 12 saat, evdə	Diğer Hizmet	53	
116412	22759	Sistoskopiya	Ameliyat Hizmeti	53	2.6.838
100289	31651	Anesteziya, 3000-5000 ümumi məbləği olan əməliyyatlarda cərrahi bölmələr, A1 qrupu	Anestezi Hizmeti	53	
128599	55595	Uçuş Kılavuzları Check Up Paneli No 208	CheckUp	53	
125525	52500	LIV FULL Check Up Qadın	CheckUp	53	
129097	56109	Ayaq biləyinin rentgenoqrafiyası, üç tərəfli, sol	Radyoloji Hizmeti	53	
105471	13718	Sidik kisəsi, TUR, patoloji müayinə	Patoloji Hizmeti	52	2.4.714
104682	13204	Kreatinin, sidik, spot	Laboratuar Hizmeti	52	2.4.97
104864	13290	Vitamin E (tokoferol)	Laboratuar Hizmeti	52	2.4.767
103881	10628	Sümük iliyinin aspirasiyası	Müdahale Hizmeti	52	
110511	36027	İntravenoz immunoqlobulin terapiyası (IVIG)	Diğer Hizmet	52	
107771	19290	Kəskin Leykemiya Paneli, standart	Laboratuar Hizmeti	52	
116824	23067	Qastroskopik polipektomiya, kiçik	Ameliyat Hizmeti	52	
108507	20608	Autoimmün hepatit paneli (SLA)	Laboratuar Hizmeti	51	
106889	20567	FISH HER-2,c-erb-B2*	Laboratuar Hizmeti	51	
105264	13923	Varicella zoster IgG, ELISA	Laboratuar Hizmeti	51	2.4.396
104235	15653	Görüntüləmə altında biopsiya (qalın və ya incə iynə)	Radyoloji Hizmeti	51	
121016	48814	MRT, süd vəzi, ikitərəfli, kontrastlı	Radyoloji Hizmeti	51	2.1.320
104765	32087	Postprandial qan şəkəri (toxluq qan şəkəri )	Laboratuar Hizmeti	51	2.4.807
105710	14888	Kolonoskopiya (ileokoloskopiya)	Diğer Hizmet	50	2.1.452
122876	50074	Tibbi masaj	Fizik Tedavi Hizmeti	50	2.2.26
129059	56071	Dirsək rentgenoqrafiyası, ikitərəfli, sol	Radyoloji Hizmeti	49	2.1.74
104386	13175	Apolipoprotein A1 alt qrupları	Laboratuar Hizmeti	49	2.4.161
108896	14104	Kök kanalının müalicəsi, plomb istisna olmaqla, tək kanal	Diş	48	
104425	13949	CA-72-4, serum	Laboratuar Hizmeti	48	2.4.339
105094	13847	Anti-HBc IgM, Hepatit B (HBV) c səthi antigen anticismi, ELISA	Laboratuar Hizmeti	48	2.4.373
109140	14240	Subgingival küretaj, tək diş	Diş	48	
104713	13219	Mikroalbumin, sidik, spot	Laboratuar Hizmeti	47	2.4.45
109008	14083	Kompüter tomoqrafiyası, tək çənə	Diş	47	2.1.276
105187	13875	HBeAg, Hepatit B (HBV) e səthi antigeni, kemolüminesans və ya oxşar	Laboratuar Hizmeti	47	2.4.375
104583	32020	Dopamin səviyyəsinin təyini, HPLC üsulu ilə	Laboratuar Hizmeti	47	
121302	48771	MRT, ayaq, sol, kontrastsız	Radyoloji Hizmeti	47	2.1.305
105222	13912	Qızılca (measles) IgM	Laboratuar Hizmeti	47	
105137	13841	Anti-qlutamik turşu dekarboksilaza anticismi (Anti-GAD)	Laboratuar Hizmeti	47	2.4.893
105011	13504	Birbaşa vaginal axıntı mikroskopiyası	Laboratuar Hizmeti	46	
121331	48640	KT, yuxarı qarın, kontrastlı	Radyoloji Hizmeti	46	2.1.267
114049	45247	Yumşaq toxuma, sadə eksizya (qeyri-lipoma)	Patoloji Hizmeti	46	2.4.668
121300	48769	MRT, ayaq, sağ, kontrastsız	Radyoloji Hizmeti	46	2.1.305
112130	40296	Görüntüləmə altında biopsiya  (qalın və ya incə iynə), qaraciyər	Radyoloji Hizmeti	46	
109525	34299	Kafeterya Tost, ağ pendirli	Diğer Hizmet	45	
128534	55530	Kistektomiya, patoloji müayinə	Patoloji Hizmeti	45	2.4.587
104962	18234	Trombin vaxtı	Laboratuar Hizmeti	45	2.4.299
105998	11267	Rəngli Doppler USM, mamalıq, 12 həftə üstü, tək döl	Diğer Hizmet	45	2.1.203
107058	30750	Epidural anestezi farqi	Diğer Hizmet	45	
128516	55512	Kafeterya, peraşki	Diğer Hizmet	45	
110268	18858	Anti-kardiolipin anticismi (ACA) IgA	Laboratuar Hizmeti	44	
100225	11442	Kateterin Reviziyası və ya Dəyişdirilməsi	Ameliyat Hizmeti	44	
128514	55510	Kafeterya, sirab, qazsız cam şişe, 0,5 ml	Diğer Hizmet	44	
116625	22901	Histeroskopiya, diaqnostik	Ameliyat Hizmeti	44	2.1.571
121306	48857	MRT, bud, sağ, kontrastsız	Radyoloji Hizmeti	44	2.1.306
108614	30148	Elastik sarğı	Diğer Hizmet	44	2.1.481
129083	56095	Ayaq biləyinin rentgenoqrafiyası, üç tərəfli, sağ	Radyoloji Hizmeti	44	
128564	55560	Sınıf 1 Check Up Paneli No 108	CheckUp	44	
126219	53195	Papillomaların radiocərrahi götürülməsi, 5-ə qədər	Diğer Hizmet	44	
119736	47603	BRAF V600E Hədəf Mutasiya Analizi, ONKOLOGİYA	Laboratuar Hizmeti	44	
127609	54585	Preop Kardiologiya Paketi	CheckUp	44	
122954	50094	Diş çıxarılması, ağıl dişi, təsirli	Diş	44	
117099	35473	Qeysəriyyə (çox hamiləlik)	Ameliyat Hizmeti	43	2.6.982
106449	19067	Aspergillus qalaktomannan antigeni	Laboratuar Hizmeti	43	
110076	18177	MRT, kəllə venoqrafiyası	Radyoloji Hizmeti	43	2.1.288
110114	35325	USM ilə parasintez (Terapevtik)	Radyoloji Hizmeti	43	
106189	13289	Kalsitriol (1,25 dihidroksivitamin D3)	Laboratuar Hizmeti	43	2.4.769
115303	21884	Laparoskopik, appendektomiya	Ameliyat Hizmeti	43	2.6.675
105135	13341	Antitrombin 3	Laboratuar Hizmeti	43	
105086	13833	Anti-qliadin anticismi (AGA) IgA	Laboratuar Hizmeti	42	2.4.869
105175	19068	Epstein Barr (EBV) EBNA, IgM	Laboratuar Hizmeti	42	
104841	13271	Transferrin testi	Laboratuar Hizmeti	42	2.4.217
104979	14993	Aerobik boğaz kulturası	Laboratuar Hizmeti	42	
104861	14822	Vitamin A (retinol)	Laboratuar Hizmeti	42	2.4.762
119380	47902	Kompleks terapiya, (Nevroterapiya, Manual Terapiya, Tibbi Masaj, Qraston, Akupunktur, Quru iynələmə, Mobilizasiya, Həyat Keyfiyyətinin Tənzimlənməsi)	Fizik Tedavi Hizmeti	42	
129087	56099	Bilək rentgenoqrafiyası, üç tərəfli, sağ	Radyoloji Hizmeti	42	2.1.84
105287	13556	Herpes simplex (HSV) DNT tip 1-2, PZR üsulu ilə	Laboratuar Hizmeti	42	
112620	41712	Excimer lazer, no touch, iki göz	Ameliyat Hizmeti	42	
106459	13900	IgG4 testi	Laboratuar Hizmeti	42	
128555	55551	Sınıf 1 Check Up Paneli No 103	CheckUp	42	
111339	37953	MRD Paneli	Laboratuar Hizmeti	42	
130114	57173	Genital Pcr Paketi	CheckUp	42	
105195	18180	Helicobacter pilori IgG, ELISA	Laboratuar Hizmeti	42	2.4.479
105095	14984	Anti-HBe (ELISA)	Laboratuar Hizmeti	42	2.4.482
114777	21388	Koronar arteriya by-pass, autogen greft Safen və ya İMA və s., dörd və ya daha çox koronar greft	Ameliyat Hizmeti	42	2.6.448
109829	34717	İnfuziya pompasının icarəsi, idxal	Diğer Hizmet	41	
111465	38255	Kafeterya piroq	Diğer Hizmet	41	
104572	13413	Valproik turşu (dipropilasetik turşu) səviyyəsinin təyini, HPLC-dən başqa üsulla	Laboratuar Hizmeti	41	2.4.13
104501	13296	Oral qlükoza tolerantlıq testi (OGTT), 100 q, 3 saat	Laboratuar Hizmeti	41	2.4.126
105220	13911	Qızılca (measles) IgG	Laboratuar Hizmeti	41	
128533	55529	Süd vezi fibroadenoma, patoloji müayinə	Patoloji Hizmeti	41	2.4.654
104169	17520	Çanaq qrafiyası, iki proyeksiyalı	Radyoloji Hizmeti	40	
104039	15115	Tiroid incə iynə aspirasiya biopsiyası, görüntülənmə ilə	Ameliyat Hizmeti	40	2.1.541
106069	11297	KT, boyun, kontrastsız	Radyoloji Hizmeti	40	2.1.250
110510	18362	MRT, bud-çanaq, ikitərəfli, kontrastsız	Radyoloji Hizmeti	40	2.1.304
101800	10917	Dirsəkdən aşağı, ön kol gipsi	Ameliyat Hizmeti	40	2.1.486
106062	11311	KT, alt abdomen, pelvis, kontrastsız	Radyoloji Hizmeti	40	2.1.270
125523	52498	LIV KLASİK - Qadın	CheckUp	40	
110872	36685	Kafeterya, meyvə tabağı, böyük	Diğer Hizmet	40	
126220	53196	Papillomaların radiocərrahi götürülməsi, 10-a qədər	Diğer Hizmet	40	
100316	10234	Faset oynağına ağrıkəsici inyeksiya, lumbar	Ameliyat Hizmeti	40	
105066	13273	VDRL, serum, kəmiyyət	Laboratuar Hizmeti	40	
100084	10415	Abses/hematoma dəri vasitəsilə və dərialtı, səthi drenaj	Ameliyat Hizmeti	40	2.1.512
116585	34112	Sitoreduktiv cərrahiyyə (Debulking əməliyyatı), omentektomiya və limfadenektomiya	Ameliyat Hizmeti	40	
105087	13836	Anti-qliadin anticismi IgG	Laboratuar Hizmeti	39	2.4.870
116651	22911	Fimozun açılması	Ameliyat Hizmeti	39	
104232	14905	Sümük densitometriyası, bütün bədən və ya birdən çox bölgə araşdırması	Radyoloji Hizmeti	39	2.1.163
104802	13381	Kortizol, sərbəst, sidik, 24 saatlıq	Laboratuar Hizmeti	39	2.4.92
104810	17414	Amiloid A, serumda	Laboratuar Hizmeti	39	2.4.798
104179	11141	Lumbo-sakral radioqrafiya, iki proyeksiyalı	Radyoloji Hizmeti	39	2.1.101
107179	30515	Dəri prick testi, 20 ədəd	Diğer Hizmet	39	
109528	34302	Kafeterya Tost, karışık	Diğer Hizmet	39	
124338	51306	Deri/areola/deri qoruyan mastektomiya	Ameliyat Hizmeti	39	
110917	36776	Retroqrad intrarenal  cərrahiyyə (RİRS)	Ameliyat Hizmeti	38	2.6.825
119777	47369	48 saatlıq Holter EKQ testi- Kabelli	Diğer Hizmet	38	2.1.442
106118	11347	MRT, boyun, kontrastsız	Radyoloji Hizmeti	38	2.1.296
106387	20611	Limfosit alt qruplarının analizi	Laboratuar Hizmeti	38	2.4.781
109574	34350	Kafeterya Sezar salatı	Diğer Hizmet	38	
126217	53193	Ziyil maulicəsi, maye azotla, 10-dan çox	Diğer Hizmet	38	
103775	11878	Göz ultrasəs və biometriyası	Diğer Hizmet	38	2.1.328
122686	49877	Doğuşa nəzarət üçün qolda implant - implantın çıxarılması	Müdahale Hizmeti	38	
108476	20289	EMQ, mononevropatiya	Diğer Hizmet	38	2.1.479
105266	13924	Varicella zoster IgM, ELISA	Laboratuar Hizmeti	38	2.4.396
106427	17615	Anaerob yara kulturası	Laboratuar Hizmeti	37	2.4.429
103583	10476	Parafin vannası	Fizik Tedavi Hizmeti	37	2.2.19
105078	13854	Anti-düz əzələ anticismi (ASMA)	Laboratuar Hizmeti	37	2.4.875
100366	10274	Epidural kateter, lumbar-kaudal	Ameliyat Hizmeti	37	
121288	48793	MRT, əl biləyi, sol, kontrastsız	Radyoloji Hizmeti	37	2.1.301
105194	17412	Helicobacter pilori IgA, ELISA	Laboratuar Hizmeti	37	2.4.365
106126	11373	MRT, əl biləyi, sağ, kontrastsız	Radyoloji Hizmeti	37	2.1.301
106620	32395	Digər immunohistokimyəvi müayinə qrupu 3 anticisim	Patoloji Hizmeti	37	
119726	47618	FMF- MEFV Tam Gen Ardıcıllığı Analizi	Laboratuar Hizmeti	37	
104820	13242	Natrium, sidik, spot	Laboratuar Hizmeti	37	2.4.202
116499	22819	Terapevtik küretaj	Ameliyat Hizmeti	36	
105020	13498	Nəcisdə sellofan bantla parazit aşkarlanması	Laboratuar Hizmeti	36	
110368	35752	Borrelia burgdorferi IgM, ASI	Laboratuar Hizmeti	36	
104729	13948	Neyron spesifik enolaza (NSE - ENO2 - Enolaza 2)	Laboratuar Hizmeti	36	2.4.804
105280	17218	HCV-RNT	Laboratuar Hizmeti	36	2.4.508
106414	14876	Zülal C fəaliyyəti	Laboratuar Hizmeti	36	2.4.275
104256	11450	Perkutan biliar drenaj	Radyoloji Hizmeti	36	
106103	4867	KT, lumbar vertebra, kontrastsız	Radyoloji Hizmeti	36	2.1.284
104495	13186	Qlükoza 6-fosfat dehidrogenaz	Laboratuar Hizmeti	36	2.4.133
119146	47566	Uşaq ürək və damar cərrahiyyəsi müayinəsi	Muayene Hizmeti	36	2.1.1
113056	42841	Diş çıxarılması, ağıl dişi	Diş	36	
110367	35751	Borrelia burgdorferi IgG, ASI	Laboratuar Hizmeti	36	
108344	16966	Dördlü skrininq testi	Laboratuar Hizmeti	35	
107195	32407	Qlükometrdən istifadə və qan qlükoza monitorinqi təlimi	Diğer Hizmet	35	
104638	19857	Kappa yüngül zəncirləri, sərbəst, serumda	Laboratuar Hizmeti	35	
121171	48653	KT, beyin, kontrastlı	Radyoloji Hizmeti	35	2.1.261
105464	13711	Sümük, biopsiya və ya küretaj materialı, patoloji müayinə	Patoloji Hizmeti	35	2.4.720
107041	15512	Trombofiliya paneli*	Laboratuar Hizmeti	35	
105241	13936	Parvovirus IgM, ELISA	Laboratuar Hizmeti	35	2.4.383
104437	13167	Sink, AAS ilə, sidik	Laboratuar Hizmeti	35	2.4.835
104973	15723	Von Willebrand faktor antigeni (faktor 8 ilə əlaqəli antigen) testi	Laboratuar Hizmeti	34	2.4.262
121358	48853	MRT, döş qəfəsi, kontrastlı	Radyoloji Hizmeti	34	2.1.320
100172	10268	Spinal punksiyası	Diğer Hizmet	34	2.6.52
112055	17643	Yara sarğı, orta	Müdahale Hizmeti	34	2.1.507
106088	15752	KT, gicgah sümüyü	Radyoloji Hizmeti	34	2.1.249
121564	48910	İki həftəlik menyu (ayda 2 menyu)	Diğer Hizmet	34	
114704	21323	Laparotomiya, diaqnostik	Ameliyat Hizmeti	34	2.6.780
109377	33581	MRT, enteroqrafiya	Radyoloji Hizmeti	34	2.1.320
129029	56038	Dirsək rentgenoqrafiyası, ikitərəfli, sağ	Radyoloji Hizmeti	34	2.1.73
127904	54880	LIV Yurtdışı Klassik Kişi Check Up Paketi	CheckUp	34	
106244	17557	S100 proteini	Laboratuar Hizmeti	34	
104692	17011	Serumda Lambda yüngül zənciri	Laboratuar Hizmeti	34	
122797	49978	Tomoqrafiya (bölğə)	Diş	34	
106185	11355	MRT, yuxarı qarın, kontrastsız	Radyoloji Hizmeti	34	2.1.315
129024	56033	Çiyin rentgenoqrafiyası, ikitərəfli, sol	Radyoloji Hizmeti	34	2.1.62
109644	34439	Kafeterya, qazlı su 0,5 ml	Diğer Hizmet	34	
125311	52286	Neftchi PFC LLC Sporcu Paketi (A Takım)	CheckUp	33	
125522	52497	Onkoloji Check Up Qadın	CheckUp	33	
106540	13690	Uşaqlıq boynu, biopsiya, patoloji müayinə	Patoloji Hizmeti	33	2.4.651
105174	13897	Epstein Barr (EBV) EBNA, IgG	Laboratuar Hizmeti	33	2.4.362
110108	35319	Sümük yaşının təyini, radiologiya	Radyoloji Hizmeti	33	
109974	34930	Hemodiafiltrasiya və ya hemofiltrasiya müalicəsi, günlük	Diğer Hizmet	33	
106424	15722	Von Willebrand faktor aktivliyi testi, ristosetin kofaktor	Laboratuar Hizmeti	33	2.4.261
100191	10581	Total parenteral qidalanma (TPQ) tətbiqi, gündəlik, böyüklər	Diğer Hizmet	33	
108511	18709	Eyni nümunə üzrə əlavə müayinə (histopatoloji müayinələr)	Patoloji Hizmeti	32	
121332	48655	KT, böyrək, ikitərəfli, kontrastlı	Radyoloji Hizmeti	32	2.1.265
119307	47348	DNT ardıcıllığının analizi 21 və  daha çox reaksiya, altı pilləli	Laboratuar Hizmeti	32	
105707	10557	Rektoskopiya və/və ya siqmoidoskopiya və biopsiya	Ameliyat Hizmeti	32	2.1.450
129830	56878	Fiber splint tədbiqi	Diş	32	
129072	56084	Çiyin rentgenoqrafiyası, birtərəfli, sağ	Radyoloji Hizmeti	32	2.1.59
105463	13710	Qaraciyər, qismən rezeksiya, patoloji müayinə	Patoloji Hizmeti	32	2.4.691
105367	19877	Nəcisdə norovirus antigeni	Laboratuar Hizmeti	32	
110139	35350	Plevral Maye Kulturası, aerob	Laboratuar Hizmeti	32	
108240	19635	Şəxsi tibb bacısı xidməti, saatlıq	Diğer Hizmet	31	
108635	19029	PGT FISH	Laboratuar Hizmeti	31	
119731	47608	KRAS Hədəf Mutasiya Analizi (KODON 12, 13, 61, 11 MUT KOLON CA	Laboratuar Hizmeti	31	
116757	23003	Sağ və sol boşluqlarının müştərək kateterizasiyası	Ameliyat Hizmeti	31	2.5.31
109444	34214	Üz Mezoterapiyası (Qismən), 1 seans	Diğer Hizmet	31	
129023	56032	Çiyin rentgenoqrafiyası, birtərəfli, sol	Radyoloji Hizmeti	31	2.1.60
103964	15193	Təzə dondurulmuş plazma transfuziyası	Diğer Hizmet	31	2.1.525
128281	55261	Şəxsi tibb bacısı xidməti, 12 saat	Diğer Hizmet	31	
105913	11217	Ezofaqus radioqrafiyası və ikiqat kontrastlı mədə müayinəsi	Radyoloji Hizmeti	31	2.1.182
108454	30149	Vitamin H (biotin)	Laboratuar Hizmeti	31	2.4.927
115961	22371	Glial şişin kəsilməsi	Ameliyat Hizmeti	31	2.6.35
108598	17437	Portun yuyuması	Diğer Hizmet	31	
116311	22675	Nefrektomiya, parsiyal	Ameliyat Hizmeti	31	2.6.815
122878	50059	Tibbi masaj, 30 dəq	Fizik Tedavi Hizmeti	31	2.2.27
105494	13740	Mədə, şiş üçün subtotal və ya total rezeksiya, patoloji müayinə	Patoloji Hizmeti	31	2.4.701
108452	18875	Vitamin B2 (riboflavin)	Laboratuar Hizmeti	31	2.4.764
125636	52611	Hemodializ (0-2 saat)-DEVİCE 4008S	Diğer Hizmet	31	
120917	36012	LIV Bona Dea Obezite Pre-Op Paketi (Kişi)	CheckUp	31	
111030	37051	Omentum rezeksiyası, patoloji müayinə	Patoloji Hizmeti	30	2.4.639
124693	51666	Estetik rinoplastika + septoplastika (septorinoplasti)	Ameliyat Hizmeti	30	
108983	30359	Kompozit bifasial doldurucu (PEDO)	Diş	30	
127782	54758	Paşa Sigorta Standart Extra Check Up Paneli (Kişi)	CheckUp	30	
130265	57331	Yuxu və provokasiya EEQ-si	Diğer Hizmet	30	2.1.476
127908	54884	LIV Yurtdışı Online Plus Kişi Check Up Paketi	CheckUp	30	
116526	34093	Yüksək sistosel təmiri	Ameliyat Hizmeti	30	
119733	47604	JAK2 V617F Hədəf Mutasiya Analizi	Laboratuar Hizmeti	30	
120988	48537	Laparoskopik parsiyal  nefrektomiya	Ameliyat Hizmeti	30	2.6.811
119730	47607	EGFR Hədəf Mutasiya Analizi, 29 MUT	Laboratuar Hizmeti	30	
110138	35349	Plevral Maye Kulturası, anaerob	Laboratuar Hizmeti	30	
115350	21919	Perianal fistulotomiya və ya fistulektomiya	Ameliyat Hizmeti	30	2.6.697
114652	33863	Makromastiyanın korreksiyası	Ameliyat Hizmeti	30	
105009	13517	Boyalı mikroskopik müayinə, GRAM	Laboratuar Hizmeti	30	
110961	36862	Meningit Multipleks, PCR	Laboratuar Hizmeti	30	
121354	48806	MRT, xolangiopankreatoqrafiya, kontrastlı	Radyoloji Hizmeti	30	
121357	48838	MRT, prostat, kontrastlı	Radyoloji Hizmeti	30	2.1.320
106957	20529	Xromosom analizi, periferik qan*	Laboratuar Hizmeti	30	
104636	13163	Amin turşusu profili, kəmiyyət, serum	Laboratuar Hizmeti	30	
129002	56010	Bud sümüyünün rentgenoqrafiyası, ikitərəfli, sol	Radyoloji Hizmeti	30	2.1.129
108146	12015	Qeysəriyyə əməliyyatı + miomektomiya	Ameliyat Hizmeti	30	
121067	48837	MRT, prostat, dinamik kontrastlı	Radyoloji Hizmeti	30	2.1.320
108306	20133	Aerob bədən-oynaq mayeləri kulturası, izolyasiya	Laboratuar Hizmeti	29	2.4.428
105032	32187	Kultura, aerob, qan, izolyasiya, manual	Laboratuar Hizmeti	29	
116819	23063	Varikoz xarici alt /vəya üst QİS qanaxmalarında endoskopik müalicələr (heat probe, inyeksiya müalicəsi, klip tətbiqi, arqon plazma koaqulyasiyası, lent tətbiqi və s.)	Müdahale Hizmeti	29	
104590	32026	Karbamazepin (carbamazepine) səviyyəsinin təyini, HPLC üsulu ilə	Laboratuar Hizmeti	29	2.4.10
106101	4865	KT, boyun fəqərələri, kontrastsız	Radyoloji Hizmeti	29	2.1.284
104884	17039	Eritropoetin	Laboratuar Hizmeti	29	2.4.107
104271	10388	Toraks borusunun daxil edilməsi (sinə borusu ilə sualtı drenaj)	Ameliyat Hizmeti	29	
106016	11273	Rəngli Doppler USM, yuxarı ətraf arteriyaiyaları, birtərəfli	Radyoloji Hizmeti	29	2.1.239
129071	56083	Çiyin rentgenoqrafiyası, ikitərəfli, sağ	Radyoloji Hizmeti	28	2.1.61
107722	20657	Yara baxımı, böyük, evdə	Diğer Hizmet	28	
110285	31355	Doğuş sonrası postnatal baxım	Diğer Hizmet	28	
117783	46003	Xolesterol (Bədən mayeləri)	Laboratuar Hizmeti	28	2.4.87
104304	4862	USM, əməliyyatdaxili	Radyoloji Hizmeti	28	2.1.227
116197	22573	Trabekulektomiya	Ameliyat Hizmeti	28	2.6.185
111060	37098	Kimya Terapiyasi, 5 Günlük Seans	Diğer Hizmet	28	
121280	48781	MRT, dirsək, sağ, kontrastsız	Radyoloji Hizmeti	28	2.1.300
121282	48783	MRT, dirsək, sol, kontrastsız	Radyoloji Hizmeti	28	2.1.300
111139	37312	NRAS mutasiya analizi*	Laboratuar Hizmeti	28	
111812	39047	Şəxsi köməkçi tibbi personal xidməti, 12 saat	Diğer Hizmet	28	
104123	11174	Klavikula radioqrafiyasl, bir proyeksiyalı	Radyoloji Hizmeti	28	2.1.52
105117	14912	Anti-parietal hüceyrə anticismi (APCA)	Laboratuar Hizmeti	28	2.4.885
107378	17350	Botoks tətbiqi, bütün üz, gəncləşdirmə	Diğer Hizmet	28	
106178	11336	MRT, perfuziya	Radyoloji Hizmeti	28	2.1.320
105006	13523	Boyalı mikroskopik müayinə, EZN, sidik	Laboratuar Hizmeti	27	
106131	11378	MRT, baldır,  sağ,  kontrastsız	Radyoloji Hizmeti	27	2.1.307
109458	34228	Fraksional lazerlə sızanaq çapıqları, üz nahiyəsi, orta	Diğer Hizmet	27	
104898	14870	Faktor 8 (antihemofilik faktor - AHF) aktivliyi	Laboratuar Hizmeti	27	2.4.259
106525	13659	Yumşaq toxuma, debridman, patoloji müayinə	Patoloji Hizmeti	27	2.4.619
127496	54473	Süd Vezi Bening Patoloji Paketi	CheckUp	27	
111992	39722	USM, Endosonoqrafiya mədə, EUS	Diğer Hizmet	27	2.1.227
116467	22801	Amniosentez	Ameliyat Hizmeti	27	2.6.983
128282	55262	Şəxsi tibb bacısı xidməti, 24 saat	Diğer Hizmet	27	
129809	56856	EEQ monitorinqi, yarım saat	Diğer Hizmet	27	2.1.477
104848	13260	Troponin T testi	Laboratuar Hizmeti	27	2.4.222
128439	55434	Kolorektal kanser paneli, bioassay	Laboratuar Hizmeti	27	
105482	13730	Ağciyər, total, lob və ya seqment rezeksiyası, patoloji müayinə	Patoloji Hizmeti	26	2.4.672
119069	47493	PRP, üz, seans (P)	Diğer Hizmet	26	
103858	4805	Spermanın dondurulması, ilk yıl saxlanması	Diğer Hizmet	26	
109642	34437	Kafeterya sarıkız meyve çeşitleri	Diğer Hizmet	26	
104376	17406	Amilaz (Bioloji maye)	Laboratuar Hizmeti	26	2.4.55
128442	55437	Akciğer (lung) plus kanser paneli, bioassay	Laboratuar Hizmeti	26	
105110	14887	Anti-mitoxondrial anticisim (AMA)	Laboratuar Hizmeti	26	
127341	54317	Fotona lazerlə xoşxassəli dəri törəməsinini alınması, 5mm qədər	Diğer Hizmet	26	
126709	53685	Qaraciyər volumetriya	Diğer Hizmet	25	2.1.264
109521	34295	Kafeterya Bulka çeşitleri	Diğer Hizmet	25	
116317	22681	Perkutan nefrolitotomiya (PCNL)	Ameliyat Hizmeti	25	2.6.805
111035	37056	Dəri, eksizyonel biopsiya 3 və ya daha çox lezyon, patoloji müayinə	Patoloji Hizmeti	25	2.4.679
100124	10747	Elektrokardioqramma (12 derivasiyalı, şərh + hesabat)	Diğer Hizmet	25	2.1.439
106238	13287	Organik turşular, serumda və ya spot idrarda	Laboratuar Hizmeti	25	
105070	14985	Anti-asetilxolin reseptor anticismi (AChR)	Laboratuar Hizmeti	25	
116562	15480	Miyomektomiya, tək	Ameliyat Hizmeti	25	2.6.938
109937	34852	Kafeterya Ağ pendir	Diğer Hizmet	25	
116155	22536	Fotoretraktiv keratoplastika, PRK əməliyyatı, eksimer lazerlə, qoşa göz	Ameliyat Hizmeti	25	
121170	48710	KT, alt abdomen, pelvis, kontrastlı	Radyoloji Hizmeti	25	2.1.268
109159	14177	Düşmüş tac və körpünün sementlənməsi, hər sabit üzvə	Diş	25	
106076	18578	KT, kalsium qiymətləndirmə	Radyoloji Hizmeti	25	2.1.280
107712	20662	Qanda şəkərin ölçülməsi, qlükometr ilə, evdə	Diğer Hizmet	25	2.4.134
104172	11134	Servikal radioqrafiya, iki proyeksiyalı	Radyoloji Hizmeti	25	2.1.32
108066	19353	Venöz portun taxılması	Ameliyat Hizmeti	25	
110721	36379	Qan alma və/və ya nümunəgötürmə	Diğer Hizmet	25	1.1.20
106084	11290	KT, paranazal sinus, aksial	Radyoloji Hizmeti	24	2.1.282
104620	18879	Yod, serum	Laboratuar Hizmeti	24	
101776	30393	Lazer hemoroidektomiya (LHP)	Ameliyat Hizmeti	24	
116733	22982	Mikroskopik varikoselektomiya,birtərəfli	Ameliyat Hizmeti	24	2.6.890
109520	34294	Kafeterya Poqaca çeşidleri	Diğer Hizmet	24	
121827	49133	Mezoterapiya, göz	Diğer Hizmet	24	
100114	10588	Dəri və ya subkutan biopsiyası, səthi	Ameliyat Hizmeti	24	2.1.513
129064	56076	Bud sümüyünün rentgenoqrafiyası, ikitərəfli, sağ	Radyoloji Hizmeti	24	2.1.128
111873	39293	Anti-MOG	Laboratuar Hizmeti	24	2.4.892
105017	32180	Cryptosporidium antigeni	Laboratuar Hizmeti	24	
106057	15754	KTA, döş qəfəsinin angioqrafiyası	Radyoloji Hizmeti	24	2.1.285
122879	50060	Tibbi masaj, 60 dəq	Fizik Tedavi Hizmeti	24	2.2.27
106049	11330	KTA, ətrafların angioqrafiyası	Radyoloji Hizmeti	24	2.1.285
104999	13516	Boyalı mikroskopik müayinə, ARB	Laboratuar Hizmeti	23	
104778	13254	Zülal, total, bioloji maye	Laboratuar Hizmeti	23	2.4.194
116859	37136	Perkutan ablasiya müalicəsi	Ameliyat Hizmeti	23	
109212	14133	Qapaq hizməti	Diş	23	
105004	13520	Boyalı mikroskopik müayinə, EZN, BOS	Laboratuar Hizmeti	23	
129187	56199	Fizyoterapist seansı, 0-2 saatlik, mesai dışı	Diğer Hizmet	23	
106929	20539	HLA B51 PZR*	Laboratuar Hizmeti	23	
130500	57571	Media-Tur Hediye Check Up Paneli (40 Yaş Altı)	CheckUp	23	
106091	11310	KT, uroqrafiya, kontrastlı gec faza	Radyoloji Hizmeti	23	2.1.284
105230	13852	Anti-qaraciyər böyrək mikrozomal anticismi(anti LKM), IFA	Laboratuar Hizmeti	23	
105162	13861	Chlamydia trachomatis IgG, ELISA	Laboratuar Hizmeti	23	2.4.471
114786	21397	Koronar arteriya by-pass, autogen greft safen və ya İMA və s., üç koronar greft, kardiopulmoner by-pass ilə	Ameliyat Hizmeti	23	2.6.447
108516	32657	Ailə və evlilik terapiyası	Diğer Hizmet	23	
128586	55582	Sınıf 3 Check Up Paneli No 308	CheckUp	23	
107723	20655	Yara baxımı, kiçik, evdə	Diğer Hizmet	23	
100023	15599	Təcili konsultasiya	Konsültasyon Hizmeti	23	2.1.3
106958	16001	Labioplastika	Ameliyat Hizmeti	23	
121283	48784	MRT, diz, sağ, kontrastlı	Radyoloji Hizmeti	23	2.1.308
104412	16721	Biotinidaz aktivliyi, kəmiyyət	Laboratuar Hizmeti	23	2.4.65
105007	13525	Boyalı mikroskopik müayinə, EZN, plevral maye	Laboratuar Hizmeti	23	
126365	53341	Yumurta donörlüğü (IVF donor, qadın)	Ameliyat Hizmeti	22	
106418	15026	Zülal S-100 antigeni	Laboratuar Hizmeti	22	2.4.277
108862	15534	Diş implantı növü 3	Diş	22	
114778	21389	Koronar arteriya by-pass, autogen greft Safen və ya İMA və s., iki koronar greft	Ameliyat Hizmeti	22	2.6.446
128916	55934	Qaraciyər Sağlamlığı Check Up Paketi	CheckUp	22	
110663	19999	Paraneoplastik panel	Laboratuar Hizmeti	22	
100242	16417	Endotraxeal intubasiya, yeni doğulmuş	Diğer Hizmet	22	
121274	48808	MRT, baldır, sol, kontrastlı	Radyoloji Hizmeti	22	2.1.307
107151	14856	II. Assistent ilə 900 və yuxarı	2. Asistan	22	
106415	14877	Zülal C antigen testi	Laboratuar Hizmeti	22	2.4.274
104493	13304	Qlükoza, digər bədən mayelərində	Laboratuar Hizmeti	22	2.4.125
100181	10408	Dərman idarəsi və bir nebulizer ilə oksigen	Diğer Hizmet	22	2.2.1
115307	21886	Kolektomiya, subtotal	Ameliyat Hizmeti	22	
116944	21291	Qasıq yırtığının təmiri, birtərəfli, greft təmiri	Ameliyat Hizmeti	22	2.6.754
116396	22745	Sidik kisəsi şişinin transuretral rezeksiyası (TURB),3cmdan kiçik	Ameliyat Hizmeti	22	2.6.848
121310	48788	MRT, əl, sağ, kontrastsız	Radyoloji Hizmeti	22	2.1.309
106096	11308	KT, yuxarı qarın, kontrastsız	Radyoloji Hizmeti	22	2.1.267
106546	13705	Beyin, biopsiya, patoloji müayinə	Patoloji Hizmeti	22	2.4.676
110526	36044	Anesteziya 0-2 saat, diş	Diş	21	
129036	56044	Əl-bilək rentgenoqrafiyası, ikitərəfli, müqayisəli	Radyoloji Hizmeti	21	2.1.88
122801	49982	Kanal Perforasiyasının Təmiri (MTA və s.)	Diş	21	
104308	10693	Histerosonoqrafiya (sonohisteroqrafiya, salin infuziya sonoqrafiyası)	Diğer Hizmet	21	
130498	57569	Nəbz oksimetriyası ilə oksigen saturasiyasının təqibi, gündəlik evde	Diğer Hizmet	21	
127907	54883	LIV Yurtdışı Online Plus Qadın Check Up Paketi	CheckUp	21	
111885	39345	KT, maksillofasial, 3D	Radyoloji Hizmeti	21	
104440	20855	Dehidroepiandrosteron (DHEA)	Laboratuar Hizmeti	21	2.4.104
114175	45544	SLA/ LP (Soluble Liver Antigen / Liver Panc. Antigen)	Laboratuar Hizmeti	21	
106537	13678	Limfa düyünü, biopsiya, patoloji müayinə	Patoloji Hizmeti	21	2.4.695
106955	20530	Xromosom analizi, sümük iliyi*	Laboratuar Hizmeti	21	
110685	16600	Dietoloq müayinəsi paketi, 1 aylıq	Muayene Hizmeti	21	
109264	32706	Nefrostomiya/pielostomiya (perkutan)	Ameliyat Hizmeti	21	2.6.820
128582	55578	Sınıf 3 Check Up Paneli No 306	CheckUp	21	
129082	56094	Tibia və fibulanın ikitərəfli rentgenoqrafiyası, kruris bölgəsi, sol	Radyoloji Hizmeti	21	2.1.145
109519	34293	Kafeterya peraşki	Diğer Hizmet	21	
105239	13935	Parvovirus IgG, ELISA	Laboratuar Hizmeti	20	2.4.383
121360	48867	MRT, üz, kontrast	Radyoloji Hizmeti	20	2.1.291
107320	20934	Otaq bəzəyi, İron	Diğer Hizmet	20	
123553	50582	I. Assistent (0-149)	1. Asistan	20	
105001	13519	Boyalı mikroskopik müayinə, EZN, bal	Laboratuar Hizmeti	20	
115393	21945	Böyük sümük qırıqlarının açıq reduksiyası və damar sinirinin tədqiqi	Ameliyat Hizmeti	20	
104708	13291	Metilmalon turşusu, serum	Laboratuar Hizmeti	20	
116561	22857	Miyomektomiya, çoxsaylı	Ameliyat Hizmeti	20	2.6.938
105304	13567	Parvovirus B19 DNT, PZR üsulu ilə	Laboratuar Hizmeti	20	
121299	48768	MRT, ayaq, sağ, kontrastlı	Radyoloji Hizmeti	20	2.1.305
101709	20687	Nazik bağırsaq, şiş üçün rezeksiya, patoloji müayinə	Patoloji Hizmeti	20	2.4.705
113281	43335	Zirkon qapaq	Diş	20	
100148	10597	5 sm-dən az nahiyədə dəri yaralarının bərpası	Ameliyat Hizmeti	20	
106867	31660	EML4/ALK*	Laboratuar Hizmeti	20	
127788	54764	Paşa Sigorta Premium Check Up Paneli (Kişi)	CheckUp	20	
105496	13742	Pankreas, total və ya subtotal rezeksiya, patoloji müayinə	Patoloji Hizmeti	20	2.4.702
115527	22041	Tenoliz, ortopediya və travmatologiya	Ameliyat Hizmeti	20	
108732	19657	Anti-Musk anticismi	Laboratuar Hizmeti	20	2.4.868
130242	57308	Mezenximal kök hüceyrələrin intratekal tətbiqi	Diğer Hizmet	20	
109361	14836	Anesteziya, 100-149 ümumi məbləği olan əməliyyatlarda cərrahi bölmələr, E qrupu	Anestezi Hizmeti	20	
108807	14196	Qanama müdaxiləsi, tikişli	Diş	20	
105217	13906	Qulaqdibi (mumps), IgG	Laboratuar Hizmeti	20	2.4.381
106110	11300	KT, yüksək görüntü imkanına malik  (HRCT - high resolution CT)	Radyoloji Hizmeti	20	2.1.252
121275	48809	MRT, baldır, sol,  kontrastsız	Radyoloji Hizmeti	20	2.1.307
104863	13313	Vitamin C (askorbin turşusu)	Laboratuar Hizmeti	19	
129081	56093	Tibia və fibulanın iki tərəfli rentgenoqrafiyası, cruris bölgəsi, sağ	Radyoloji Hizmeti	19	2.1.144
104295	31939	USM, Endosonoqrafiya	Diğer Hizmet	19	2.1.227
102620	11784	Qapaqda kista və xalazion əməliyyatı	Ameliyat Hizmeti	19	2.6.115
122961	50105	Fotona lazerlə göbələk müalicəsi, tam	Diğer Hizmet	19	
109457	34227	Fraksional lazerlə sızanaq çapıqları, üz nahiyəsi, kiçik	Diğer Hizmet	19	
115656	22116	Ön çarpaz bağların artroskopik rekonstruksiyası, diz	Ameliyat Hizmeti	19	2.6.1189
121333	48656	KT, böyrək, ikitərəfli, kontrastlı gec faza	Radyoloji Hizmeti	19	2.1.265
110873	36686	Kafeterya Qurabiyə boşqabı	Diğer Hizmet	19	
116589	22875	Laparoskopik, total histerektomiya	Ameliyat Hizmeti	19	2.6.941
105987	17512	Rəngli Doppler USM, Qarın	Radyoloji Hizmeti	19	2.1.233
105051	13495	Mikobakteriya kulturası, avtomatik sistem, digər bioloji mayelər	Laboratuar Hizmeti	19	
109082	30244	Zirkon abatment	Diş	19	
106489	36085	Dəri, kist və ya uzantısının debridmanı və ya plastik təmiri, patoloji müayinə	Patoloji Hizmeti	19	2.4.557
121312	48790	MRT, əl, sol, kontrastsız	Radyoloji Hizmeti	19	2.1.309
128626	55622	Uşaq Müayinə Check Up Paketi	CheckUp	19	
108988	14124	Kompozit laminat örtük	Diş	19	
116529	22837	Tibbi evakuasiya, 10 həftə və ya daha çox	Ameliyat Hizmeti	19	2.6.952
116397	22746	Sidik kisəsi şişinin transuretral rezeksiyası (TURB),3 cmdan böyük	Ameliyat Hizmeti	19	
108666	14034	Qlobulin	Laboratuar Hizmeti	19	2.4.806
105169	13839	Hepatit D (HDV) anti-delta anticismi	Laboratuar Hizmeti	19	2.4.367
105441	13680	Süd vəzi, reduksion mammoplastika, patoloji müayinə	Patoloji Hizmeti	19	2.4.653
116512	22826	Konizasiya əməliyyatı	Ameliyat Hizmeti	18	2.6.927
101138	12487	VSD bağlanması, yamaq ilə	Ameliyat Hizmeti	18	2.6.427
128571	55567	Sınıf 1 Check Up Paneli No 111	CheckUp	18	
129069	56081	Omba rentgenoqrafiyası, ikitərəfli, sağ	Radyoloji Hizmeti	18	2.1.112
103918	15380	Sümük iliyinin dondurulması	Diğer Hizmet	18	
115663	22123	Artroskopik rotator manjetin debridmanı, çiyin	Ameliyat Hizmeti	18	2.6.1255
130276	57342	Mezenximal kök hüceyrələrin venadaxili tətbiqi, pediatrik	Diğer Hizmet	18	
103897	15377	Aferez, Kök hüceyrə toplanması (1 seans)	Müdahale Hizmeti	18	
116494	22817	Utero-servikal polipin kəsilməsi	Ameliyat Hizmeti	18	2.1.465
125517	52492	Liv Bona Dea Shape Dərin Ürək Diaqnoz Proqramı	CheckUp	18	
104893	18735	Faktor 13 (fibrin stabilləşdirici faktor) aktivliyi	Laboratuar Hizmeti	18	2.4.268
115664	22124	Artroskopik rotator manşet təmiri, o cümlədən çiyin, debridman	Ameliyat Hizmeti	18	2.6.1255
104734	13285	Oliqoklonal bant testi (immunoqlobulin bant elektroforezi), serumda	Laboratuar Hizmeti	18	
114830	21441	Patent duktus arteriyaiosus (PDA) ligasyonu	Ameliyat Hizmeti	18	2.6.533
125507	52482	Qarabağ Futbol Klubu (Alt Yapı)	CheckUp	18	
105219	13907	Qulaqdibi (mumps), IgM	Laboratuar Hizmeti	18	2.4.381
111805	38999	Airflow ilə dişlərin ağardılması	Diş	18	
119661	47957	Seqmental mastektomiya+sentinel limfa düyünlərinin biopsiyası (eyni/fərqli kəsiklərdən)	Ameliyat Hizmeti	18	
110271	20719	Metanefrin, qanda	Laboratuar Hizmeti	18	2.4.737
125822	52798	Sperma saxlama, illik	Diğer Hizmet	18	
129021	56030	Omba rentgenoqrafiyası, ikitərəfli, müqayisəli	Radyoloji Hizmeti	18	2.1.116
100209	10345	Bud arteriyasının və aşağı ətrafın digər arteriyalarının arterioqrafiyası	Ameliyat Hizmeti	18	2.5.9
103751	10890	Görmə sahəsinin müayinəsi (manual perimetr)	Diğer Hizmet	18	
114552	21198	Hipertrofik lingual frenulumun korreksiyası	Ameliyat Hizmeti	18	
110093	35484	Qeyri-invaziv Prenatal Test (NIPT)	Laboratuar Hizmeti	18	
116013	22419	Lumbar diskektomiya, mikrocərrahiyyə ilə, bir səviyyəli, birtərəfli	Ameliyat Hizmeti	18	2.6.1143
109161	14174	Müvəqqəti qapaq	Diş	18	
106153	11348	MRT angioqrafiya, karotid	Radyoloji Hizmeti	17	2.1.323
128999	56007	Ön qolun rentgenoqrafiyası, ikitərəfli, sağ	Radyoloji Hizmeti	17	
126973	53949	Avtomatik kardioverter/defibrilyator implantasiyası və ya dəyişdirilməsi, total  sistem (AÜKD)	Ameliyat Hizmeti	17	2.6.476
106485	13591	Bronx, biopsiya, patoloji müayinə	Patoloji Hizmeti	17	2.4.552
108303	17405	Qanqliozid paneli (GM1, GQ1b, GD1b)	Laboratuar Hizmeti	17	2.4.886
103541	17513	Özofagus varikozlarında bantların bağlanması	Ameliyat Hizmeti	17	2.6.341
121289	48796	MRT, bud-çanaq, ikitərəfli, kontrastlı	Radyoloji Hizmeti	17	2.1.303
121290	48797	MRT, bud-çanaq, sağ, kontrastlı	Radyoloji Hizmeti	17	2.1.303
103806	10728	Timpanometrik müayinə	Diğer Hizmet	17	2.1.400
129896	56948	Endoserviks Biyopsi Analiz Paketi	CheckUp	17	
110875	36688	Kafeterya Quru meyvə boşqabı	Diğer Hizmet	17	
115662	22122	Artroskopik bankart təmiri, çiyin	Ameliyat Hizmeti	17	2.6.1205
121301	48770	MRT, ayaq, sol, kontrastlı	Radyoloji Hizmeti	17	2.1.305
104096	4852	Hər iki aşağı ətrafın radioqrafiyası, orto-rentgen AP və lateral	Radyoloji Hizmeti	17	
107225	30120	Tərcüməçi qiyməti, gündəlik	Diğer Hizmet	17	
115181	21780	Lobektomiya/hepatektomiya, subtotal	Ameliyat Hizmeti	17	2.6.719
104525	13351	Tam qan sayımı (hemogram, donor)	Laboratuar Hizmeti	17	2.4.407
110828	36574	Stent çıxarılması	Diğer Hizmet	17	
110491	35975	Kafeterya Kuki	Diğer Hizmet	17	
106530	13666	Dəri, kist, uzantı, debridman və ya qeyri-plastik təmir, patoloji müayinə	Patoloji Hizmeti	17	2.4.626
120902	48514	Rəngli Doppler USM, temporal arteriyaiyalar	Radyoloji Hizmeti	17	
128297	55277	Tibb bacılığı xidməti, 4 saat, evdə	Diğer Hizmet	17	
104154	11125	Burun sümüyü radioqrafiyası, iki proyeksiyalı	Radyoloji Hizmeti	17	
104211	11437	Müvəqqəti kateter yerləşdirilməsi	Ameliyat Hizmeti	17	2.1.474
121227	48702	KT, çiyin, sol, kontrastsız	Radyoloji Hizmeti	17	2.1.251
106512	13633	Polip, mədə və ya nazik bağırsaq, patoloji müayinə	Patoloji Hizmeti	17	2.4.593
117283	30729	Yaşıl sahə müayinəsi	Muayene Hizmeti	17	2.1.1
109595	34372	Kafeterya cheesecake tüm çeşitler	Diğer Hizmet	17	
114674	21296	Kəsik yırtığının təmiri, greftlə təmir	Ameliyat Hizmeti	17	
115110	21723	Ağciyər rezeksiyası və mediastinal limfa düyünlərinin disseksiyası	Ameliyat Hizmeti	17	2.6.358
108347	15029	Makroprolaktin skrininq testi	Laboratuar Hizmeti	17	
104846	19718	Triptaz testi	Laboratuar Hizmeti	16	
127903	54879	LIV Yurtdışı Klassik Qadın Check Up Paketi	CheckUp	16	
127335	54311	Fotona lazerlə akne müalicəsi, tam	Diğer Hizmet	16	
126367	53343	Preop İVF Donör Paketi (Qadın)	CheckUp	16	
105005	13518	Boyalı mikroskopik müayinə, EZN, digər	Laboratuar Hizmeti	16	
105448	13688	Periton, biopsiya, patoloji müayinə	Patoloji Hizmeti	16	2.4.645
109464	34234	Dırnaq göbələklərinin lazerlə müalicəsi, sayı birdən çox olan dırnaq	Diğer Hizmet	16	
109847	34737	Evde Tibb Xidmeti, 5.bölğe (neqliyyat)	Diğer Hizmet	16	
126221	53197	Papillomaların radiocərrahi götürülməsi, 10-dan çox	Diğer Hizmet	16	
116554	22853	Abdominal total histerektomiya	Ameliyat Hizmeti	16	2.6.942
128979	55987	Sümük iliyi, blok biopsiyası	Laboratuar Hizmeti	16	2.4.601
110527	36045	Anesteziya 2-4 saat, diş	Diş	16	
130162	57221	Otolog Hücre Toplama Paketi	CheckUp	16	
127589	54565	Kafeterya Şokoladli ekler	Diğer Hizmet	16	
119820	48022	Omeqa 6 / Omeqa 3 İndeksi	Laboratuar Hizmeti	16	
127290	54266	Laktoferrin	Laboratuar Hizmeti	16	2.4.760
100005	14026	Xəstə yatağı xidməti, VIP suit otağı	Yatış Hizmeti	16	
110599	36211	Spesifik IgG, Gf2 inək südü	Laboratuar Hizmeti	16	2.4.305
111603	38362	Boyun limfa düyününün biopsiyası	Ameliyat Hizmeti	16	
121061	48841	MRT, oma və büzdüm, kontrastsız	Radyoloji Hizmeti	16	
108295	16120	Genetik konsultasiya	Konsültasyon Hizmeti	16	2.1.3
106102	17478	KT, torakal vertebra, kontrastsız	Radyoloji Hizmeti	16	2.1.284
104662	13196	Xlor (Cl), BOS	Laboratuar Hizmeti	16	2.4.86
127594	54570	Kafeterya İslak kek	Diğer Hizmet	16	
121307	48858	MRT, bud, sol, kontrastlı	Radyoloji Hizmeti	16	2.1.306
128445	55440	Gündəlik ekstrakorporeal membran oksigenləşməsi (ECMO) izləmə	Diğer Hizmet	16	
127559	54535	Disbakterioz (bakterioloji analizi)	Laboratuar Hizmeti	16	
129013	56021	Daimi birbaşa qarın rentgenoqrafiyası	Radyoloji Hizmeti	16	2.1.176
102155	9611	Oynaq ponksiyon və dərman qəbulu	Ameliyat Hizmeti	16	2.1.604
115127	33903	Plevral drenaj taxılması	Ameliyat Hizmeti	15	
115570	32849	Sementsiz total omba artroplastiyası	Ameliyat Hizmeti	15	2.6.1191
116520	22833	Sisterektoselin təmiri	Ameliyat Hizmeti	15	
115334	21908	Düz bağırsaq şişində aşağı ön rezeksiya	Ameliyat Hizmeti	15	2.6.688
103852	14780	Hovuzlama tedavi başlangıc	Diğer Hizmet	15	
103870	14784	Hovuzlama yumurta toplama (OPU)	Ameliyat Hizmeti	15	
114048	45246	Tiroid biopsiyası	Patoloji Hizmeti	15	
128006	54981	Süd vəzi xərçəngi paneli (18 gen) (NGS)	Laboratuar Hizmeti	15	
106113	11351	MRT, döş qəfəsi, kontrastsız	Radyoloji Hizmeti	15	2.1.320
116491	34082	Fraksiyalaşdırılmış küretaj (endoservikal və endometrial küretaj)	Ameliyat Hizmeti	15	
115083	32816	Bronxoskopiya, biopsiya ilə	Ameliyat Hizmeti	15	2.1.390
117591	45778	Burun aspirasiyası	Diğer Hizmet	15	2.1.431
108967	14115	Black V kole, kompozit	Diş	15	
115258	21846	Qastrektomiya, radikal, total	Ameliyat Hizmeti	15	2.6.600
104823	13243	Natium, OBM-də	Laboratuar Hizmeti	15	2.4.203
111303	37775	Autoimmün ensefalit paneli	Laboratuar Hizmeti	15	
111388	38106	Ascaris lumbricodes antikoru	Laboratuar Hizmeti	15	
127749	54725	Açilkarnitin profili, plazma	Laboratuar Hizmeti	15	
107725	20653	Sidik kateterinin taxılması, evdə	Diğer Hizmet	15	
116185	22562	Sklera fiksasiyası ilə ikincil IOL implantasiyası	Ameliyat Hizmeti	15	2.6.210
114403	21089	Septoplastika və ya SMR (submukoz rezeksiya)	Ameliyat Hizmeti	15	2.6.293
129062	56074	Diz rentgenoqrafiyası, birtərəfli, sağ	Radyoloji Hizmeti	15	2.1.132
127343	54319	Fotona lazerlə akne müalicəsi, qismən	Diğer Hizmet	15	
114082	45353	Oostin saxlanması, illik	Diğer Hizmet	15	
105576	13871	Exinokok IgG, ELISA	Laboratuar Hizmeti	15	
105476	13722	Yumurtalıq (boru ilə və ya olmadan), neoplastik, patoloji müayinə	Patoloji Hizmeti	15	2.4.731
104635	13164	Amin turşusu profili, kəmiyyət, sidik	Laboratuar Hizmeti	15	
108911	15531	Amputasiya, ilkin diş, plomb istisna olmaqla	Diş	15	
115678	22136	Debridment, böyük oynaq	Ameliyat Hizmeti	15	
104414	13358	Böyümə hormonu (GH - somatotropin)	Laboratuar Hizmeti	15	2.4.138
126865	53841	Donor OPU xidməti	Ameliyat Hizmeti	15	
129014	56022	Ayaq-topuq rentgenoqrafiyası, ikitərəfli, müqayisəli	Radyoloji Hizmeti	15	2.1.156
108415	19217	Antibiotik həssaslığı, mycobacterium tuberculosis, avtomatik, hər biri	Laboratuar Hizmeti	15	
129073	56085	Ön qolun rentgenoqrafiyası, ikitərəfli, sol	Radyoloji Hizmeti	14	
117275	43596	IVF 2ci deneme tedavi başlangıcı	Ameliyat Hizmeti	14	
117182	39257	İVF 2ci deneme yumuta toplama (OPU)	Ameliyat Hizmeti	14	
114508	21158	Adenoidektomiya	Ameliyat Hizmeti	14	2.6.326
109647	34442	Kafeterya, meyvəli soda	Diğer Hizmet	14	
105469	13716	Mediastinal kütlə, patoloji müayinə	Patoloji Hizmeti	14	2.4.698
125642	52617	Uzunmüddətli hemodiafiltirasiya (0-24 saat)	Diğer Hizmet	14	
127546	54522	Oositin dondurulması, 1 il saxlanması	Diğer Hizmet	14	
116703	22955	Hidroselektomiya,təktərəfli	Ameliyat Hizmeti	14	2.6.882
106312	13130	Spesifik IgE, f1 yumurta ağı	Laboratuar Hizmeti	14	2.4.306
109963	34896	ACTH stimulyasiya testi, 250 ug sinakten ilə	Laboratuar Hizmeti	14	
114657	21277	Mastektomiya, dəyişdirilmiş radikal	Ameliyat Hizmeti	14	2.6.1308
121277	48773	MRT, ayaq biləyi, sol, kontrastlı	Radyoloji Hizmeti	14	2.1.310
115218	21813	Whipple əməliyyatı (bütün cərrahi prosedurlar daxil olmaqla)	Ameliyat Hizmeti	14	2.6.749
116915	19498	Laparoskopik, Fundoplikasiya	Ameliyat Hizmeti	14	2.6.626
115625	33607	Artroskopik meniskektomiya, diz	Ameliyat Hizmeti	14	2.6.1187
116825	23068	Mədə-bağırsaq traktında balon və ya buji ilə dilatasiya	Ameliyat Hizmeti	14	
120351	48133	Kolonoskopik polipektomiya, böyük	Ameliyat Hizmeti	14	
106047	11315	KTA, aortaperiferik angioqrafiya	Radyoloji Hizmeti	14	2.1.285
124128	51096	İmmunologiya və allergiya xəstəliklərinin müayinəsi, süd vəzi qəfəsi xəstəlikləri	Muayene Hizmeti	14	2.1.1
117104	35479	Endoskopik mukoza rezeksiyası	Ameliyat Hizmeti	14	
129034	56043	Diz rentgenoqrafiyası, birtərəfli, sol	Radyoloji Hizmeti	14	2.1.133
107276	30481	Kafeterya Qarışıq tost	Diğer Hizmet	14	
107729	20649	IV inyeksiya, evdə	Diğer Hizmet	14	
105591	17142	Bartonella henselae IgG anticismi	Laboratuar Hizmeti	14	2.4.354
114669	21287	Süd vəzi yumrularının təmiri	Ameliyat Hizmeti	14	
103892	15375	Aferez, leykositlər (1 seans)	Müdahale Hizmeti	14	
115441	21973	Osteotomiya və fiksasiya, böyük sümük	Ameliyat Hizmeti	14	2.6.1026
103609	4824	Oynaq inyeksiyası	Fizik Tedavi Hizmeti	14	2.1.604
105592	17143	Bartonella henselae IgM anticismi	Laboratuar Hizmeti	14	2.4.354
106117	11337	MRT, OBM dinamik analizi	Radyoloji Hizmeti	14	
111583	38317	Süd vəzi tomosintezi, tək süd vəzi	Radyoloji Hizmeti	13	
127988	54964	KT, paranazal sinus, kontrast	Radyoloji Hizmeti	13	2.1.246
104356	31954	Albumin, OBM	Laboratuar Hizmeti	13	
105378	13560	Toksoplazma qondii DNT-nin aşkarlanması, PZR üsulu ilə, OBM-də	Laboratuar Hizmeti	13	
105145	30073	Borrelia burgdorferi IgG	Laboratuar Hizmeti	13	
105146	13910	Borrelia burgdorferi, IgM	Laboratuar Hizmeti	13	
128577	55573	Sınıf 3 Check Up Paneli No 303	CheckUp	13	
103774	16219	Tonometriya/tonoqrafiya	Diğer Hizmet	13	2.1.341
128996	56004	Humerus rentgenoqrafiyası, ikitərəfli, sol	Radyoloji Hizmeti	13	2.1.68
129500	56524	MRT, beyin, multiparametrik	Radyoloji Hizmeti	13	2.1.314
121276	48772	MRT, ayaq biləyi, sağ, kontrastlı	Radyoloji Hizmeti	13	2.1.310
104698	13412	Litium	Laboratuar Hizmeti	13	2.4.735
128517	55513	Kafeterya, kruvasan	Diğer Hizmet	13	
104819	13241	Natrium, sidik, 24 saatlıq	Laboratuar Hizmeti	13	
108931	18287	Dişlərin ağardılması, ağardılması - aşağı-yuxarı çənə	Diş	13	
103817	17583	Hemodiafiltrasiya və ya hemofiltrasiya müalicəsi, ilk gün	Diğer Hizmet	13	
106333	18230	Spesifik IgE, f75 yumurta sarısı	Laboratuar Hizmeti	13	2.4.306
105479	13727	Tiroid, total və ya lobektomiya, patoloji müayinə	Patoloji Hizmeti	13	2.4.723
107334	10012	Üreterorenoskopiya	Ameliyat Hizmeti	13	2.1.565
103890	31900	Aferez, donör granülositaferez	Müdahale Hizmeti	13	
112964	42582	Yara müalicəsi, kiçik	Diğer Hizmet	13	
106547	20690	Prostat, 10 kvadrant və yuxarı iynə biopsiyası, patoloji müayinə	Patoloji Hizmeti	13	2.4.708
129026	56035	Ayaq-topuq rentgenoqrafiyası, birtərəfli, sol	Radyoloji Hizmeti	13	2.1.154
109606	34398	Kafeterya Türk qəhvəsi	Diğer Hizmet	13	
108434	15706	Saccharomyces cerevisiae IgG (ASCA)	Laboratuar Hizmeti	13	2.4.874
116684	22938	Prostat iynə biopsiyası, ultrasəs idarəsi, çoxsaylı	Ameliyat Hizmeti	13	
121349	48845	MRT, gicgah, kontrastlı	Radyoloji Hizmeti	13	2.1.295
106739	14868	Faktor V Leiden mutasiyası	Laboratuar Hizmeti	13	
125644	52619	Uzunmüddətli hemodiafiltirasiya (0-72 saat)	Diğer Hizmet	13	
105152	16489	Brusella abortus, IgM anticismi	Laboratuar Hizmeti	13	2.4.355
111153	37348	Kafeterya Açma	Diğer Hizmet	13	
130720	57800	Frazex MMC Mastercard Sağlamlık Check Up Paneli	CheckUp	13	
101131	12608	Qulaqcıqarası çəpər defektinin toxuma qrefti ilə bərpası	Ameliyat Hizmeti	13	2.6.426
116312	22676	Nefrektomiya, radikal	Ameliyat Hizmeti	13	2.6.812
116948	21300	Göbək yırtığının təmiri, o cümlədən greft	Ameliyat Hizmeti	13	2.6.765
106186	30034	MRT, bütün bədən metastazlarının skrininqi, hərəkətli masa ilə	Radyoloji Hizmeti	13	2.1.320
107186	30792	Tibb bacısı köməkçisi, 12 saat	Diğer Hizmet	13	
108749	30305	Vitamin B3 (Niasin)	Laboratuar Hizmeti	13	
105039	13487	Göbələk Kulturası, saç	Laboratuar Hizmeti	13	2.4.437
106345	13389	Daun sindromu üçün üçlü skrininq testi: uE3 (bağlanmamış  estriol), HCG (insan xorionik qonadotropini), AFP (alfafetoprotein)	Laboratuar Hizmeti	13	
114667	21285	segmental mastektomiya	Ameliyat Hizmeti	13	
108892	14130	Kanaldaxili post tətbiqi	Diş	13	
129007	56015	Hər iki tibia-fibula rentgenoqrafiyası, ikitərəfli, sol	Radyoloji Hizmeti	12	
108256	14795	IVF başlangıcı iptal	Diğer Hizmet	12	
114712	31294	Hipertermik intraperitoneal kemoterapi tətbiqi (HIPEC / HIPEC)	Ameliyat Hizmeti	12	
111542	38272	Spinal sütunu (skolioz), bir  proyeksiyalı	Radyoloji Hizmeti	12	2.1.162
104254	11447	Perkutan abses drenajı	Radyoloji Hizmeti	12	
111342	37985	Rop (vaxtından əvvəl doğulmuş körpələrin retinopatiyası) müayinəsi	Muayene Hizmeti	12	2.1.360
106526	13660	Yumşaq toxuma, lipoma, patoloji müayinə	Patoloji Hizmeti	12	2.4.618
107548	17355	Dolğu, nazolabial (gəncləşdirmə)	Diğer Hizmet	12	
107202	11132	Sinus radioqrafiyası, üç proyeksiyalı	Radyoloji Hizmeti	12	
100149	9333	5 sm-dən az sahədə yumşaq toxumaların kəsilməsinin bərpası	Ameliyat Hizmeti	12	
116761	23007	Koronar arteriyalarda damardaxili təzyiqin ölçülməsi (FFR)	Ameliyat Hizmeti	12	2.6.17
106747	14789	Ovulasyon indiksion tedavi başlangıc	Diğer Hizmet	12	
115304	21885	Hemikolektomiya, sağ	Ameliyat Hizmeti	12	2.6.638
129017	56025	Omba rentgenoqrafiyası, ikitərəfli, sol	Radyoloji Hizmeti	12	2.1.112
107174	11314	KTA, qarın angioqrafiyası	Radyoloji Hizmeti	12	2.1.285
105068	13891	Adacık hüceyrə (islet cell) anticismi	Laboratuar Hizmeti	12	2.4.345
116517	22831	Rektosel təmiri	Ameliyat Hizmeti	12	2.6.967
111301	37773	HCV genotip alt qrupu	Laboratuar Hizmeti	12	
104319	11239	USM, qulaqaltı vəzi	Radyoloji Hizmeti	12	2.1.227
109697	34303	Kafeterya Omlet, sadə	Diğer Hizmet	12	
103562	16137	Diadinamik cərəyan	Fizik Tedavi Hizmeti	12	
109603	34395	Kafeterya kruvasan	Diğer Hizmet	12	
115192	21789	Xolesistektomiya	Ameliyat Hizmeti	12	2.6.725
108267	36066	Arteriyaial qan qazı alma	Diğer Hizmet	12	
127785	54761	Paşa Sigorta Universal Check Up Paneli (Qadın)	CheckUp	12	
109637	34432	Kafeterya Təzə sıxılmış meyvə şirələri çeşitleri	Diğer Hizmet	12	
104255	11449	Perkutan asit, plevral effuziya drenajı	Ameliyat Hizmeti	12	
108433	15705	Saccharomyces cerevisiae IgA (ASCA)	Laboratuar Hizmeti	12	2.4.873
123294	50335	Abdominal total histerektomiya+ikitərəfli salpinqektomiya (TAH+BS)	Ameliyat Hizmeti	12	2.6.942
113501	43863	Vitamin B5 (pantotenik turşu)	Laboratuar Hizmeti	12	
120100	47711	T-9;22 q34;q11- RT PCR	Laboratuar Hizmeti	12	
108904	14129	Hər kanal üçün kanalın doldurulmasının təkrarlanması	Diş	12	
108893	14105	Kök kanalının müalicəsi, doldurulması istisna olmaqla, iki kanal	Diş	12	
112962	42580	Yara müalicəsi, böyük	Diğer Hizmet	12	
104688	13206	Laktik turşu	Laboratuar Hizmeti	12	2.4.157
114673	21294	Laparoskopik, Qasıq yırtığının təmiri, birtərəfli	Ameliyat Hizmeti	12	2.6.262
108189	30619	Mədə-bağırsaq sistemi varikozlarının endoskopik müalicəsi (skleroterapiya, lent tətbiqi, siyanoakrilat tətbiqi, sərbəst buraxılan tələ tətbiqi və s.)	Müdahale Hizmeti	12	
108493	19955	Limfoma paneli	Laboratuar Hizmeti	12	2.4.777
121343	48779	MRT, braxiyal pleksus, ikitərəfli	Radyoloji Hizmeti	12	
109143	14239	Detertrage, miqyaslı, tək çənə	Diş	11	
121225	48700	KT, çiyin, sağ, kontrastsız	Radyoloji Hizmeti	11	2.1.251
104177	11143	Lumbo-sakral radioqrafiya, dörd proyeksiyalı	Radyoloji Hizmeti	11	2.1.102
121190	48667	KT, diz, sol, kontrastsız	Radyoloji Hizmeti	11	2.1.260
104359	13150	Aldolaza	Laboratuar Hizmeti	11	2.4.733
107585	14648	Mezoterapiya, seans	Diğer Hizmet	11	
116810	23052	Qulaqcıqarası çəpər defektinin protezlə bərpası, qapalı texnika	Ameliyat Hizmeti	11	2.6.421
111684	16941	MDS paneli	Laboratuar Hizmeti	11	
106227	19916	Xrom (AAS), serum	Laboratuar Hizmeti	11	2.4.746
111441	38231	Kafeterya Köri sousu ilə qril toyuq	Diğer Hizmet	11	
126224	53199	Nevusun (xal) radiocərrahi götürülməsi, 5mm qədər	Diğer Hizmet	11	
105257	13512	Respirator sinsitial virus (RSV) antigeni, DFA	Laboratuar Hizmeti	11	2.4.386
105300	19273	Mikobakteriya tipləndirməsi, PZR üsulu ilə	Laboratuar Hizmeti	11	
105536	18945	Bordetella boğmaca, IgM anticismi	Laboratuar Hizmeti	11	
104619	13321	Yod, sidik	Laboratuar Hizmeti	11	2.4.840
122633	49868	Şiş mutasiya burden (TMB) testi	Laboratuar Hizmeti	11	
112541	41376	Ovulasyon indiksion OPU	Ameliyat Hizmeti	11	
121182	48650	KT, ayaq biləyi, sağ, kontrastsız	Radyoloji Hizmeti	11	2.1.261
117194	40302	Endoskopik hipofiz əməliyyatı	Ameliyat Hizmeti	11	2.6.107
116575	34109	Laparoskopik, salpingektomiya	Ameliyat Hizmeti	11	2.6.922
115521	22036	Tendon təmiri, hər bir əlavə tendon	Ameliyat Hizmeti	11	
112532	41341	Profilaktik mastektomiya, ikitərəfli	Ameliyat Hizmeti	11	
129058	56070	Ayaq-topuq rentgenoqrafiyası, birtərəfli, sağ	Radyoloji Hizmeti	11	2.1.154
121305	48856	MRT, bud, sağ, kontrastlı	Radyoloji Hizmeti	11	2.1.306
127557	54533	Quru təmizləmə, ümumi	Diğer Hizmet	11	
112550	41441	Hər bir punktum və/və ya kanalikul üçün punktoplastika və/və ya kanalikulotomiya	Ameliyat Hizmeti	11	
114743	21365	Aortal qapağın açıq və digər yolla toxuma qrefti ilə dəyişdirilməsi	Ameliyat Hizmeti	11	2.6.405
116129	22515	Hər iki gözün rektusun geri çəkilməsi və/və ya rezeksiyası	Ameliyat Hizmeti	11	
128204	55184	Lrp4 antikoru	Laboratuar Hizmeti	11	
121284	48785	MRT, diz, sol, kontrastlı	Radyoloji Hizmeti	11	2.1.308
116629	34125	Histeroskopiya ilə mioma rezeksiyası, 1-2 dərəcə	Ameliyat Hizmeti	11	2.6.938
121184	48652	KT, ayaq biləyi, sol, kontrastsız	Radyoloji Hizmeti	11	2.1.261
116511	34089	Kondilomanın koterizasiyası	Ameliyat Hizmeti	11	
109084	30245	Zirkon qapaq DCS	Diş	11	
106139	11341	MRT, gicgah, kontrastsız	Radyoloji Hizmeti	11	2.1.295
115329	34173	Laparoskopik, rektosiqmoid şişlərin anterior rezeksiyası	Ameliyat Hizmeti	11	2.6.268
128935	55941	Nəcisdə parazitlərin axtarışı, PCR	Laboratuar Hizmeti	11	
121294	48819	MRT, çiyin, sağ, kontrastlı	Radyoloji Hizmeti	11	2.1.299
130241	57307	Mezenximal kök hüceyrələrin venadaxili tətbiqi	Diğer Hizmet	11	
113999	45185	Biopsiya alınması	Diğer Hizmet	11	2.1.453
108147	12017	Qeysəriyyə kəsiyi və boruların bağlanması	Ameliyat Hizmeti	11	
109017	4853	Panoramik qrafiya(ortopantoqrafiya)	Radyoloji Hizmeti	11	
109083	30248	Zirkon qapaq (xarici laboratoriya)	Diş	11	
116837	18387	Hematopoetik hüceyrə transplantasiyası, otoloji	Ameliyat Hizmeti	11	2.6.1333.1
111055	37087	Sinir-əzələ elektrofonator stimulyasiyası (NMEPS), hər seans	Fizik Tedavi Hizmeti	11	2.7.121.20
100168	16293	Lokal anesteziya, regional, Diş	Diş	10	
101804	10912	Qısa ayaq tökmə, dizin altında	Ameliyat Hizmeti	10	2.1.491
104882	14875	Eozinofil katyonik zülal (ECP)	Laboratuar Hizmeti	10	
104178	11139	Dorsal  radioqrafiya, iki proyeksiyalı	Radyoloji Hizmeti	10	2.1.45
108322	32578	GH-RH testi	Laboratuar Hizmeti	10	
108592	20829	İntravitreal anti-VEGF tətbiqi	Ameliyat Hizmeti	10	
104669	17144	Beta-crosslaps (bCTx)	Laboratuar Hizmeti	10	
111923	39532	APTT qarışıq testi	Laboratuar Hizmeti	10	2.4.302
125542	52517	Meningioma şişi əməliyyatı	Ameliyat Hizmeti	10	
129067	56079	Humerus rentgenoqrafiyası, ikitərəfli, sağ	Radyoloji Hizmeti	10	2.1.67
114797	21408	Fallot tetralogiyası transannular yamaq ilə tam təmir	Ameliyat Hizmeti	10	2.6.429
121296	48821	MRT, çiyin, sol, kontrastlı	Radyoloji Hizmeti	10	2.1.299
114327	33803	Günəş lentiqonunun lazerlə məhv edilməsi, böyük	Ameliyat Hizmeti	10	
116567	34105	Laparoskopik, kist və ya şişin çıxarılması	Ameliyat Hizmeti	10	
117705	45957	Fosfor, 24 saatlıq sidik	Laboratuar Hizmeti	10	2.4.182
106188	11343	MRT, üz, kontrastsız	Radyoloji Hizmeti	10	2.1.291
116937	19503	Morbid piylənmə əməliyyatları, by-pass	Ameliyat Hizmeti	10	
104767	13233	Kalium, sidik, spot	Laboratuar Hizmeti	10	2.4.184
105235	13856	Mycoplasma pneumoniae IgM, ELISA	Laboratuar Hizmeti	10	
110045	15101	HDV RNA (PZR)  keyfiyyet	Laboratuar Hizmeti	10	2.4.922
111631	38512	FISH 6q22, ROS 1 analizi	Laboratuar Hizmeti	10	
129365	56390	Hemodiyaliz (2-3 saat)-DEVİCE 5008S	Diğer Hizmet	10	
108734	18419	Immunohisto (SITO) kimya qrupu 1 anticisimləri, hər bir anticisim	Laboratuar Hizmeti	10	
104565	17147	Levetirasetam (levetiracetam) səviyyəsinin təyini, HPLC-dən başqa bir üsulla	Laboratuar Hizmeti	10	2.4.930
128061	55038	Fotona lazerlə çapıq müalicəsi, tam	Diğer Hizmet	10	
120848	48876	Schirmer topoqrafiyası	Diğer Hizmet	10	
109570	34346	Kafeterya klap sendvic	Diğer Hizmet	10	
121324	48847	MRT, gicgah-alt çənə oynağı, ikitərəfli, kontrastsız	Radyoloji Hizmeti	10	2.1.294
106548	13725	Uşaqlıq boynu, konizasiya, patoloji müayinə	Patoloji Hizmeti	10	2.4.712
110309	35689	Kafeterya toyuq salatı	Diğer Hizmet	10	
125618	52593	Ambulans xidməti, xəstə nəqliyyatı, hava limanı	Diğer Hizmet	10	
105497	13743	Prostat, radikal rezeksiya, patoloji müayinə	Patoloji Hizmeti	10	2.4.709
128275	55255	Dəridən xoş xassəli törəmənin götürülmesi, 10 mm-dən böyük	Müdahale Hizmeti	10	
122960	50104	Fotona lazerlə göbələk müalicəsi, qismən	Diğer Hizmet	10	
106347	32384	Metabolik skrininq genişləndirilmiş panel (Tandem MS üsulu ilə)	Laboratuar Hizmeti	10	
105111	18506	Anti-mitoxondrial anticisim növü M2 (AMA M2)	Laboratuar Hizmeti	10	2.4.863
110141	35352	Öd Mayesi Kulturası, aerob	Laboratuar Hizmeti	10	
100246	10991	Göbək venasının kateterizasiyası	Diğer Hizmet	10	2.6.539
105738	10843	EEQ monitorinqi, 3 saat	Diğer Hizmet	10	2.1.475
105236	32227	Anti-neytrofil sitoplazmik, skrininq (c-ANCA, p-ANCA)	Laboratuar Hizmeti	10	
124271	51230	Tibb bacılığı xidməti, 8 saat, evdə	Diğer Hizmet	10	
121563	48911	Aylıq menyu (ayda 1 menyu)	Diğer Hizmet	10	
104217	11472	Subkutan port çıxarılması	Radyoloji Hizmeti	10	
102596	17655	Blefaroplastika, aşağı və ya yuxarı	Ameliyat Hizmeti	10	2.6.144
125643	52618	Uzunmüddetli hemodiafiltirasiya (24 saatlıq) falrq	Diğer Hizmet	10	
116634	22903	Laparoskopiya, diaqnostik	Ameliyat Hizmeti	10	2.6.903
127666	54642	Paşa Sigorta Standart Minimum Check Up Paneli	CheckUp	10	
105289	17191	HİV-RNT Viral Yük, PZR	Laboratuar Hizmeti	10	
115526	22040	Tenodezlar	Ameliyat Hizmeti	10	2.6.1240
104087	11164	Thorax radiography, bidirectional	Radyoloji Hizmeti	10	2.1.56
114715	21333	Perikardisentez	Ameliyat Hizmeti	10	2.6.451
106168	11339	MRT, spektroskopiya, multivoksel	Radyoloji Hizmeti	10	
104398	13185	Mis, sidik, 24 saatlıq	Laboratuar Hizmeti	10	2.4.825
115292	21876	Jejunum və ya ileum rezeksiyası, segmental	Ameliyat Hizmeti	10	2.6.636
116398	22747	Sidik kisəsi şişinin TUR  biopsiyası	Ameliyat Hizmeti	10	2.6.842
128005	54980	Solid şiş xərçəng paneli (437 gen) (ABD)	Laboratuar Hizmeti	10	
112447	41089	Otaq Bəzəyi, silver	Diğer Hizmet	10	
104242	11436	Mədə-bağırsaq traktına stent yerləşdirilməsi	Radyoloji Hizmeti	10	
105045	13489	Mikobakteriya kulturası, avtomatik sistem, bəlğəm	Laboratuar Hizmeti	10	
110708	36354	Miozit Paneli	Laboratuar Hizmeti	10	2.4.882
112248	40527	AML paneli	Laboratuar Hizmeti	10	
100183	10600	Parasintez	Ameliyat Hizmeti	10	2.6.795
126366	53342	Sperm donörlüğü, (IVF donor, kişi)	Ameliyat Hizmeti	10	
105717	12163	Ezofaqoskopiya və biopsiya	Diğer Hizmet	10	
116513	22827	LETZ (Loop excision of transformation zone) tətbiqi	Ameliyat Hizmeti	10	2.6.930
115652	22112	Artroskopik menisküsün təmiri, diz	Ameliyat Hizmeti	10	2.6.1187
107864	17586	Radikal sistektomiya, ileal loop	Ameliyat Hizmeti	9	2.6.847
107396	14602	Skleroterapiya	Diğer Hizmet	9	
116781	23025	Tək damarda aparılan prosedur	Ameliyat Hizmeti	9	2.6.6
110136	35347	Peritoneal Maye Kulturası, anaerob	Laboratuar Hizmeti	9	
104156	11121	Başın radioqrafiyası, bir proyeksiyalı	Radyoloji Hizmeti	9	2.1.20
119028	47378	Fizioterapiya, evdə baxım xidməti	Diğer Hizmet	9	
114609	21246	Mediastinal bədxassəli şişin eksiziyası	Ameliyat Hizmeti	9	
116481	22808	Bartolin kistinin çıxarılması	Ameliyat Hizmeti	9	2.6.971
100208	10375	Arteriyaial kanulyasiya	Diğer Hizmet	9	
127784	54760	Paşa Sigorta Universal Check Up Paneli (Kişi)	CheckUp	9	
128556	55552	Sınıf 1 Check Up Paneli No 104	CheckUp	9	
116631	34126	Histeroskopiya ilə septumun rezeksiyası	Ameliyat Hizmeti	9	2.6.936
111811	39046	Şəxsi köməkçi tibbi personal xidməti, 24 saat	Diğer Hizmet	9	
105059	13503	Ureaplasma urealiticum kulturası, sidikdə	Laboratuar Hizmeti	9	
104442	13383	Dihidrotestosteron testi (DHT)	Laboratuar Hizmeti	9	2.4.106
125516	52491	Liv Bona Dea Shape-Plus Dərin Ürək Diaqnoz Proqramı	CheckUp	9	
107635	17342	Pilinq, kimyəvi	Diğer Hizmet	9	
116409	22757	Sistolitotripsiya	Ameliyat Hizmeti	9	2.6.841
117895	46144	Trigliserid (bədən mayeləri)	Laboratuar Hizmeti	9	
116959	33274	Sementləşdirilmiş üçkompartmental diz artroplastiyası	Ameliyat Hizmeti	9	2.6.1193
116691	22945	Prostatektomiya, radikal	Ameliyat Hizmeti	9	
106202	13326	Adenozin deaminaza (ADA), digər bədən mayelərində	Laboratuar Hizmeti	9	2.4.795
125513	52488	Liv Bona Dea Genc-Plus Qadın 40-49 yaş (Mammoqrafiya Daxil)	CheckUp	9	
105493	13739	Sidik kisəsi, qismən və ya tam rezeksiya, patoloji müayinə	Patoloji Hizmeti	9	2.4.713
110005	35033	Kafeterya Süd	Diğer Hizmet	9	
100386	10289	Periferik sinir neyrolitik inyeksiya, tək sinir	Diğer Hizmet	9	
100275	10390	Endotraxeal intubasiya, əməliyyat otağından kənarda	Ameliyat Hizmeti	9	
110705	36348	Sidik kisəsi kateterinin çıxarılması	Diğer Hizmet	9	
104766	13231	Kalium, sidik, 24 saatlıq	Laboratuar Hizmeti	9	2.4.184
105234	32226	Mycoplasma pneumoniae IgG, ELISA	Laboratuar Hizmeti	9	
114779	21390	Koronar arteriya by-pass, autogen greft Safen və ya İMA və s., tək koronar greft	Ameliyat Hizmeti	9	2.6.445
111269	35163	Əhməd Qlaukoma qapaqı (AGV) implantasiyası	Ameliyat Hizmeti	9	2.6.190
106374	18429	HLA-A, molekulyar aşağı həll olma qabiliyyəti	Laboratuar Hizmeti	9	
128532	55528	Kafeterya, termos çay, 1,5 lt	Diğer Hizmet	9	
114160	45529	Parathormon related peptit  (PTHrP) testi	Laboratuar Hizmeti	9	2.4.849
105487	13734	Sümük, rezeksiya, patoloji müayinə	Patoloji Hizmeti	9	2.4.719
127789	54765	Paşa Sigorta Premium Check Up Paneli (Qadın)	CheckUp	9	
103958	15187	Eritrosit suspenziyasının transfuziyası	Diğer Hizmet	9	2.1.525
106901	20556	FISH, t (9;22), BCR/ABL translokasiyası*	Laboratuar Hizmeti	9	
109523	34297	Kafeterya hotdog	Diğer Hizmet	9	
100096	15390	Qaraciyər iynə biopsiyası	Ameliyat Hizmeti	9	
109552	34328	Kafeterya Kartofla Köftə	Diğer Hizmet	9	
109602	34394	Kafeterya muffin	Diğer Hizmet	9	
109627	34419	Kafeterya, Coca Cola Zero, 300 ml	Diğer Hizmet	9	
124717	51690	İleostomiya/kolostomiyanın açılması və ya bağlanması	Ameliyat Hizmeti	9	
108673	30421	Neyromiyelit Optica IgG (NMO)	Laboratuar Hizmeti	9	2.4.883
111131	20267	Fotona lazerlə kapilyarların müalicəsi, 0-5 arası	Diğer Hizmet	9	
125571	52546	Çapığ içinə inyeksiya	Ameliyat Hizmeti	9	
106369	32386	HLA-DQ, molekulyar yüksək həll olma qabiliyyəti	Laboratuar Hizmeti	9	
105271	13572	Chlamydia Trachomatis DNT,  PZR ilə#	Laboratuar Hizmeti	9	2.4.492
119058	47478	Covid-19(SARS-CoV-2) Əks Transkriptaza, PZR	Laboratuar Hizmeti	9	
109415	33684	Birtərəfli rəqəmsal rentgen çəkimi, evdə	Radyoloji Hizmeti	9	
121215	48669	KT, əl, sağ, kontrastsız	Radyoloji Hizmeti	9	2.1.284
101091	12625	Əsas ağciyər arteriyaiyasının və ya onun filiallarının stenozu səbəbindən təmir	Ameliyat Hizmeti	9	2.6.503
104382	13362	Anti-diuretik hormon (ADH), serum	Laboratuar Hizmeti	9	2.4.235
116335	22694	Laparoskopik, böyrək kist rezeksiyası	Ameliyat Hizmeti	9	
111470	38128	Exovirus IgA	Laboratuar Hizmeti	9	
109798	34687	Oksigen dəstinin icarəsi, 10 lt. Polad	Diğer Hizmet	9	
103512	10519	Endoskopik biliyar stent qoyulması	Ameliyat Hizmeti	9	
115035	21660	Safenofemoral qovşaqda və ya distal kəsilmələrdə sapenöz venanın bağlanması və bölünməsi	Ameliyat Hizmeti	9	2.6.537
117509	45669	Botoks tətbiqi, tərləmə, qoltuqaltı	Diğer Hizmet	9	
110396	31537	Kompleks boşaldıcı limfa ödəmi terapiyası (limfa drenajı)	Fizik Tedavi Hizmeti	8	
115710	22168	Axiloplastika	Ameliyat Hizmeti	8	2.6.1246
104539	20869	Ig G indeksi	Laboratuar Hizmeti	8	
121060	48840	MRT, oma və büzdüm, kontrastlı	Radyoloji Hizmeti	8	
121292	48799	MRT, bud-çanaq, sol, kontrastlı	Radyoloji Hizmeti	8	2.1.303
117239	40818	Ürək cihazı cibinin reviziyası və yerinin dəyişdirilməsi	Ameliyat Hizmeti	8	2.6.470
121219	48673	KT, əl biləyi, sağ, kontrastsız	Radyoloji Hizmeti	8	2.1.256
111759	38868	Sidik sitometriyası	Laboratuar Hizmeti	8	
114401	21087	Ağırlaşmış rinoplastika, qabırğa qreftsiz	Ameliyat Hizmeti	8	
104480	13394	Qastrin testi	Laboratuar Hizmeti	8	2.4.752
126912	53888	Treponema pallidum, PZR	Laboratuar Hizmeti	8	
104284	11213	Süd vəzi işarələnməsi, USM ilə	Radyoloji Hizmeti	8	
111572	38306	MRT, süd vəzi, ikitərəfli, kontrastsız	Radyoloji Hizmeti	8	2.1.320
105101	16972	Anti-HEV IgM, Hepatit E (HEV)	Laboratuar Hizmeti	8	
112640	41814	Spesifik IgE, f78 Kazein	Laboratuar Hizmeti	8	2.4.306
107377	14651	Botox tətbiqi, bütün üz	Diğer Hizmet	8	
108564	30754	King suite otaq fərqi, günlük	Diğer Hizmet	8	
106522	13653	Vagina, biopsiya, patoloji müayinə	Patoloji Hizmeti	8	2.4.613
113210	43170	Mezoterapiya, ləkə	Diğer Hizmet	8	
100155	18593	Xoşxassəli şişlərin çıxarılması, total, ümumi cərrahiyyə	Ameliyat Hizmeti	8	
100372	10276	Epidural inyeksiya, ön transforaminal	Ameliyat Hizmeti	8	
130020	57076	Mezial temporal skleroz (MTS)	Ameliyat Hizmeti	8	2.6.34
104818	13288	Sitrat, sidik	Laboratuar Hizmeti	8	2.4.839
127786	54762	Paşa Sigorta Universal Plus Check Up Paneli (Kişi)	CheckUp	8	
106058	11307	KTA, torako-abdominal angioqrafiya	Radyoloji Hizmeti	8	2.1.285
104897	14869	Faktor 7 (prokonvertin, stabil faktor) aktivliyi	Laboratuar Hizmeti	8	2.4.258
104858	13265	Sidik turşusu, sidik, 24 saatlıq	Laboratuar Hizmeti	8	2.4.229
127336	54312	Fotona lazerlə akne müalicəsi, neodim	Diğer Hizmet	8	
102682	11813	Ön kameranın punksiyası və ya yuyulması	Ameliyat Hizmeti	8	2.6.201
116490	22814	Servikal biopsiyası	Ameliyat Hizmeti	8	2.4.651
115929	34022	Hidrosefali əməliyyatları, şunt əməliyyatları (şant aparatının haqqı istisna olmaqla)	Ameliyat Hizmeti	8	2.6.45
129065	56077	Bud sümüyünün rentgenoqrafiyası, birtərəfli, sağ	Radyoloji Hizmeti	8	2.1.126
113114	43005	Tibb bacısı əlavə saat ödənişi	Diğer Hizmet	8	
104715	13222	Mioqlobin, sidik, spot	Laboratuar Hizmeti	8	
103847	10701	Uşaqlıqdaxili süni mayalanma (İUİ) seansı	Diğer Hizmet	8	
115711	22169	Axiloplastika və posterior kapsulun buraxılması	Ameliyat Hizmeti	8	2.6.1246
121341	48818	MRT, nazofarenks, kontrastlı	Radyoloji Hizmeti	8	2.1.290
110888	36724	Mikrosatellit qeyri-stabilliyi (MSI)	Laboratuar Hizmeti	8	
121309	48787	MRT, əl, sağ, kontrastlı	Radyoloji Hizmeti	8	2.1.309
117898	46150	Sidik turşusu/kreatinin (Spot sidik)	Laboratuar Hizmeti	8	2.4.229
116307	33618	Laparoskopik, radikal nefrektomiya	Ameliyat Hizmeti	8	2.6.812
116308	22672	Laparoskopik, nefrektomiya	Ameliyat Hizmeti	8	
128507	55503	Kafeterya, sandvic, sebzeli	Diğer Hizmet	8	
116744	22990	İki-boşluq cihazının ilkin taxılması (DR pacemaker)	Ameliyat Hizmeti	8	2.6.474
106365	13441	HLA-A, molekulyar yüksək həll olma qabiliyyəti	Laboratuar Hizmeti	8	
106097	15737	KT, servikal	Radyoloji Hizmeti	8	2.1.284
115154	21760	Videotorakoskopiya, eksploratris, biopsiya, drenaj ilə	Ameliyat Hizmeti	8	2.6.375
104944	19288	Eritrositlərin osmotik müqaviməti (Osmotic fragility (OF) test, RBC)	Laboratuar Hizmeti	8	2.4.290
108455	16698	K vitamini	Laboratuar Hizmeti	8	2.4.236
125600	52575	Vaser, belt lipektomi	Ameliyat Hizmeti	8	
117680	45932	Bilirubin, total, bədən mayeləri	Laboratuar Hizmeti	8	2.4.62
129019	56028	Omba rentgenoqrafiyası, birtərəfli, müqayisəli	Radyoloji Hizmeti	8	2.1.113
100156	20105	Fotona ilə döyənək eksiziyası, 1 sm dən kiçik	Ameliyat Hizmeti	8	
124739	51712	Tip II (B) radikal histerektomiya (modifikasiya olunmuş radikal histerektomiya), abdominal	Ameliyat Hizmeti	8	
106825	9634	Blefaroplastika, hər iki qapaq	Ameliyat Hizmeti	8	2.6.146
111486	38144	HLA-C, molekulyar yüksək həll olma qabiliyyəti	Laboratuar Hizmeti	8	
108729	19839	Anti-aquaporin 4 antikoru, AQP-4; NMO-IgG	Laboratuar Hizmeti	8	
129068	56080	Humerus rentgenoqrafiyası, birtərəfli, sağ	Radyoloji Hizmeti	8	2.1.65
107204	31250	Babygram	Radyoloji Hizmeti	8	
116821	23065	Endoskopik perkutan qastrostomiya	Ameliyat Hizmeti	8	2.6.594
100145	9335	5-10 sm sahədə dəri yaralarının bərpası	Ameliyat Hizmeti	8	
107229	30076	Paltar yumaq	Diğer Hizmet	8	
109612	34404	Kafeterya Espresso double	Diğer Hizmet	8	
115183	21781	Metastaz başına qaraciyər metastazektomiyası	Ameliyat Hizmeti	8	
104896	14867	Faktor 5 (proakselerin, labil faktor) aktivliyi	Laboratuar Hizmeti	8	2.4.257
115453	21978	Böyük sümük implantının çıxarılması	Ameliyat Hizmeti	8	
110137	35348	Peritoneal Maye Kulturası, aerob	Laboratuar Hizmeti	8	
106370	32387	HLA-DR, molekulyar yüksək həll olma qabiliyyəti	Laboratuar Hizmeti	8	
116362	22716	Uretero-neosistostomiya, birtərəfli	Ameliyat Hizmeti	8	2.6.832
129078	56090	Hər iki dizin rentgenoqrafiyası, ikitərəfli	Radyoloji Hizmeti	8	
104541	13226	Osmolyarlığın ölçülməsi, sidik	Laboratuar Hizmeti	8	2.4.170
114806	21418	Şunt, vena kava-ağciyər arteriyaiyası: Glenn tipli əməliyyat	Ameliyat Hizmeti	8	2.6.543
104341	19073	USM, digər	Radyoloji Hizmeti	8	2.1.226
109168	30249	Metal ceramika qapaq	Diş	8	
103377	16261	Elektrokardioqramma (EKQ), 12 aparıcı, rəy və raport, 4 yaşdan kiçik uşaq	Diğer Hizmet	8	2.1.439
106367	13335	HLA-B, molekulyar yüksək həll olma qabiliyyəti	Laboratuar Hizmeti	8	
103527	10529	GIS strikturalarında stent yerləşdirilməsi	Ameliyat Hizmeti	8	2.6.730
104949	17081	Piruvat kinaz testi	Laboratuar Hizmeti	8	2.4.741
126934	53910	Traxeostomiyanın dəyişdirilməsi	Ameliyat Hizmeti	8	2.1.412
111297	37707	Kafeterya Meyvə şirəsi 1 Lt.	Diğer Hizmet	8	
107064	15427	Ambulans xidməti, 1.bölğə həkimi ilə	Diğer Hizmet	8	
106510	13631	Plevra və ya perikard, biopsiya, patoloji müayinə	Patoloji Hizmeti	8	2.4.591
100151	12461	Xoş xassəli dəri və dərialtı törəmələrin kəsilib götürülməsi, 1 sm3-dən kiçik	Ameliyat Hizmeti	8	
104220	11430	Arteriyaial embolizasiya	Radyoloji Hizmeti	7	
128002	54977	Dermatoloji panel	Laboratuar Hizmeti	7	
116331	22691	Pieloplastika	Ameliyat Hizmeti	7	2.6.819
109804	34693	Oksigen konsentratorunun icarəsi, idxal	Diğer Hizmet	7	
128288	55268	Fizioterapiya və reabilitasiyada B qrupundakı xəstəliklər, evdə	Diğer Hizmet	7	
104413	13161	Sidik daşlarının analizi	Laboratuar Hizmeti	7	
116495	22818	Polipin kəsilməsi + dilatasiya + küretaj	Ameliyat Hizmeti	7	
121211	48659	KT, dirsək, sağ, kontrastsız	Radyoloji Hizmeti	7	2.1.257
114827	21439	Hipoplastik və ya kəsilmiş aorta qövsü, autogen və ya protez material ilə təmir	Ameliyat Hizmeti	7	2.6.512
117006	32966	Videotorakoskopiya ilə ağciyərin paz rezeksiyası, torakal cərrahiyyə	Ameliyat Hizmeti	7	2.6.355
103370	10348	Kardioversiya	Ameliyat Hizmeti	7	
105535	18944	Bordetella boğmaca, IgG anticismi	Laboratuar Hizmeti	7	2.4.899
101805	19901	Qısa ayaq splinti, dizin altında	Ameliyat Hizmeti	7	
117795	46047	Kreatinin (Bədən mayeləri)	Laboratuar Hizmeti	7	2.4.97
110376	35760	Vanil mandelik turşu, spot sidik	Laboratuar Hizmeti	7	2.4.234
110057	31607	Human epididymis protein 4 (HE4)	Laboratuar Hizmeti	7	2.4.755
115405	21952	Orta sümük sınıqlarının açıq reduksiyası, o cümlədən perkutan sancma	Ameliyat Hizmeti	7	2.6.1097
106831	20436	Saç əkimi, ümumi	Ameliyat Hizmeti	7	
104474	13279	Reduktant maddə testi, nəcisdə	Laboratuar Hizmeti	7	
104928	15481	Krioqlobulin	Laboratuar Hizmeti	7	2.4.100
128995	56003	Humerus rentgenoqrafiyası, birtərəfli, sol	Radyoloji Hizmeti	7	2.1.66
128441	55436	Kolorektal plus kanser paneli, bioassay	Laboratuar Hizmeti	7	
116809	23051	Patent arteriyaiosus kanalına stent implantasiyası (PDA)	Ameliyat Hizmeti	7	2.6.553
109625	34417	Kafeterya, Coca Cola, 300 ml	Diğer Hizmet	7	
115688	22147	Debridment, kiçik oynaq	Ameliyat Hizmeti	7	
111043	37069	Adams fəaliyyəti	Laboratuar Hizmeti	7	
103394	10753	İstənilən kardiostimulyator cihazının iki-boşluq cihazı ilə dəyişdirilməsi (DR pacemaker)	Ameliyat Hizmeti	7	2.6.477
106134	11340	MRT, hipofiz, kontrastsız	Radyoloji Hizmeti	7	2.1.289
105498	13744	Xaya, şiş, patoloji müayinə	Patoloji Hizmeti	7	2.4.721
106159	11352	MRT angioqrafiya, torakal	Radyoloji Hizmeti	7	2.1.321
116687	22940	Prostatın lazerlə müalicəsi	Ameliyat Hizmeti	7	
104221	11474	Transarteriyaial kimyaembolizasiya	Radyoloji Hizmeti	7	
116119	22505	Gözyaşardıcı kanalların intubasiyası	Ameliyat Hizmeti	7	2.6.154
112052	39957	Dırnaq göbələklərinin lazerlə müalicəsi, tək dırnaq, 3 seans	Diğer Hizmet	7	
129066	56078	Hər iki tibia-fibula rentgenoqrafiyası, ikitərəfli, sağ	Radyoloji Hizmeti	7	
115262	21849	Qastroenterostomiya	Ameliyat Hizmeti	7	2.6.610
116617	34120	Vaginal asma əməliyyatı (TOT)	Ameliyat Hizmeti	7	2.6.873
116619	22896	Transobturator lent tətbiqi	Ameliyat Hizmeti	7	
105453	13696	Tuba uterina (Uşaqlıq borusu), ektopik hamiləlik, patoloji müayinə	Patoloji Hizmeti	7	2.4.663
109048	14159	Gecə lövhəsi, bruksizm üçün, yumşaq	Diş	7	
128515	55511	Kafeterya, sirab, qazlı cam şişe, 0,5 ml	Diğer Hizmet	7	
129502	56526	İM inyeksiya, (əzələdaxili), evdə	Diğer Hizmet	7	
115366	21927	Qısa ayaq splinti, dizin altında (P)	Ameliyat Hizmeti	7	
115396	21946	Böyük sümük parçaları olan sınıqlar üçün cərrahiyyə, açıq İMN	Ameliyat Hizmeti	7	
105753	10867	EMQ, miyopatiya protokolu	Diğer Hizmet	7	2.1.479
105462	13709	Nazik bağırsaq, rezeksiya, qeyri-şiş, patoloji müayinə	Patoloji Hizmeti	7	2.4.704
108352	14911	Reduktant maddə testi, sidikdə	Laboratuar Hizmeti	7	
126953	53929	Mitral qapağın açıq və digər yolla toxuma qrefti ilə dəyişdirilməsi	Ameliyat Hizmeti	7	2.6.407
121273	48807	MRT, baldır, sağ, kontrastlı	Radyoloji Hizmeti	7	2.1.307
114821	21433	PDA ilə və ya olmayan aorta koarktasiyasının kəsilməsi, uçdan uca anastomoz	Ameliyat Hizmeti	7	2.6.512
128440	55435	Akciğer (lung) kanser paneli, bioassay	Laboratuar Hizmeti	7	
116090	22476	Dermoid kistlərin kəsilməsi	Ameliyat Hizmeti	7	
128090	55067	Perkütan endoskopik gastrostomi (PEG) tüpü değiştirilmesi	Ameliyat Hizmeti	7	
111088	37193	MPL bütün gen analizi	Laboratuar Hizmeti	7	
113528	43964	Vaginoplastika, mini	Ameliyat Hizmeti	7	
120348	48136	Qastroskopik polipektomiya, orta	Ameliyat Hizmeti	7	
103768	11885	Paximetriya testi	Diğer Hizmet	7	2.1.340
107155	36076	Bədxassəli şişin wedge rezeksiyası	Ameliyat Hizmeti	7	
130251	57317	Oynaqdaxili kök hüceyrə tətbiqi, 1 oynaq, 1 doz	Diğer Hizmet	7	
103429	12682	Transluminal balon angioplastika, bud və popliteal	Ameliyat Hizmeti	7	2.6.553
128597	55593	Uçuş Kılavuzları Check Up Paneli No 206	CheckUp	7	
123835	50838	LIV Uşaq Paketi (1-4 Yaş Arası)	CheckUp	7	
104769	13232	Kalium, digər bədən mayelərində	Laboratuar Hizmeti	7	
107309	15233	Kafeterya Tost	Diğer Hizmet	7	
106588	30650	İmmunohisto, CD X2	Patoloji Hizmeti	7	
110115	35326	USM ilə torasintez (Diaqnostik)	Radyoloji Hizmeti	7	
106339	19219	Sirolimus (rapamycin) səviyyəsinin təyini, HPLC-dən başqa bir üsulla	Laboratuar Hizmeti	7	2.4.14
115931	32886	Endoskopik üçüncü ventrikulostomiya	Ameliyat Hizmeti	7	2.6.45
114714	21332	Retroperitoneal törəmənin xaric olunması	Ameliyat Hizmeti	7	2.6.778
121298	48839	MRT, sakroiliak oynaq, kontrastlı	Radyoloji Hizmeti	7	2.1.303
117756	46012	Karnitin, total (Serum/Plazma)	Laboratuar Hizmeti	7	
114578	21222	Tonzillektomiya	Ameliyat Hizmeti	7	2.6.324
116501	34086	Bartolin absesi və ya kistlərinə marsupializasiya	Ameliyat Hizmeti	7	2.6.928
106109	11313	KT, dinamik üç fazalı, ikifazalı müayinə, kontrastlı	Radyoloji Hizmeti	7	2.1.275
104975	13472	Kultura antibioqramması	Laboratuar Hizmeti	7	
106318	20612	Spesifik IgE, f4, buğda unu	Laboratuar Hizmeti	7	2.4.306
127342	54318	Fotona lazerlə akne müalicəsi, orta	Diğer Hizmet	7	
115344	21915	Hemoroidektomiya, 3-cü və 4-cü dərəcə	Ameliyat Hizmeti	7	
115376	21934	Orta sümük sınıqlarının qapalı reduksiyası, o cümlədən şin və ya gips	Ameliyat Hizmeti	7	2.6.1079
104712	13220	Mikroalbumin, sidik, 24 saatlıq	Laboratuar Hizmeti	7	2.4.46
129048	56059	Nazofarenksin rentgenoqrafiyası	Radyoloji Hizmeti	7	2.1.14
106952	17241	Xromosom analizi, abort materialı*	Laboratuar Hizmeti	6	
130116	57175	Servikal və Urogenital İnfeksiyalar PCR Paneli	CheckUp	6	
106177	11342	MRT, orbita, ikitərəfli, kontrastsız	Radyoloji Hizmeti	6	2.1.287
112270	40600	C-MET	Laboratuar Hizmeti	6	
106484	13590	Bartolin vəzi kistası, patoloji müayinə	Patoloji Hizmeti	6	2.4.551
110064	16019	Periferik yaxma uzman qiymətləndirməsi	Diğer Hizmet	6	
100236	10578	Mərkəzi vena kateterizasiyası, boyun və ya körpücükaltı vena	Diğer Hizmet	6	
111132	20264	Fotona lazerlə kapilyarların müalicəsi, 5-10 arası	Diğer Hizmet	6	
102367	17458	Xarici ventrikulyar drenaj sisteminin yerləşdirilməsi	Ameliyat Hizmeti	6	2.6.44
111559	38293	Perkutan nefrostomiya	Radyoloji Hizmeti	6	2.6.804
108894	14107	Hər əlavə kanal üçün kanal müalicəsi	Diş	6	
106018	11276	Rəngli Doppler USM, Üst ətraf venoz, ikitərəfli	Radyoloji Hizmeti	6	
124593	51565	Traxeostomiya, perkutan/açıq cərrahiyyə, təcili	Ameliyat Hizmeti	6	
104684	13205	Kreatinin klirens testi	Laboratuar Hizmeti	6	2.4.98
117018	40646	Perkutan sistostomiya	Ameliyat Hizmeti	6	2.6.840
128350	55339	Preop İVF Donör Paketi (Kişi)	CheckUp	6	
121213	48661	KT, dirsək, sol, kontrastsız	Radyoloji Hizmeti	6	2.1.257
105488	13735	Kolon, total rezeksiya, patoloji müayinə	Patoloji Hizmeti	6	2.4.689
115446	21974	Osteotomiya və fiksasiya, orta sümük	Ameliyat Hizmeti	6	2.6.1029
106341	30004	Tiroid stimullaşdırıcı immunoqlobulin (TSI)	Laboratuar Hizmeti	6	
110149	35360	FISH (4 bölgəyə qədər)	Laboratuar Hizmeti	6	
121047	48736	KT, üz sümükləri və üst çənə, kontrastsız	Radyoloji Hizmeti	6	2.1.276
113808	44676	Vitrektomiya + Silikon yağı	Ameliyat Hizmeti	6	2.6.225
107294	15213	Kafeterya Poğaça	Diğer Hizmet	6	
100204	12292	Yaranın debridmanı, böyük	Ameliyat Hizmeti	6	2.1.498
119039	47446	Maqnezium, sidik, 24 saatlıq	Laboratuar Hizmeti	6	2.4.821
106456	13926	IgG1 testi	Laboratuar Hizmeti	6	
106458	13899	IgG3 testi	Laboratuar Hizmeti	6	
122645	40956	Akut Gastroenterit Paketi	CheckUp	6	
104890	14861	Faktor 10 (Stuart faktoru) aktivliyi	Laboratuar Hizmeti	6	2.4.265
105183	13831	Amöb anticisimləri, IHA	Laboratuar Hizmeti	6	
114668	33866	Seqmental mastektomiya + aksiller diseksiya	Ameliyat Hizmeti	6	
108191	12953	Portun çıxarılması (açıq cərrahi üsul)	Ameliyat Hizmeti	6	
113857	44835	Konsultasiya müayinəsi, kənar həkim	Konsültasyon Hizmeti	6	
128279	55259	Şəxsi tibb bacısı xidməti, 4 saat	Diğer Hizmet	6	
117190	40201	Safen maqna və/və ya parvanın lazerlə endovenoz ablasiyası	Ameliyat Hizmeti	6	
100421	17446	Dərin traxeal aspirasiya	Diğer Hizmet	6	
104654	15320	Noradrenalin (norepinefrin), sidik, 24 saatlıq	Laboratuar Hizmeti	6	
104615	13404	IGF-BP3 (insulin- like-growth  faktoru bağlayan protein-3) testi	Laboratuar Hizmeti	6	2.4.847
115525	22039	Tendon transferi, hər hansı əlavə vətər, ortopediya və travmatologiya	Ameliyat Hizmeti	6	2.6.1262
108716	15558	Morqdan istifadə qiyməti	Diğer Hizmet	6	
116286	22653	Tiroidektomiya, total, ikitərəfli	Ameliyat Hizmeti	6	
129472	56497	Karaciğer Nakli Verici Paneli	CheckUp	6	
114504	21154	Funksional endoskopik sinus cərrahiyyəsi, birtərəfli	Ameliyat Hizmeti	6	
116708	22959	Birtərəfli enməmiş xaya + qasıq yırtığının təmiri	Ameliyat Hizmeti	6	
128593	55589	Sınıf 3 Check Up Paneli No 311	CheckUp	6	
106383	18432	HLA-DR, molekulyar aşağı həll olma qabiliyyəti	Laboratuar Hizmeti	6	
110592	36202	Epstein Barr (EBV) profili	Laboratuar Hizmeti	6	
104461	13234	Serum fenilalanin səviyyəsi	Laboratuar Hizmeti	6	2.4.177
105729	10940	Neyropsixoloji test	Diğer Hizmet	6	
107720	20658	Sarğı, evdə	Diğer Hizmet	6	
106247	13115	Spesifik IgE, d2 gənələr, mites	Laboratuar Hizmeti	6	2.4.306
104426	13946	CH-50 (total hemolitik komplementar aktivlik - komplementar komponent C3)	Laboratuar Hizmeti	6	2.4.324
112281	40614	Kalretikulin Mutasiyasının Skrininqi	Laboratuar Hizmeti	6	
105997	16716	Rəngli Doppler USM, mamalıq, 12 həftə üstü çox döllü hamiləlik, hər bir döl üçün	Diğer Hizmet	6	
106734	9717	Augmentation mammoplasty, birtərəfli	Ameliyat Hizmeti	6	
116557	22855	Laparoskopiya ilə boruların bağlanması	Ameliyat Hizmeti	6	
114739	21363	Diskret subvalvular aorta stenozunda subvalvular rezeksiya və ya kəsik	Ameliyat Hizmeti	6	2.6.416
110509	36019	Perkutan endoskopik qastrojejunostomiya (PEGJ)	Ameliyat Hizmeti	6	2.6.611
115290	21875	Nazik bağırsağın (jejunum və ya ileum) rezeksiyası, subtotal	Ameliyat Hizmeti	6	2.6.636
104294	11256	USM, oynaq, birtərəfli, bud-çanaq oynağı istisna olmaqla	Radyoloji Hizmeti	6	2.1.217
113543	44045	Botoks, çənə, masseter botoks	Diş	6	
116151	22533	Pterigium əməliyyatı	Ameliyat Hizmeti	6	2.6.170
106457	13898	IgG2 testi	Laboratuar Hizmeti	6	
110116	35327	USM ilə torasintez (Terapevtik)	Radyoloji Hizmeti	6	
116917	19501	Laparoskopik, Qastrektomiya, subtotal	Ameliyat Hizmeti	6	
110720	36378	İrriqasiya	Diğer Hizmet	6	
128149	55126	Spermiyogram, donör	Laboratuar Hizmeti	6	2.4.530
107844	19806	Spiral tətbiq (spiral istisna olmaqla), hormonal	Ameliyat Hizmeti	6	2.1.463
105151	16488	Brusella abortus, IgG anticismi	Laboratuar Hizmeti	6	2.4.355
115064	33093	Inguinal limfa düyünlərinin kəsilməsi	Ameliyat Hizmeti	6	
106006	11269	Rəngli Doppler USM, penis	Radyoloji Hizmeti	6	
111254	37568	PNH paneli	Laboratuar Hizmeti	6	
115330	21905	Rektosiqmoid şişlərdə anterior rezeksiyası	Ameliyat Hizmeti	6	2.6.688
104970	32173	Trombosit funk. sekresiya (hər bir aqreqat üçün )	Laboratuar Hizmeti	6	2.4.291
107931	10081	Orxipeksiya ,təktərəfli	Ameliyat Hizmeti	6	2.6.888
109537	34312	Kafeterya Pomidor yumurta	Diğer Hizmet	6	
128319	55308	Hudoplasti	Ameliyat Hizmeti	6	
121335	48815	MRT, süd vəzi, sağ, kontrastlı	Radyoloji Hizmeti	6	2.1.320
110069	11122	Kəllə iki proyeksiyalı	Radyoloji Hizmeti	6	
123048	50154	Alfa talassemiya (Silinmə analizi)	Laboratuar Hizmeti	6	
104889	14002	Faktor 9 (christmas) aktivliyi	Laboratuar Hizmeti	6	2.4.264
105366	19962	BK virusunun aşkarlanması, PZR üsulu ilə	Laboratuar Hizmeti	6	
100283	10759	Defibrilyasiya ilə kardiopulmoner reanimasiya	Müdahale Hizmeti	6	
129495	56519	Hamilələrdə Grup B Streptokok (GBS) Taraması	CheckUp	6	
116323	32903	Laparoskopik, nefroureterektomiya	Ameliyat Hizmeti	6	
102219	4943	Uzun ayaq gipsi və ya şinlə	Ameliyat Hizmeti	6	2.1.493
119717	47589	Hemakromatoz, HFE Bütün Gen Ardıcıllığı Analizi Ardıcıllıq Analizi	Laboratuar Hizmeti	6	
105445	13685	Pankreas, biopsiya, patoloji müayinə	Patoloji Hizmeti	6	2.4.642
128274	55254	Dəridən xoş xassəli törəmənin götürülmesi, 10 mm-ə qədər	Müdahale Hizmeti	6	
121221	48675	KT, əl biləyi, sol, kontrastsız	Radyoloji Hizmeti	6	2.1.256
106213	13903	İmmunoelektroforez, sidik, 24 saatlıq	Laboratuar Hizmeti	6	
106246	13128	Spesifik IgE, d1 gənələr, mites	Laboratuar Hizmeti	6	2.4.306
127423	54399	Süd vəzi xərçəngi test paneli	Laboratuar Hizmeti	6	
100365	10273	Epidural inyeksiya, lumbar-kaudal	Ameliyat Hizmeti	6	
114220	21001	Bədxassəli dəri şişlərinin kəsilməsi və flap və ya greftlə təmiri	Ameliyat Hizmeti	6	
103523	10528	Endoskopik submukozal diseksiya	Ameliyat Hizmeti	6	
103524	16810	Endoskop kanalına balon qoyularaq mədə-bağırsaq traktının darlıqlarının dilatasiyası	Ameliyat Hizmeti	6	
113523	43939	Botoks tətbiqi, miqren	Diğer Hizmet	6	
125580	52555	Kəsib-çıxarma, zədələmənin kəsilib çıxarılması	Ameliyat Hizmeti	6	
119789	48008	Kontakt linza sınağı	Diğer Hizmet	6	
110372	35755	Homovanil turşusu, spot sidik	Laboratuar Hizmeti	6	2.4.147
105224	13872	Exinokokk dolayı hemaqlütinasiya (İHA) testi	Laboratuar Hizmeti	6	2.4.334
106192	13278	5-hidroksiindol sirkə turşusu, sidik	Laboratuar Hizmeti	6	2.4.811
105106	13832	Anti-insulin anticismi (AIA)	Laboratuar Hizmeti	6	
104170	11147	Oma-büzdüm radioqrafiyası, iki proyeksiyalı	Radyoloji Hizmeti	6	2.1.123
129056	56068	Akut Bronşit Paketi	Diğer Hizmet	6	
116595	34114	Paraaortik limfadenektomiya	Ameliyat Hizmeti	6	
129038	56048	Əl-bilək rentgenoqrafiyası, birtərəfli, müqayisəli	Radyoloji Hizmeti	6	2.1.86
129031	56039	Diz rentgenoqrafiyası, birtərəfli, müqayisəli	Radyoloji Hizmeti	5	
112051	39956	Kimyəvi peeling, dərmanlar daxil olmaqla, regional, 4 seansı	Diğer Hizmet	5	
116152	18566	Avtogreft ilə ptergium əməliyyatı	Ameliyat Hizmeti	5	2.6.171
123115	50221	RET gen ardıcıllığı analizi	Laboratuar Hizmeti	5	
107271	30463	Kafeterya Günün şorbası	Diğer Hizmet	5	
103502	19963	Spirometriya erqonometrik qaçış testi	Diğer Hizmet	5	2.1.385
121311	48789	MRT, əl, sol, kontrastlı	Radyoloji Hizmeti	5	2.1.309
121336	48816	MRT, süd vəzi, sol, kontrastlı	Radyoloji Hizmeti	5	2.1.320
106985	17256	Protrombin mutasiyası analizi*	Laboratuar Hizmeti	5	
110897	36749	Oral qlükoza tolerantlıq testi (OGTT), 75 q, 3 saat, insulinlə	Laboratuar Hizmeti	5	
121986	49269	Fundus avtofluoressen fotoqrafiyası	Diğer Hizmet	5	2.1.338
126205	53181	Plevral punksiya	Müdahale Hizmeti	5	
105456	13702	Adrenal (sürrenal), rezeksiya, patoloji müayinə	Patoloji Hizmeti	5	2.4.671
104570	13414	Teofillin səviyyəsinin təyini,  HPLC-dən başqa bir üsulla	Laboratuar Hizmeti	5	
127627	54603	Psixoloq konsultasiyası	Konsültasyon Hizmeti	5	
126959	53935	Tək kateter istifadə etməklə koronar arterioqrafiya	Ameliyat Hizmeti	5	2.5.7
100326	10250	Faset median sinir bloku, lumbar, tək	Diğer Hizmet	5	
114648	21271	Məmə böyüdülməsi, yarım anatomik implantla, hər iki süd vəziləri	Ameliyat Hizmeti	5	
110804	36535	Desmoglein 3, (Dsg3)	Laboratuar Hizmeti	5	2.4.865
108239	19634	Şəxsi tibb bacısı xidməti, 6 saat	Diğer Hizmet	5	
105660	14660	Dəri prick testi , digər	Diğer Hizmet	5	
115291	33926	Jejunum və ya ileum rezeksiyası, subtotal	Ameliyat Hizmeti	5	2.6.636
115856	22276	Xoşxassəli sümük şişi və ya kist, küretaj və ya rezeksiya, böyük sümük	Ameliyat Hizmeti	5	2.6.1051
116492	22815	Servikal biopsiya və diaqnostik küretaj	Ameliyat Hizmeti	5	
111294	37703	Kafeterya Keks	Diğer Hizmet	5	
123111	50217	PIK3CA gen mutasiyasının təhlili	Laboratuar Hizmeti	5	
104173	14886	Servikal radioqrafiya, bir proyeksiyalı	Radyoloji Hizmeti	5	2.1.29
104374	13156	Amilaza, sidik, spot	Laboratuar Hizmeti	5	2.4.814
108271	10358	Mərkəzi venoz təzyiqin ölçülməsi	Diğer Hizmet	5	
121304	48855	MRT, bud, ikitərəfli, kontrastsız	Radyoloji Hizmeti	5	
120454	48313	Kəskin limfoblastik leykemiya (bütün) testlər, pediatrik	Laboratuar Hizmeti	5	
121054	48776	MRT, beyin, SWI	Radyoloji Hizmeti	5	2.1.288
110140	35351	Öd Mayesi Kulturası, anaerob	Laboratuar Hizmeti	5	
125515	52490	Liv Bona Dea Genc-Plus Kişi 40-49 yaş	CheckUp	5	
113783	44549	Port iynəsinin daxil edilməsi, tibb bacısı	Diğer Hizmet	5	
116410	22758	Sistoskopiya və sidik kisəsinin "punch" biopsiyası, urologiya	Ameliyat Hizmeti	5	
100179	16413	Nazoqastrik borunun qoyulması, yeni doğulmuş	Diğer Hizmet	5	2.1.438
100230	10361	Hikman kateterinin qoyulması	Ameliyat Hizmeti	5	
116327	22689	Perianal abses drenajı, cərrahi yolla	Ameliyat Hizmeti	5	
121321	48863	MRT, yuxarı qol, sol, kontrastlı	Radyoloji Hizmeti	5	2.1.320
109507	34281	Kafeterya Səhər yeməyi, alternativ - 1	Diğer Hizmet	5	
112230	40483	Lazerlə vaginal cavanlaşdırma, bir seans	Diğer Hizmet	5	
100147	9645	10 sm-dən çox və/və ya bir çox nahiyədə dərinin yarılması bərpası	Ameliyat Hizmeti	5	
107250	20116	Foto çəkiliş - Sadə paket	Diğer Hizmet	5	
111362	38039	Sitoreduktiv cərrahiyyə, boşalma əməliyyatı	Ameliyat Hizmeti	5	
106995	20523	Spinal əzələlərinin atrofiyası xəstəliyinin analizi*	Laboratuar Hizmeti	5	
119765	47629	Talassemiya ALFA-HBA1&HBA2 Hədəf Mutasiya Analizi Prenatal	Laboratuar Hizmeti	5	
125679	52654	Ginekoloji Check Up Paketi (45 Yaşa Qeder)	CheckUp	5	
116487	22811	Labial birləşmənin açılması	Ameliyat Hizmeti	5	
109769	34658	TON III oksipital sinir PRF	Diğer Hizmet	5	
128287	55267	Fizioterapiya və reabilitasiyada A qrupundakı xəstəliklər, evdə	Diğer Hizmet	5	
104891	14860	Faktor 11 (PTA) aktivliyi	Laboratuar Hizmeti	5	2.4.266
127787	54763	Paşa Sigorta Universal Plus Check Up Paneli (Qadın)	CheckUp	5	
125122	52098	Urospiral (mövcud DJS/J/JJ stent) dəyişdirilməsi	Ameliyat Hizmeti	5	
110580	10927	Dırnaqların geri çəkilməsi və yatağın reviziyası	Ameliyat Hizmeti	5	2.1.511
116128	22514	Rektusun resesiyası və rezeksiyası, birtərəfli	Ameliyat Hizmeti	5	2.6.227
104368	13154	Alfa-1 antitripsin, serum	Laboratuar Hizmeti	5	2.4.49
129070	56082	Omba rentgenoqrafiyası, birtərəfli, sağ	Radyoloji Hizmeti	5	2.1.121
111922	39531	PT qarışıq testi	Laboratuar Hizmeti	5	2.4.293
115279	21865	Qidalanma jejunotomiya	Ameliyat Hizmeti	5	
125575	52550	Buruna tikiş qoyulması	Ameliyat Hizmeti	5	2.1.552
114796	21407	Fallot tetralogiyası transannular yamaq olmadan tam təmir	Ameliyat Hizmeti	5	2.6.429
100322	31685	Tətik nöqtəsi/tendon qabığı/bağ inyeksiyası, tək seans	Ameliyat Hizmeti	5	
104468	13178	Fruktozamin	Laboratuar Hizmeti	5	2.4.801
110803	36534	Desmoglein 1, (Dsg1)	Laboratuar Hizmeti	5	2.4.864
107293	30472	Kafeterya Toyuq şnitzel	Diğer Hizmet	5	
105706	10550	Rektosiqmoidoskopiya, sol kolonoskopiya, elastik rektosiqmoidoskopiya	Ameliyat Hizmeti	5	2.1.451
105085	17611	Anti-fosfolipid, IgM	Laboratuar Hizmeti	5	2.4.319
126964	53940	Ürək resinxronizasiya defibrilyatorun implantasiyası, total sistem (ÜRT-D)	Ameliyat Hizmeti	5	2.6.11
115415	33947	Kiçik oynaq sınığı dislokasiyası açıq reduksiya + skopi nəzarəti altında fiksasiya	Ameliyat Hizmeti	5	
115449	21976	Pin çıxarılması	Ameliyat Hizmeti	5	
113324	43405	Mezoterapiya, gözaltı, 1 seans	Diğer Hizmet	5	
122803	49984	Rubber-Dam tətbiqi	Diş	5	
119357	47351	DNT ardıcıllığı 21 və ya daha çox reaksiya, 1-20 cüt daxil olmaqla iki addım	Laboratuar Hizmeti	5	
115715	22171	Ayağın postero-medial sərbəst buraxılması	Ameliyat Hizmeti	5	2.6.451
103781	10706	Beyin kötüyü doğrulan cavab audiometriyası (BERA - brainstem evoked response audiometry))	Tetkik Hizmeti	5	2.1.543
126226	53202	Nevusun (xal) radiocərrahi götürülməsi, 10mm böyük	Diğer Hizmet	5	
110124	35335	MRT, diffuziya, tensor görüntüləmə, traktoqrafiya	Radyoloji Hizmeti	5	
125518	52493	Kardiovaskular Risk Diaqnozu	CheckUp	5	
103072	12054	Vulvanın koterizasiyası	Müdahale Hizmeti	5	
113499	43856	Onlayn konsultasiya	Diğer Hizmet	5	
129076	56088	Həm ayaq biləyi rentgenoqrafiyası, iki tərəfli, müqayisəli	Radyoloji Hizmeti	5	
129094	56105	Diz rentgenoqrafiyası, üç tərəfli, sol	Radyoloji Hizmeti	5	2.1.131
114671	21290	Qasıq yırtığının təmiri, birtərəfli, greftsiz təmir	Ameliyat Hizmeti	5	2.6.754
129629	56660	Retinal cırılmanın bərpa növü	Ameliyat Hizmeti	5	2.6.221
121188	48665	KT, diz, sağ, kontrastsız	Radyoloji Hizmeti	5	2.1.260
119984	48053	SARS-Cov-2 Spike Protein Ab.	Laboratuar Hizmeti	5	
116440	22782	Uretradan və ya sidik kisəsindən daşların və ya yad cisimlərin çıxarılması	Ameliyat Hizmeti	5	2.1.625
112213	40441	PD-L1 geni	Laboratuar Hizmeti	5	
127339	54315	Fotona lazerlə xoşxassəli dəri törəməsinini alınması, 10 mm qədər	Diğer Hizmet	5	
114789	21400	Ağciyər arteriyaiyasının bantlanması	Ameliyat Hizmeti	5	2.6.533
106466	13815	İİAB, yaxma preparatlar, sitopatoloji müayinə	Patoloji Hizmeti	5	2.4.539
116726	15219	Testisdən sperma çıxarılması, mikro TESE	Ameliyat Hizmeti	5	
109241	30374	Tam keramika onlay (metal dəstəksiz)	Diş	5	
107384	17338	Dəri baxımı, Whitening müalicə kursu	Diğer Hizmet	5	
114503	21153	Funksional endoskopik sinus əməliyyatı, ikitərəfli	Ameliyat Hizmeti	5	
116975	32936	Qaraciyərin seqmentektomiyası, seqment başına	Ameliyat Hizmeti	5	
104743	13225	Osmolyarlığın ölçülməsi, serum	Laboratuar Hizmeti	5	2.4.169
130501	57572	Media-Tur Hediye Check Up Paneli (40 Yaş Üzeri)	CheckUp	5	
128747	55744	NGS TMB+MSI+HRD	Laboratuar Hizmeti	5	
104790	32092	Revers T-3 (RT-3)	Laboratuar Hizmeti	5	
111842	39159	Dentin pin tətbiqi, pin başına	Diş	5	
106019	4863	Rəngli Doppler USM, qalxanabənzər vəzi	Radyoloji Hizmeti	5	2.1.229
116804	23046	Patent dutus arteriyaiosusun (PDA) perkutan transkateterlə bağlanması	Ameliyat Hizmeti	5	2.6.533
116890	19506	Laparoskopik, Hemikolektomiya, sağ və ya sol	Ameliyat Hizmeti	5	2.6.267
100078	12243	Dəridən və/və ya dərialtı toxumalardan abses və ya hematom drenajı, dərin	Ameliyat Hizmeti	5	2.1.514
100317	10233	Faset oynağına ağrıkəsici inyeksiya, servikal	Ameliyat Hizmeti	5	
115361	36020	Dirsəkdən aşağı, ön kol gipsi (P)	Ameliyat Hizmeti	5	2.1.486
125639	52614	Hemodializ (0-2 saat)-DEVİCE 5008S	Diğer Hizmet	5	
101807	17751	Uzun ayaq splinti, dizdən yuxarı	Ameliyat Hizmeti	5	
123253	50326	Prostatın isti su buxarının müalicəsi (Rezum)	Ameliyat Hizmeti	5	
129050	56061	Hər iki dirsək rentgenoqrafiyası, ikitərəfli, müqayisəli	Radyoloji Hizmeti	5	
128518	55514	Kafeterya, hot dog	Diğer Hizmet	5	
100174	10574	Mədə yuyulması	Müdahale Hizmeti	5	2.1.455
107843	10654	İpi uşaqlığa qaçan spiralın çıxarılması	Ameliyat Hizmeti	5	2.1.464
110251	35543	Dekubit yarasının debridmanı	Diğer Hizmet	5	
117703	45955	Folat (Eritrosit)	Laboratuar Hizmeti	5	
121030	48737	MRA, abdominal aorta və arteriyaiyalar	Radyoloji Hizmeti	5	2.1.322
115448	21975	Osteotomiya və fiksasiya, kiçik sümük	Ameliyat Hizmeti	5	2.6.1028
121281	48782	MRT, dirsək, sol, kontrastlı	Radyoloji Hizmeti	5	2.1.300
114580	21223	Tonsillektomiya və adenoidektomiya	Ameliyat Hizmeti	5	2.6.325
106992	20522	RT-PCR, t (15; 17), PML/RARa translokasiyası*	Laboratuar Hizmeti	5	
111185	37380	Kafeterya Xırtıldayan toyuq	Diğer Hizmet	5	
121196	48684	KT, bud-çanaq, sol, kontrastsız	Radyoloji Hizmeti	5	2.1.270
116482	15080	Endometriyal biyopsiya, Novak ilə	Ameliyat Hizmeti	5	
112272	40604	Faktor II Mutasiyası	Laboratuar Hizmeti	5	
116737	22981	Mikroskopik varikoselektomiya,ikitərəfli	Ameliyat Hizmeti	5	2.6.890
103537	10537	Yad cismin özofaqoskopiya və ya qastroskopiya ilə çıxarılması	Diğer Hizmet	5	
107279	34420	Kafeterya, Fanta, 300 ml	Diğer Hizmet	5	
100202	9796	Yaranın debridmanı, kiçik	Ameliyat Hizmeti	5	2.1.500
125572	52547	Yumuşaq toxuma şişlərinin rezeksiyası	Ameliyat Hizmeti	5	2.4.668
117039	34846	Dekompressiv kraniektomiya, birtərəfli	Ameliyat Hizmeti	5	2.6.28
111091	37196	Rəngli Doppler USM, aşağı ətrafların səthi-dərin perforasiya edən venaları, birtərəfli	Radyoloji Hizmeti	5	2.1.236
104303	17524	USM, İntravaskulyar ultrasəs, IVUSM	Ameliyat Hizmeti	5	2.1.227
114031	45227	Çoxsaylı miyeloma, müalicənin təqibi, mrd (flowcytometry)	Laboratuar Hizmeti	5	
106375	18428	HLA-B, molekulyar aşağı həll olma qabiliyyəti	Laboratuar Hizmeti	5	
121217	48671	KT, əl, sol, kontrastsız	Radyoloji Hizmeti	5	2.1.284
121258	48722	KT, torakal vertebra, kontrastlı	Radyoloji Hizmeti	5	2.1.284
101097	12577	İnfundibulyar stenozda komissurotomiya ilə və ya olmadan sağ mədəciyin rezeksiyası	Ameliyat Hizmeti	5	2.6.415
121353	48802	MRT, qaraciyər, kontrastlı	Radyoloji Hizmeti	5	2.1.320
126163	53139	Port iğnesi değişimi, evdə	Diğer Hizmet	5	
121194	48682	KT, bud-çanaq, sağ, kontrastsız	Radyoloji Hizmeti	5	2.1.270
115408	21954	Orta sümük psevdoartrozunun cərrahi müalicəsi, o cümlədən perkutan sancma (CCT)	Ameliyat Hizmeti	5	
116548	34097	Laparoskopik, ektopik hamiləlik əməliyyatları	Ameliyat Hizmeti	5	
105475	13683	Yumurtalıq (boru ilə və ya olmadan), qeyri-neoplastik, patoloji müayinə	Patoloji Hizmeti	4	2.4.669
103846	14989	Anti-sperma anticisim (ASA), dolayı	Laboratuar Hizmeti	4	2.4.862
129016	56024	Omba rentgenoqrafiyası, birtərəfli, sol	Radyoloji Hizmeti	4	2.1.122
115712	32857	Ayağın tam subtalar sərbəst buraxılması	Ameliyat Hizmeti	4	
116971	33558	Histerektomiya, qarın+salpinqo-ooforektomiya	Ameliyat Hizmeti	4	
108458	11210	Rəqəmsal Mammoqrafiya iki tərəfli	Radyoloji Hizmeti	4	2.1.172
117875	46127	Sistatin C, serum	Laboratuar Hizmeti	4	2.4.102
106877	20584	FISH 11q23, MLL *	Laboratuar Hizmeti	4	
109517	34291	Kafeterya Şokolad ve meyveli pancake	Diğer Hizmet	4	
128578	55574	Sınıf 3 Check Up Paneli No 304	CheckUp	4	
123993	50958	JC virus PCR	Laboratuar Hizmeti	4	
111800	38946	Dəri prick testi, 5 ədəd	Diğer Hizmet	4	
119915	48050	Kafeterya Portağal şirəsi	Diğer Hizmet	4	
104982	15006	Aerobik qulaq kulturası	Laboratuar Hizmeti	4	
106743	9689	Qaşın qaldırılması iki qas, ambulator	Ameliyat Hizmeti	4	
106745	9702	Liposaksiya, bir bölgə	Ameliyat Hizmeti	4	
113997	45181	Ailəvi süd vəzi və yumurtalıq xərçəngi, BRCA1 geni, bütün gen ardıcıllığının təhlili	Laboratuar Hizmeti	4	
101765	12231	Anal Eksplorasiya	Ameliyat Hizmeti	4	
116369	22720	Ureterorenoskopiya, diaqnostik	Ameliyat Hizmeti	4	2.6.828
108326	32582	Qlükoza-GH testi	Laboratuar Hizmeti	4	
105550	18184	Fluoresan treponemal anticisimlərin absorbsiyası (FTA-ABS) testi, IGG	Laboratuar Hizmeti	4	
105607	19802	Leptospira IgM, ELISA	Laboratuar Hizmeti	4	
104646	15319	Adrenalin (epinefrin), sidik, 24 saat	Laboratuar Hizmeti	4	
115108	21721	Traxeotomiya açılması planlaşdırılır	Ameliyat Hizmeti	4	2.6.334
120583	48439	Timpanoplastika, açıq texnika (obliterasiya üsulları ilə)	Ameliyat Hizmeti	4	2.6.274
121083	48866	MRT, yumşaq toxuma, kontrastsız	Radyoloji Hizmeti	4	2.1.320
112274	40607	FISH (1;19) (E2A)	Laboratuar Hizmeti	4	
108611	30776	Varicella zoster (HHV-3)(VZV-PCR)	Laboratuar Hizmeti	4	
126778	53754	Treponema pallidum IgM	Laboratuar Hizmeti	4	2.4.393
115348	21918	Perianal absesin drenajı	Ameliyat Hizmeti	4	2.6.695
126961	53937	İki damarda aparılan prosedur (əlavə damar müdaxiləsi)	Radyoloji Hizmeti	4	2.6.2
105737	10842	EEQ monitorinqi, 24 saat	Diğer Hizmet	4	
123672	50692	Fotona lazerlə dəri gəncləşməsi, üz	Diğer Hizmet	4	
102644	11887	Nazolakrimal yuyulma	Müdahale Hizmeti	4	2.1.351
129001	56009	Bud sümüyünün rentgenoqrafiyası, birtərəfli, sol	Radyoloji Hizmeti	4	2.1.127
126446	53422	Sperma DNT parçalanma testi	Laboratuar Hizmeti	4	
107177	30513	Dəri prick testi, 10 ədəd	Diğer Hizmet	4	
108228	10687	Dərman seansı istisna olmaqla, yerli dərman tətbiqləri	Diğer Hizmet	4	2.1.413
116552	22852	Endometrioz əməliyyatı	Ameliyat Hizmeti	4	
114329	33805	Günəş lentiqonunun lazerlə məhv edilməsi, orta	Ameliyat Hizmeti	4	
116569	34106	Yumurtalıq kistinin aspirasiyası	Ameliyat Hizmeti	4	2.6.919
109951	34866	Kafeterya Cheese Burger	Diğer Hizmet	4	
117722	45974	Qlükoza, 24 saatlıq sidik	Laboratuar Hizmeti	4	
105084	14987	Anti-fosfolipid, IgG	Laboratuar Hizmeti	4	2.4.319
130205	57265	Basit mastektomi+sentinel lenf nodu biyopsisi (aynı/farklı kesiden)	Ameliyat Hizmeti	4	2.6.279
129103	56115	Itochu Check Up Paneli (Kişi)	CheckUp	4	
129033	56042	Əl-bilək rentgenoqrafiyası, birtərəfli, sağ	Radyoloji Hizmeti	4	2.1.86
106039	11325	KT, lumbar, 3D, kontrastsız	Radyoloji Hizmeti	4	2.1.272
129052	56063	Hər iki çiyin rentgenoqrafiyası, ikitərəfli, müqayisəli	Radyoloji Hizmeti	4	
125861	52837	Atipik hemolitik uremik sindrom paneli (NGS + CNV + MLPA)	Laboratuar Hizmeti	4	
121313	48824	MRT, ön qol, sağ, kontrastlı	Radyoloji Hizmeti	4	2.1.320
119916	48051	Kafeterya, sütlaç	Diğer Hizmet	4	
106501	13619	Qırtlaq, biopsiya, patoloji müayinə	Patoloji Hizmeti	4	2.4.577
119062	47482	Tiroid Paketi	CheckUp	4	
104472	13515	Nəcisin pH ölçülməsi	Laboratuar Hizmeti	4	2.4.913
117483	45630	Prostat vəzinin biopsiyası (transrektal ultrasəs ilə)	Radyoloji Hizmeti	4	2.6.877
109813	34702	Aspiratorun icarəsi, idxal	Diğer Hizmet	4	
129483	56508	ESR1 geni, tüm gen dizi analizi, dokudan	Laboratuar Hizmeti	4	
105047	13492	Mikobakteriya kulturası, avtomatik sistem, bronxoalveolyar lavaj (BAL)	Laboratuar Hizmeti	4	
108398	13314	PH və Sıxlıq	Laboratuar Hizmeti	4	2.4.174
105551	17555	Fluoresan treponemal anticisim absorbsiyası (FTA-ABS) testi IgM	Laboratuar Hizmeti	4	
114718	21335	Perikardiotomiya, laxtalanma və ya xarici cismin çıxarılması üçün əsas prosedur	Ameliyat Hizmeti	4	2.6.453
106619	32394	Digər immunohistokimyəvi müayinə qrupu 2 anticisim	Patoloji Hizmeti	4	
115968	22378	Karotid endarteriyaektomiya	Ameliyat Hizmeti	4	2.6.492
119312	47839	Laparoskopik total histerektomiya + ikitərəfli salpinqo-ooforektomiya (TLH+BSO)	Ameliyat Hizmeti	4	
106544	13700	Vulva və ya labia, biopsiya, patoloji müayinə	Patoloji Hizmeti	4	2.4.667
104815	20051	Serum sifra 21-1 səviyyəsi (cytokeratin marker Cyfra 21-1)	Laboratuar Hizmeti	4	
121352	48778	MRT, böyrək, ikitərəfli, kontrastlı	Radyoloji Hizmeti	4	2.1.311
106894	20560	FISH t(15;17), PML/RARA*	Laboratuar Hizmeti	4	
128872	55874	SOD1 bütün gen ardıcıllığı analizi	Laboratuar Hizmeti	4	
104758	13229	Piruvat testi	Laboratuar Hizmeti	4	2.4.740
127590	54566	Kafeterya Jeleli ekler	Diğer Hizmet	4	
110860	36668	Koenzim Q10	Laboratuar Hizmeti	4	
113649	44319	Qan qrupu (ABO) və Rh təyini, coombs ilə	Laboratuar Hizmeti	4	2.4.406
101132	12609	Atrial septal defekt, sinus venozu, birbaşa və ya yamaq bağlanması, anormal ağciyər venoz drenajı var/yoxdur	Ameliyat Hizmeti	4	2.6.426
116293	15648	Laparoskopik, adrenalektomiya	Ameliyat Hizmeti	4	
116140	22524	Keratoplastika	Ameliyat Hizmeti	4	2.6.175
108587	30131	Çiyin oynaq kompleks blok, tək çiyin	Diğer Hizmet	4	2.6.1206
107319	20115	Otaq Bəzəyi, VIP	Diğer Hizmet	4	
116711	22962	Qasıq yırtığının təmiri, ikitərəfli və orxidopeksiya, birtərəfli	Ameliyat Hizmeti	4	
109456	34226	Fraksional lazerlə sızanaq çapıqları, üz nahiyəsi, böyük	Diğer Hizmet	4	
112446	41090	Otaq Bəzəyi, qold	Diğer Hizmet	4	
127857	54833	Kafeterya, Coca Cola, 500 ml	Diğer Hizmet	4	
110360	35740	Varicella zoster IgG ASI	Laboratuar Hizmeti	4	2.4.396
117797	46049	Qurğuşun sidiyi	Laboratuar Hizmeti	4	2.4.831
114221	21002	Bədxassəli dəri şişlərinin və ilkin tikişlərin kəsilməsi	Ameliyat Hizmeti	4	
116493	22816	Servikal eroziyanın koterizasiyası	Ameliyat Hizmeti	4	2.6.929
112131	40297	Görüntüləmə altında biopsiya (qalın və ya incə iynə), ağciyər	Radyoloji Hizmeti	4	
106248	19022	Spesifik IgE, e1 pişik epiteli və kəpəyi	Laboratuar Hizmeti	4	2.4.306
108605	30631	Diepoksi butazon (DEB) testi	Laboratuar Hizmeti	4	
106215	18322	Civə (AAS), serum	Laboratuar Hizmeti	4	
120102	47713	T-9;22 bcr-abl-Mbcr-p210-IS RT PCR	Laboratuar Hizmeti	4	
122827	50006	Sarkoma birləşmə paneli, 55 Gen	Laboratuar Hizmeti	4	
122791	49972	Dolğu, çənə	Diğer Hizmet	4	
116340	33148	Endoskopik ureter daşının müalicəsi	Ameliyat Hizmeti	4	
104325	11241	USM, döş qəfəsi	Radyoloji Hizmeti	4	2.1.210
111477	38135	HE4+CA125,ROMA Qiymətləndirmə nəticəsi daxil olmaqla	Laboratuar Hizmeti	4	
113985	45166	Neyrofibromatoz 1, NF1 geni, tam gen ardıcıllığı analizi	Laboratuar Hizmeti	4	
114000	45192	Ailəvi süd vəzi və yumurtalıq xərçəngi, BRCA2 geni, bütün gen ardıcıllığının təhlili	Laboratuar Hizmeti	4	
116785	23029	Perkutan balon valvuloplastikası (Qapağın balon dilatasiyası)	Ameliyat Hizmeti	4	2.6.438
115349	30733	Lazer Fistulotomiya (Filac)	Ameliyat Hizmeti	4	
103349	10350	İntralezyonel inyeksiya	Diğer Hizmet	4	
114128	45490	HLA-B27 (Seroloji / FC metodu)	Laboratuar Hizmeti	4	
116149	22531	Kornea kəsiklərinin tikilməsi	Ameliyat Hizmeti	4	2.6.172
109465	34235	Dırnaq göbələklərinin lazerlə müalicəsi, tək dırnaq	Diğer Hizmet	4	
116919	21293	Qasıq yırtığının təmiri, ikitərəfli, greft təmiri	Ameliyat Hizmeti	4	2.6.758
106674	13803	İmmunohistokimyəvi müayinə qrup 3 anticisim, P-53	Patoloji Hizmeti	4	
116536	15119	Vaginal histerektomiya	Ameliyat Hizmeti	4	2.6.947
121046	48735	KT, üz sümükləri və üst çənə, kontrastlı	Radyoloji Hizmeti	4	2.1.276
125541	52516	72 saatlıq Holter EKQ testi - mobil izləmə	Diğer Hizmet	4	
109899	34795	Dərinin fraksional lazerlə cavanlaşması, tam	Diğer Hizmet	4	
109950	34865	Kafeterya Klassik burger	Diğer Hizmet	4	
113407	43656	Ağır metalların skrinninq testi	Laboratuar Hizmeti	4	
114177	45548	Tiopurin metil transferaz (TPMT)	Laboratuar Hizmeti	4	
104285	15112	Süd vəzi işarələnməsi, USM ilə, simli	Radyoloji Hizmeti	4	
114913	21527	Damar təmiri, birbaşa, intraabdominal	Ameliyat Hizmeti	4	
126896	53872	Ekzosom müalicəsi, seansı	Diğer Hizmet	4	
125743	52718	Canlı donordan hemihepatektomiya	Ameliyat Hizmeti	4	
107593	19114	Saç mezoterapiyası, bir seans	Diğer Hizmet	4	
114758	21375	Mitral qapağın açıq və digər yolla dəyişdirilməsi	Ameliyat Hizmeti	4	2.6.408
115687	22146	Korakoakrominal ligamentlərin bərpası	Ameliyat Hizmeti	4	
106863	35609	DPD2A*	Laboratuar Hizmeti	4	
115696	22155	Debridment, orta oynaq	Ameliyat Hizmeti	4	
117802	46054	Lambda yüngül zəncir, total (Serum/Plazma)	Laboratuar Hizmeti	4	
121303	48854	MRT, bud, ikitərəfli, kontrastlı	Radyoloji Hizmeti	4	
106502	13621	Sidik kisəsi, biopsiya, patoloji müayinə	Patoloji Hizmeti	4	2.4.596
105466	13713	Kolon, seqmental rezeksiya, qeyri-şiş, patoloji müayinə	Patoloji Hizmeti	4	2.4.687
110071	30735	Pilonidal sinusların lazerlə kəsilməsi (Silac )	Ameliyat Hizmeti	4	
104696	13237	Lipoprotein (LDL) elektroforezi	Laboratuar Hizmeti	4	2.4.164
112275	40608	FISH  12;21	Laboratuar Hizmeti	4	
101513	10576	Perkutan traxeotomiya	Müdahale Hizmeti	4	
108608	14820	Molekulyar karyotipləşdirmə	Laboratuar Hizmeti	4	
116741	22987	Müvəqqəti transvenoz kardiostimulyator sisteminin taxılması	Ameliyat Hizmeti	4	2.6.469
103538	12165	Yad cismin çıxarılması üçün özofaqoskopiya	Diğer Hizmet	4	2.6.572
108554	20727	İkinci Xəstə yaxını səhər yeməyi	Diğer Hizmet	4	
113083	42940	Dolğu, iki dodaq	Diğer Hizmet	4	
114101	45409	Gece uzman hekim görüşü	Muayene Hizmeti	4	
127956	54932	MammaPrint testi	Laboratuar Hizmeti	4	
105260	15346	Toksoplazma IgG avidlik testi	Laboratuar Hizmeti	4	2.4.391
113952	45112	t(9;22), (q34;q11.2), BCR/ ABL, philadelphia xromosomu), FISH	Laboratuar Hizmeti	4	
108822	14208	Sinus liftinq (sinus qreftləmə), biomaterial ödənişi istisna olmaqla	Diş	4	
105513	14986	Xolinesteraza, serum	Laboratuar Hizmeti	4	2.4.88
104892	19309	Faktor 12 (Hageman faktoru) aktivliyi	Laboratuar Hizmeti	4	2.4.267
115323	21899	Kolostomiyanın açılması	Ameliyat Hizmeti	4	2.6.647
115324	21900	Kolostomiyanın bağlanması	Ameliyat Hizmeti	4	2.6.662
105428	13650	Tuba uterina (Uşaqlıq borusu), biopsiya və sterilizasiya, patoloji müayinə	Patoloji Hizmeti	4	2.4.612
105460	13707	Dalaq, patoloji müayinə	Patoloji Hizmeti	4	2.4.678
117195	40303	Endoskopik CSF fistula əməliyyatı	Ameliyat Hizmeti	4	
115120	21729	Dekortikasiya, pulmoner, qismən	Ameliyat Hizmeti	4	2.6.381
116059	22450	Neyroliz	Ameliyat Hizmeti	4	
106464	35537	İİAB, laboratoriyada patoloq tərəfindən həyata keçirilir, sitopatoloji müayinə	Patoloji Hizmeti	4	2.4.539
125565	52540	Subrascapulyar sinir radiofrekans ARF blok	Diğer Hizmet	4	
108435	31128	Tetanus IgG	Laboratuar Hizmeti	4	
115859	22279	Bədxassəli yumşaq toxuma şişinin rezeksiyası, dərin	Ameliyat Hizmeti	4	
112516	41312	MRT, prostat, kontrastsız	Radyoloji Hizmeti	4	2.1.320
115266	21853	Mədənin paz rezeksiyası	Ameliyat Hizmeti	4	
110997	36918	MRT, bel kələfi	Radyoloji Hizmeti	4	2.1.302
108257	14785	İVF yumurta toplama iptal	Diğer Hizmet	4	
119914	48049	Kafeterya Meyvə boşqabı, qarışıq	Diğer Hizmet	4	
114802	21414	Şunt, körpücükaltı-ağciyər arteriyaiyası: Blalok-Taussiq tipli əməliyyat	Ameliyat Hizmeti	4	2.6.542
121286	48791	MRT, əl biləyi, sağ, kontrastlı	Radyoloji Hizmeti	4	2.1.301
106167	11338	MRT, spektroskopiya, tək voksel	Radyoloji Hizmeti	4	2.1.320
110690	36329	HHV DNT PCR	Laboratuar Hizmeti	4	
115352	33937	Perinoplastika, vulva	Ameliyat Hizmeti	4	2.6.976
108450	13162	İnhibin B testi	Laboratuar Hizmeti	4	2.4.852
104988	35539	Aerob  məni (sperma) kulturası	Laboratuar Hizmeti	4	2.4.427
116431	34068	İnternal uretrotomiya	Ameliyat Hizmeti	4	2.6.870
128270	55250	Oksigen (O2) inhalyasiya terapiyası, seans, evdə	Diğer Hizmet	4	
127334	54310	Fotona lazerlə "Smootheye" müalicə, 2 göz	Diğer Hizmet	4	
104649	15494	Dopamin testi	Laboratuar Hizmeti	4	
109954	34869	Kafeterya Kaşarlı Tost, ikiqat kaşarlı	Diğer Hizmet	4	
105585	31257	Toxocara canis ELISA IgG	Laboratuar Hizmeti	4	2.4.895
108307	13467	Aerobik uretral axıntı kulturası	Laboratuar Hizmeti	4	2.4.427
106310	18423	Spesifik IgE, digər	Laboratuar Hizmeti	4	2.4.306
117174	38599	Rezeksiya olmadan Hartman əməliyyatı	Ameliyat Hizmeti	4	
115402	32826	Kiçik sümük parçaları olan sınıqlar skopiya nəzarəti altındadır.	Ameliyat Hizmeti	4	
128320	55309	Dəri və dərialtının kəsilmiş yarasına tikiş atılması	Ameliyat Hizmeti	4	
108750	15035	Tibbi qazın qiyməti	Tıbbi Gaz	4	
104131	11204	Daban sümüyü radioqrafiyası, iki proyeksiyalı	Radyoloji Hizmeti	4	
114180	45552	Treponema pallidum IgG	Laboratuar Hizmeti	4	2.4.393
110565	36168	Paltar dəsti	Diğer Hizmet	4	
128506	55502	Kafeterya, sandvic, domatesli peynirli	Diğer Hizmet	4	
100158	15296	Nevusun kəsilməsi, 1 sm-dən az	Ameliyat Hizmeti	3	
103688	10937	Psixoterapiya, qrup, hər konsultasiya, adambaşı	Muayene Hizmeti	3	
100201	9795	Yaranın təmizlənməsi və sarğı, orta	Ameliyat Hizmeti	3	2.1.499
110490	35974	Kafeterya Cappy	Diğer Hizmet	3	
116706	32927	İnguinal orxifunikulektomiya	Ameliyat Hizmeti	3	2.6.887
116988	32951	Bronxoskopiya, diaqnostik, uşaq cərrahiyyəsi	Ameliyat Hizmeti	3	2.1.389
113498	43852	Sistorektoselin təmiri+stressli sidik tutmama əməliyyatları, miduretral sapanlar (TVT, TOT, IVS və s.)	Ameliyat Hizmeti	3	
115177	21777	Qaraciyər transplantasiyası	Ameliyat Hizmeti	3	2.6.1332.1
115420	21962	Orta oynaq sınığı dislokasiyası açıq reduksiya + fiksasiya	Ameliyat Hizmeti	3	
127920	54896	Toraks boşluğunun drenleşdirilmesi, tek taraflı	Müdahale Hizmeti	3	
104538	13894	IgD testi	Laboratuar Hizmeti	3	
126848	53824	Əsas aorto-ağciyər girovlarının bağlanması (MAPCA)	Ameliyat Hizmeti	3	2.6.533
105167	13933	Sitomeqalovirus (CMV) IgG avidliyi	Laboratuar Hizmeti	3	2.4.358
114784	21395	Koronar arteriyaiya by-pass, iki koronar greft, kardiopulmoner by-pass ilə autogen greft Safen və ya İMA və s.	Ameliyat Hizmeti	3	2.6.446
122765	49948	Psixoloq müayinəsi paketi, 10 seans	Muayene Hizmeti	3	
107178	30514	Dəri prick testi, 15 ədəd	Diğer Hizmet	3	
107046	17265	Y xromosomu mikrodelesiyaları*	Laboratuar Hizmeti	3	
115270	21857	Peptik xora perforasiyasında (və ya travmatik) ilkin tikiş	Ameliyat Hizmeti	3	
115302	15644	Perforasiya edilmiş və ya periappendikulyar absesin drenajı ilə appendektomiya	Ameliyat Hizmeti	3	2.6.674
111133	20266	Fotona lazerlə kapilyarların müalicəsi, 10-15 arası	Diğer Hizmet	3	
114637	21262	Abdominoplastika	Ameliyat Hizmeti	3	
128977	55985	Sümük iliyinin ilkin qiymətləndirilməsi	Patoloji Hizmeti	3	2.4.601
106264	19023	Spesifik IgE, e5 it kəpəyi	Laboratuar Hizmeti	3	2.4.306
116559	32916	Laparoskopik, miomektomiya, çoxsaylı	Ameliyat Hizmeti	3	2.6.938
116574	34108	Laparoskopik, ikitərəfli salpingektomiya	Ameliyat Hizmeti	3	
114719	21336	Perikard pəncərəsinin açılması və ya qismən rezeksiyası	Ameliyat Hizmeti	3	2.6.453
115892	22310	Vestibulyar neyrektomiya, retrosiqmoid-retrolabienteriya	Ameliyat Hizmeti	3	2.6.65
125448	52423	Labio majoraplasti	Ameliyat Hizmeti	3	
111126	18053	Dolğu maddələri, inyeksiya, dodaq	Diğer Hizmet	3	
129028	56037	Dirsək rentgenoqrafiyası, birtərəfli, sol	Radyoloji Hizmeti	3	2.1.72
129060	56072	Dirsək rentgenoqrafiyası, birtərəfli, sağ	Radyoloji Hizmeti	3	2.1.71
116792	23036	Perkutan ağciyər balonu valvuloplastika	Ameliyat Hizmeti	3	2.6.438
106531	13667	Dil, biopsiya, patoloji müayinə	Patoloji Hizmeti	3	2.4.627
111884	39341	Qarışıq yeməkdən sonra insulin ilə OGTT, 5 saat	Laboratuar Hizmeti	3	
125511	52486	Liv Bona Dea Normal (Qadın)	CheckUp	3	
112009	39774	Kəskin insult zamanı tromboktomiya	Ameliyat Hizmeti	3	
115260	21847	Qastrektomiya, radikal, subtotal	Ameliyat Hizmeti	3	2.6.597
116498	34085	Qalıq küretajı	Ameliyat Hizmeti	3	2.6.958
117089	35460	Silikonun ön kameradan çıxarılması	Ameliyat Hizmeti	3	
116489	34081	Kolposkopiya ilə idarə olunan biopsiya	Ameliyat Hizmeti	3	2.1.461
115851	22271	Dərin, diametri 5 sm-dən az olan xoşxassəli yumşaq toxuma şişinin kəsilməsi	Ameliyat Hizmeti	3	
104691	17012	Sidikdə lambda yüngül zəncir	Laboratuar Hizmeti	3	
123082	50188	Ximerizm (sümük iliyi transplantasiyasından sonra xəstə)	Laboratuar Hizmeti	3	
104130	11168	Birbaşa qarın qrafiyası, iki proyeksiyalı	Radyoloji Hizmeti	3	
123071	50177	Qlükoza-6-fosfat dehidrogenaz çatışmazlığı (G6PD gen ardıcıllığının təhlili)	Laboratuar Hizmeti	3	
116564	22858	Ooferektomiya	Ameliyat Hizmeti	3	
110010	35111	PSA (Prostat xüsusi Antigeni) testi, pro	Laboratuar Hizmeti	3	2.4.189
120440	48269	Sarkoma paneli, 27 nəsil	Laboratuar Hizmeti	3	
120472	48360	Makro-TSH	Laboratuar Hizmeti	3	2.4.856
109946	34861	Kafeterya Makaron	Diğer Hizmet	3	
104832	13400	Tiroksin bağlayan qlobulin (TBG)	Laboratuar Hizmeti	3	2.4.213
125554	52529	ESP Blok (Lumber, Servikal, Torokal)	Ameliyat Hizmeti	3	
117759	46015	Karsinoembrionik antigen (CEA) (Bədən mayeləri)	Laboratuar Hizmeti	3	2.4.79
115721	22177	GCS-nin radikal azalması (açıq reduksiya + çanaq + bud sümüklərinin osteotomiyaları daxil olmaqla)	Ameliyat Hizmeti	3	2.6.1114
116294	22660	Adrenalektomiya	Ameliyat Hizmeti	3	2.6.99
106904	35605	FLT 3*	Laboratuar Hizmeti	3	
124143	51114	FISH, t(4;11) (q21;q23) (MLL/KMT2A/AFF1)	Laboratuar Hizmeti	3	
122135	49354	PRP, genital nahiyə	Diğer Hizmet	3	
115060	21683	Limfa düyünlərinin biopsiyası, dərin aksiller düyünlər	Ameliyat Hizmeti	3	2.6.566
114749	21371	Mitral qapağın açıq ürək valvuloplastikası, dəyişdirilmə aparılmadan	Ameliyat Hizmeti	3	2.6.401
115085	21702	Bronxoskopiya, yad cismin çıxarılması, uşaq cərrahiyyəsi	Ameliyat Hizmeti	3	2.1.391
116689	22943	Prostatın transuretral rezeksiyası (TURP)	Ameliyat Hizmeti	3	2.6.879
106527	13661	Ağız mukozası və ya diş ətinin biopsiyası, patoloji müayinəsi	Patoloji Hizmeti	3	2.4.620
107365	14596	Botoks tətbiqi, alın cizgiləri	Diğer Hizmet	3	
107370	14656	Botoksla hiperhidroz müalicəsi, hər iki ələ	Diğer Hizmet	3	
129085	56097	Diz rentgenoqrafiyası, üç tərəfli, sağ	Radyoloji Hizmeti	3	2.1.130
104383	17021	Anti-qlomerular bazal membran anticismi	Laboratuar Hizmeti	3	
106206	19344	Alüminium (AAS), serum	Laboratuar Hizmeti	3	2.4.734
126913	53889	EEQ monitorinqi, 12 saat	Diğer Hizmet	3	2.1.480
125509	52484	Preop Panel 2	CheckUp	3	
115298	21881	Laparotomiya, ileus	Ameliyat Hizmeti	3	
128551	55547	Rəngli Doppler US, aşağı ətraf arteriyaları, ikitərəfli	Radyoloji Hizmeti	3	2.1.237
105368	35519	PCR, RT	Laboratuar Hizmeti	3	
114811	21423	Böyük arteriyaiyaların transpozisiyasının təmiri, arteriyaial rekonstruksiya (jaten)	Ameliyat Hizmeti	3	2.6.432
105606	19801	Leptospira IgG, ELISA	Laboratuar Hizmeti	3	
100324	10262	Aşağı ətrafın sinir bloku, tək	Ameliyat Hizmeti	3	
123118	50224	Spinoserebellar ataksiya paneli (41 gen və üstü)	Laboratuar Hizmeti	3	
105989	11278	Rəngli Doppler USM, aşağı ətraf perforasiya edən venalar, birtərəfli	Radyoloji Hizmeti	3	2.1.236
115062	33889	Limfa düyünlərinin biopsiyası və ya kəsilməsi, dərin servikal düyün(lər)	Ameliyat Hizmeti	3	
114747	21369	Aortal qapağın açıq ürək valvuloplastikası, dəyişdirilmə aparılmadan	Ameliyat Hizmeti	3	2.6.400
116568	22860	Yumurtalıq və ya paraovarial kistlərin kəsilməsi	Ameliyat Hizmeti	3	
108212	10409	Fototerapiya, 12 saatlıq seans	Diğer Hizmet	3	
104098	11165	Birbaşa sidik sisteminin radioqrafiyası, stasionar	Radyoloji Hizmeti	3	
104568	15322	Noradrenalin (norepinefrin) səviyyəsinin təyini, HPLC-dən başqa bir üsulla	Laboratuar Hizmeti	3	
117721	45973	Qlükoza, spot sidik	Laboratuar Hizmeti	3	2.4.125
114279	21013	VY irəliləmə qapağı	Ameliyat Hizmeti	3	
115045	21669	Splenektomiya, total	Ameliyat Hizmeti	3	2.6.571
109533	34308	Kafeterya Menemen	Diğer Hizmet	3	
119057	47477	Covid-19 (SARS-CoV-2), IgM	Laboratuar Hizmeti	3	
106455	13508	Legionella antigenləri	Laboratuar Hizmeti	3	
101158	12525	Sinus valsalva anevrizmasının kardiopulmoner bypass ilə təmiri	Ameliyat Hizmeti	3	2.6.417
103513	12096	Özofagus darlıqlarında stent/kif tətbiqi	Ameliyat Hizmeti	3	
112773	42060	Fraksional lazerlə xalların götürülməsi	Diğer Hizmet	3	
107727	20663	Peyvəndləmə, evdə	Diğer Hizmet	3	
109414	33683	Yardımçı dəstək personalı, 12 saat, evdə	Diğer Hizmet	3	
104243	11444	Ezofaqusa stent qoyulması	Radyoloji Hizmeti	3	
104276	11465	Perkutan sistostomiya, invaziv radiologiya	Radyoloji Hizmeti	3	2.6.840
110995	36916	MRT, skrotal, kontrastlı	Radyoloji Hizmeti	3	2.1.320
129008	56016	Sakroiliak birgə rentgenoqrafiya	Radyoloji Hizmeti	3	
129075	56087	Tibia və fibula rentgenoqrafiyası, birtərəfli, sağ	Radyoloji Hizmeti	3	2.1.142
108806	14195	Qanama müdaxiləsi, sadə	Diş	3	
129580	56605	FISH, HER-2,c-erb-B2*, patolojik inceleme	Patoloji Hizmeti	3	
109288	32730	Abses drenajı, səthi	Ameliyat Hizmeti	3	
116576	22864	Salpingektomiya	Ameliyat Hizmeti	3	2.6.923
104208	20305	İntravaskulyar kütlə embolizasiyası	Radyoloji Hizmeti	3	
104225	11476	Vena kavaya filtr yerləşdirilməsi	Ameliyat Hizmeti	3	
108419	31126	Difteriya Ig G	Laboratuar Hizmeti	3	
108437	18733	Faktor II (protrombin)	Laboratuar Hizmeti	3	2.4.256
105012	13485	Göbələyin birbaşa mikroskopiyası (boyasız birbaşa mikroskopik müayinə), dırnaq	Laboratuar Hizmeti	3	
114654	33864	Mastektomiya, sadə (xərçəng olmayan səbəblərə görə aparılır)	Ameliyat Hizmeti	3	2.6.1304
115372	21932	Böyük oynaqların dislokasiyalarının qapalı şəkildə azalması	Ameliyat Hizmeti	3	
106079	15753	KT, maksillofasial, koronal	Radyoloji Hizmeti	3	2.1.276
106416	15025	Protein S-100 aktivliyi	Laboratuar Hizmeti	3	2.4.276
116176	22553	Lensin çıxarılması ve göz içi linzasının (İOL) yerleşdirilmesi, (İOL) xaric	Ameliyat Hizmeti	3	2.6.209
100082	12940	Hematom drenajı, dərin	Ameliyat Hizmeti	3	
108552	20729	İkinci Xəstə yaxını şam yeməyi	Diğer Hizmet	3	
112581	41584	Fraksional lazer nevus müalicəsi, 3 ədədə qədər	Diğer Hizmet	3	
108237	30314	Sümük iliyinin aspirasiyası, yaxma preparatlar	Patoloji Hizmeti	3	2.4.601
116990	35630	Dırnaqların geri çəkilməsi, tək	Ameliyat Hizmeti	3	2.1.511
106844	19684	Beta talassemiya bütün gen analizi*	Laboratuar Hizmeti	3	
121316	48827	MRT, ön qol, sol, kontrastsız	Radyoloji Hizmeti	3	2.1.320
121359	48860	MRT, uroqrafiya, kontrastlı	Radyoloji Hizmeti	3	2.1.320
127968	54944	Anti sink daşıyıcı 8 antikor	Laboratuar Hizmeti	3	
108548	20685	Xəstə yaxını king suite otaq ödənişi	Diğer Hizmet	3	
105951	30560	Voidinq sistouretroqrafiya	Radyoloji Hizmeti	3	2.1.194
114675	21295	Kəsik yırtıqlarının təmiri, greftsiz təmir	Ameliyat Hizmeti	3	
103911	19885	Mezenximal kök hüceyrə transplantasiyası	Ameliyat Hizmeti	3	
109845	34735	Evde Tibb Xidmeti, 3.bölğe (neqliyyat)	Diğer Hizmet	3	
117183	39258	İVF 2ci deneme embriyo transferi	Ameliyat Hizmeti	3	
108448	31272	TNF-alfa, şiş nekrozu faktoru alfa	Laboratuar Hizmeti	3	
129054	56066	Üsye Paketi	Diğer Hizmet	3	
104640	17009	Kappa yüngül zəncirləri, total, serumda	Laboratuar Hizmeti	3	
117458	38959	Preop Uşaq Paketi	CheckUp	3	
123674	50694	Fotona lazerlə göbələk müalicəsi, orta	Diğer Hizmet	3	
116854	15268	Serebral arteriyaların arterioqrafiyası	Ameliyat Hizmeti	3	2.5.2
103350	14731	İntralezyonel inyeksiya, kortizon və s.	Ameliyat Hizmeti	3	
114607	21244	Qabırğanın rezeksiyası, qismən	Ameliyat Hizmeti	3	
115836	22261	Hemixondrodiastaz, böyük sümük	Ameliyat Hizmeti	3	
105501	13747	Yumşaq toxuma, şiş, geniş rezeksiya, patoloji müayinə	Patoloji Hizmeti	3	2.4.730
109191	14143	Akril hissəli protez, alt çənə	Diş	3	
117240	40819	Ürək cihazı cibinin reviziyası və ya yerdəyişməsi	Ameliyat Hizmeti	3	2.6.470
101921	17767	Tendon greftinin çıxarılması	Ameliyat Hizmeti	3	2.6.1266
100228	36100	Qeyri-invaziv mexaniki ventilyator tətbiqi	Diğer Hizmet	3	
125678	52653	Ginekoloji Check Up Paketi (45 Yaşdan Yuxarı)	CheckUp	3	
121315	48826	MRT, ön qol, sol, kontrastlı	Radyoloji Hizmeti	3	2.1.320
113793	44612	Autoinflamatuar sindrom paneli	Laboratuar Hizmeti	3	
116833	18388	Hematopoetik hüceyrə transplantasiyası, allogenik, qardaş və ya nisbi transplantasiya, tam uyğun HLA	Ameliyat Hizmeti	3	2.6.1334.2
122266	49492	Invisalign, lite, tək çənə	Diş	3	
111034	37055	Uretra (sidik kanalı) rezeksiyası, patoloji müayinə	Patoloji Hizmeti	3	2.4.662
106037	11284	KT, kranial, 3D	Radyoloji Hizmeti	3	
104152	11130	Alt çənə sümüyü radioqrafiyası, iki proyeksiyalı	Radyoloji Hizmeti	3	
116735	22980	Varikoselektomiya, birtərəfli, urologiya	Ameliyat Hizmeti	3	2.6.890
112572	41544	Nevropsixoloji qiymətləndirmə uzun versiyası	Diğer Hizmet	3	
124774	51747	Farenksdən yad cismin çıxarılması (ümumi anesteziya tələb etmir)	Ameliyat Hizmeti	3	2.1.620
129471	56496	Karaciğer Nakli Alıcı Paneli	CheckUp	3	
106324	18993	Spesifik IgE, f88 qoyun əti	Laboratuar Hizmeti	3	2.4.306
110085	35483	Xromoqranin A	Laboratuar Hizmeti	3	
106505	13624	Nazofarenks və ya orofarenks, biopsiya, patoloji müayinə	Patoloji Hizmeti	3	2.4.583
114210	45606	Otaq Bəzəyi, platin	Diğer Hizmet	3	
105454	13698	Uşaqlıq, prolaps üçün (boru və yumurtalıqlarla və ya olmadan), patoloji müayinə	Patoloji Hizmeti	3	2.4.664
107073	15430	Ambulans xidməti, 3.bölğə həkimi ilə	Diğer Hizmet	3	
109130	14243	Gingivektomiya	Diş	3	
115463	21990	Qığırdaq calağının alınması (əsas əməliyyata əlavə)	Ameliyat Hizmeti	3	
121279	48780	MRT, dirsək, sağ, kontrastlı	Radyoloji Hizmeti	3	2.1.300
106156	15748	MRT angioqrafiya, böyrək	Radyoloji Hizmeti	3	2.1.324
117788	46040	Komplement C1q antigeni (serum)	Laboratuar Hizmeti	3	2.4.790
110683	36313	Urea, bədən mayelərində	Laboratuar Hizmeti	3	2.4.227
104920	13334	HLA-B5, seroloji	Laboratuar Hizmeti	3	
103931	20499	Anti-A, anti-B və ya Anti D-titrasiyası	Laboratuar Hizmeti	3	
116469	22803	Fetosid	Ameliyat Hizmeti	3	
108162	35195	Mədə-bağırsaq traktından yad cismin çıxarılması	Ameliyat Hizmeti	3	2.1.614
117486	45633	Döşün perkutan qalın iynə biopsiyası, USM rəhbərliyi ilə	Radyoloji Hizmeti	3	
109964	34897	ACTH testi, 250 µg sinakten ilə 17-OH progesteron reaksiyası	Laboratuar Hizmeti	3	
106205	13316	Qələvi fosfataza (AP), sümük spesifik (ostaz)	Laboratuar Hizmeti	3	
106545	13701	Yumşaq toxuma, sadə eksizya, lipoma istisna olmaqla, patoloji müayinə	Patoloji Hizmeti	3	2.4.668
120349	48137	Qastroskopik polipektomiya, böyük	Ameliyat Hizmeti	3	
115944	22355	Kraniotomiya ilə subdural hematoma drenajı, birtərəfli	Ameliyat Hizmeti	3	
104637	19858	Kappa yüngül zəncirləri, sərbəst, sidikdə	Laboratuar Hizmeti	3	
114742	33873	Aortal qapağının açıq və digər yolla dəyişdirilməsi	Ameliyat Hizmeti	3	2.6.406
114342	20988	Kranioplastika əməliyyatları, autogen transplantasiya	Ameliyat Hizmeti	3	2.6.40
114367	21056	Tiroqlossal əlavələrin kəsilib götürülməsi	Ameliyat Hizmeti	3	2.6.90
115301	21883	Appendektomiya, kəskin	Ameliyat Hizmeti	3	2.6.674
113370	43520	Zülal elektroforezi, 24 saatlıq sidikdə	Laboratuar Hizmeti	3	2.4.198
113063	42852	Spesifik IgE, f83 Toyuq əti	Laboratuar Hizmeti	3	2.4.306
107588	19116	Bədən mezoterapiyası, tək seans	Diğer Hizmet	3	
123666	50686	Botoks tətbiqi, 2 nahiyə	Diğer Hizmet	3	
105073	13865	Sitomeqalovirus (CMV) IgM, ELISA	Laboratuar Hizmeti	3	2.4.359
120090	47703	Spastik Ataksiya, Charlevoix Saguenay Tipi OR-SACS bütün gen ardıcıllığının təhlili	Laboratuar Hizmeti	3	
126074	53050	Onlayn Müsahibə, evdə sağlamlıq	Muayene Hizmeti	3	
107145	14843	1. Assistentə	1. Asistan	3	
113329	43410	Dolğu tətbiqi	Diğer Hizmet	3	
116973	32934	Bronxoskopiya, yad cismin çıxarılması, döş qəfəsi cərrahiyyəsi məqsədi ilə	Ameliyat Hizmeti	3	2.1.391
121351	48767	MRT, böyrəküstü vəzi, kontrastlı	Radyoloji Hizmeti	3	2.1.311
121319	48861	MRT, yuxarı qol, sağ, kontrastlı	Radyoloji Hizmeti	3	2.1.320
101136	12559	Protez qapaqlı və ya qapaqsız atrioventrikulyar kanalın tam təmiri	Ameliyat Hizmeti	3	2.6.423
109626	34418	Kafeterya, Coca Cola Light, 300 ml	Diğer Hizmet	3	
115203	21799	Distal pankreatektomiya, qismən	Ameliyat Hizmeti	3	2.6.746
128512	55508	Kafeterya, tartolet	Diğer Hizmet	3	
116916	19500	Laparoskopik, Qastrektomiya, radikal, total	Ameliyat Hizmeti	3	
109460	34230	Fraksional lazer yanıq izi, kiçik	Diğer Hizmet	3	
111100	37241	Abdominal müayinə, USM ilə müşayiət olunan	Muayene Hizmeti	3	2.1.233
121787	49069	Botoks tətbiqi, seans	Diğer Hizmet	3	
105443	13682	Omentum, biopsiya, patoloji müayinə	Patoloji Hizmeti	3	2.4.640
117173	38600	Hartman əməliyyatı, rezeksiya ilə	Ameliyat Hizmeti	3	
114708	21327	Peritoneal və ya mezenterik şiş və ya kistin eksiziyası	Ameliyat Hizmeti	2	
107054	30136	Skopi istifadəsi	Diğer Hizmet	2	
109830	34719	İnfuziya pompasının icarəsi, idxal, tək pompa	Diğer Hizmet	2	
109955	34870	Kafeterya Kiçik salat	Diğer Hizmet	2	
121192	48680	KT, bud-çanaq, ikitərəfli, kontrastsız	Radyoloji Hizmeti	2	2.1.270
100159	15298	Nevusun kəsilməsi, 1-5 sm	Ameliyat Hizmeti	2	
124727	51700	Laparoskopik, yumurtalıq və/və ya boru detorsiyası	Ameliyat Hizmeti	2	
108047	32513	Posterior yanaşma və stabilizasiya və greftin yerləşdirilməsi ilə hemivertebrektomiya	Ameliyat Hizmeti	2	
111125	18050	Dolğu maddələri, inyeksiya, dərin	Diğer Hizmet	2	
100200	14729	Yanıq sarğısı	Müdahale Hizmeti	2	2.1.503
123225	45734	MRT angioqrafiya, tək anatomik bölgə, kontrastsız	Radyoloji Hizmeti	2	2.1.324
121326	48849	MRT, gicgah-alt çənə oynağı, sağ, kontrastsız	Radyoloji Hizmeti	2	2.1.293
104773	32088	Prokollagen	Laboratuar Hizmeti	2	
105250	35535	Salmonella qrupu aqlütinasiya testi, hər biri	Laboratuar Hizmeti	2	2.4.920
111859	20627	Transfer xidməti	Diğer Hizmet	2	
121251	48754	MRT artroqrafiyası, çiyin, sağ	Radyoloji Hizmeti	2	2.1.299
106086	11293	KT, gicgah-alt çənə oynağı, iki proyeksiyalı, kontrastsız	Radyoloji Hizmeti	2	2.1.248
107949	9733	Qismən qüsurların yenidən qurulması	Ameliyat Hizmeti	2	
115569	32848	Sementləşdirilmiş total omba artroplastiyası	Ameliyat Hizmeti	2	2.6.1191
116639	34130	Laparoskopik, ooferektomiya, ikitərəfli	Ameliyat Hizmeti	2	
107152	14857	III. Assistent ilə 900 və yuxarı.	3. Asistan	2	
120056	47721	İrsi xərçəng paneli	Laboratuar Hizmeti	2	
114242	21019	Kompozit greftin çıxarılması və tətbiqi	Ameliyat Hizmeti	2	
100325	10255	Yuxarı ətraf digər sinir bloku, tək sinir	Diğer Hizmet	2	
100327	10248	Faset median sinir bloku, servikal, tək	Diğer Hizmet	2	
100329	10242	Üz sinirinin bloku	Diğer Hizmet	2	2.6.122
105048	13490	Mikobakteriya kulturası, avtomatik sistem, sidik	Laboratuar Hizmeti	2	
127167	54143	Patoloji ilkin hazırlıq	Diğer Hizmet	2	
106988	20847	Retrograd intrarenal cərrahiyyə (RIRC)	Ameliyat Hizmeti	2	
107622	30129	Tetik nöqtəsi ozon inyeksiyası	Diğer Hizmet	2	
111225	37420	Kafeterya İsti şokolad	Diğer Hizmet	2	
123523	50565	Botoks tətbiqi, miqren, fərqli bölgə	Diğer Hizmet	2	
128076	55053	Refinex, full	Diğer Hizmet	2	
106379	18427	HLA-C, molekulyar aşağı həll olma qabiliyyəti	Laboratuar Hizmeti	2	
108149	32555	Qeysəriyyə + Yumurtalıq Şişləri Cərrahiyyəsi	Ameliyat Hizmeti	2	
108826	30291	Tək kökdə kök ucu rezeksiyası, kanal müalicəsi və plomb istisna olmaqla	Diş	2	
111632	38534	Periferik damarların embolizasiyası	Ameliyat Hizmeti	2	
129005	56013	Tibia və fibula rentgenoqrafiyası, birtərəfli, sol	Radyoloji Hizmeti	2	2.1.143
115469	21997	Barmaq deformasiyalarının bərpası	Ameliyat Hizmeti	2	
104648	13406	Adrenalin (epinefrin), serum	Laboratuar Hizmeti	2	
106520	13651	Ureter, biopsiya, patoloji müayinə	Patoloji Hizmeti	2	2.4.609
112289	40619	PDGFR Beta Tam Gen Ardıcıllığı Analizi	Laboratuar Hizmeti	2	
120094	47707	T-12;21 p13;q22- RT PCR	Laboratuar Hizmeti	2	
130505	57576	ABA terapiya, 90 dəqiqə	Diğer Hizmet	2	1.1.13
116869	15256	Aşağı mezenterik arteriyaioqrafiya	Radyoloji Hizmeti	2	2.5.8
108294	18357	Dietoloqun+F7043 konsultasiyası	Konsültasyon Hizmeti	2	
104618	18878	Yod, sidik, 24 saalıq	Laboratuar Hizmeti	2	
105603	32336	Franciella tularinsis ELISA IgG	Laboratuar Hizmeti	2	2.4.364
104350	17591	11-Deoksikortizol	Laboratuar Hizmeti	2	
104418	13929	C1 esteraz inhibitoru	Laboratuar Hizmeti	2	2.4.787
111170	37365	Kafeterya Çörək, çedar ilə	Diğer Hizmet	2	
127044	54020	USM ilə kist aspirasiyası	Radyoloji Hizmeti	2	
117069	35431	Seqmental kolon rezeksiyası	Ameliyat Hizmeti	2	2.6.637
110702	36343	Anti Jo-1	Laboratuar Hizmeti	2	
110585	19860	BRCA2 mutasiya analizi	Laboratuar Hizmeti	2	
121245	48748	MRT artroqrafiyası, diz, sağ	Radyoloji Hizmeti	2	2.1.308
114412	21097	Boyun kəşfiyyatı	Ameliyat Hizmeti	2	
110198	35493	Kafeterya Dondurma 1 top	Diğer Hizmet	2	
117167	38525	Endoskopik burun qanaması nəzarəti ilə sfenopalatin arteriyaiya və onun budaqlarının bağlanması	Ameliyat Hizmeti	2	
114678	21299	Spiegel yırtığının təmiri	Ameliyat Hizmeti	2	
107075	15420	Ambulans xidməti, 5.bölğə həkimi ilə	Diğer Hizmet	2	
125544	52519	Bud çanaq daxili ozon iyeksiyası	Diğer Hizmet	2	
115416	21960	Kiçik oynaq sınığı dislokasiyası açıq reduksiya+fiksasiya	Ameliyat Hizmeti	2	
106120	15707	MRT, dinamik kontrastlı müayinə fərqi	Diğer Hizmet	2	2.1.325
105071	13864	Sitomeqalovirus (CMV) IgG, ELISA	Laboratuar Hizmeti	2	2.4.358
121064	48801	MRT, qaraciyər, dinamik kontrastlı	Radyoloji Hizmeti	2	2.1.320
114261	21036	Fassiokutan qapaq	Ameliyat Hizmeti	2	2.6.1267
114295	33783	Cafe Au Lait-in lazerlə məhv edilməsi, orta	Ameliyat Hizmeti	2	
116950	22137	Yara ventrasiyasında yara revizyonu	Ameliyat Hizmeti	2	
122700	49893	Nevropsixoloji terapiya seansı	Diğer Hizmet	2	
129286	56305	EBRD Check Up Paneli (45 Yaş Altı Kişi)	CheckUp	2	
116752	22999	Sağ ürək boşluqlarının kateterizasiyası	Ameliyat Hizmeti	2	2.5.29
115480	18520	Ganglion eksiziyası, kiçik oynaq	Ameliyat Hizmeti	2	
104184	11142	Lumbo-sakral radioqrafiya, üç proyeksiyalı	Radyoloji Hizmeti	2	
100157	20104	Fotona ilə döyənək eksiziyası, 1-5 sm arası	Ameliyat Hizmeti	2	
121881	49188	Premedikasiya və sedasiya	Diş	2	
109347	32784	Laparoskopiya, diaqnostika, ginekologiya	Ameliyat Hizmeti	2	2.6.903
116101	22487	Qapaq kəsiklərinin tikilməsi, 1 sm-ə qədər dəri tikişi	Ameliyat Hizmeti	2	2.1.362
122534	49794	Blefaroplastika, eyni gözün hər iki qapağı	Ameliyat Hizmeti	2	2.6.146
122251	49476	Tibb bacılığı xidməti, 6 saat, evdə	Diğer Hizmet	2	
116920	51248	Laparoskopik, Qasıq yırtığının təmiri, ikitərəfli	Ameliyat Hizmeti	2	
127867	54843	Mycoplasma hominis, IgM	Laboratuar Hizmeti	2	
128201	55181	Leishmania spp. DNA (PCR)	Laboratuar Hizmeti	2	
128484	55480	Öd yolu rezeksiya, biopsiya, patoloji müayinə	Patoloji Hizmeti	2	2.4.586
109379	33583	MRT, defekoqrafiya	Radyoloji Hizmeti	2	2.1.318
108891	20494	Kanaldaxili fiber post tətbiqi	Diş	2	
125514	52489	Liv Bona Dea Genc-Plus Qadın 40-49 yaş (Mammoqrafiya Xaric)	CheckUp	2	
111174	37369	Kafeterya Evdə hazırlanmış burger	Diğer Hizmet	2	
129004	56012	Bud sümüyünün rentgenoqrafiyası, ikitərəfli, müqayisəli	Radyoloji Hizmeti	2	
115161	21768	Hepatikojeyunostomiya	Ameliyat Hizmeti	2	
121209	48730	KT, bud, sol, kontrastsız	Radyoloji Hizmeti	2	2.1.259
121252	48755	MRT artroqrafiyası, çiyin, sol	Radyoloji Hizmeti	2	2.1.299
114800	21412	Anormal venoz qayıdış, suprakardiak, intrakardiyak, infrakardiyak və ya qarışıqların tam təmiri	Ameliyat Hizmeti	2	2.6.430
125721	52696	Pediatrik reanimasiyada yatan xəstənin reanımatoloq təqibi 2-ci kateqoriya	Yoğun Bakım Hizmeti	2	
117083	35450	Kavernoma əməliyyatları	Ameliyat Hizmeti	2	
114214	37179	Annuloplastika	Ameliyat Hizmeti	2	2.6.414
112242	40512	Maqnezium, eritrositdaxili	Laboratuar Hizmeti	2	
114039	45235	Ckıt (ekzon 9 - 11 - 13 və 17 mutasiyaları)	Laboratuar Hizmeti	2	
100328	10249	Faset median sinir bloku, torakal, tək	Diğer Hizmet	2	
100353	10244	Supraorbital və ya intraorbital və ya troklear sinir bloku	Diğer Hizmet	2	
107873	30517	Morton neyromasının eksiziyası	Ameliyat Hizmeti	2	
110038	35198	Brucella DNT PCR	Laboratuar Hizmeti	2	
105465	13712	Sümük fraqmentləri, patoloji qırıq, patoloji müayinə	Patoloji Hizmeti	2	2.4.718
115418	33650	Orta oynaq sınığı ilə dislokasiyanın açıq azalması	Ameliyat Hizmeti	2	
100385	10288	Koksigeal ganglion (impar qanqlion) neyrolitik inyeksiya	Diğer Hizmet	2	
106751	18391	Yüz gərmə	Ameliyat Hizmeti	2	
100203	13015	Baş dərisinin travmatik kəsiklərində sadə debridman və tikiş	Ameliyat Hizmeti	2	
100335	10256	Yuxarı ətraf sinir bloku, hər bir əlavə sinir	Ameliyat Hizmeti	2	
116690	22944	Prostatektomiya, açıq	Ameliyat Hizmeti	2	2.6.880
128522	55518	Leptospira PCR	Laboratuar Hizmeti	2	2.4.923
107262	15504	Kafeterya Böyük su	Diğer Hizmet	2	
108541	32679	Wechsler böyüklər üçün zəka testi (WAIS)	Diğer Hizmet	2	
122138	49361	Mürəkkəb perianal fistulada (at nalı, yüksək və s.) mövcud setonun dəyişdirilməsi/çıxarılması.	Ameliyat Hizmeti	2	
122506	38399	Dərin, diametri 5 sm-dən az olan yumşaq toxumadan kista və ya xoşxassəli şişin çıxarılması	Ameliyat Hizmeti	2	
116765	23010	Müştərək sağ və sol ürək boşluqlarının angiokardioqrafiyası	Ameliyat Hizmeti	2	2.5.15
119687	47972	Pin tətbiqi, diş	Diş	2	
103761	11868	Optik koherens tomoqrafiya (OKT)	Diğer Hizmet	2	2.1.334
126225	53201	Nevusun (xal) radiocərrahi götürülməsi, 10mm qədər	Diğer Hizmet	2	
109370	14854	II. Xüsusi Assistent 500-899	2. Asistan	2	
128068	55045	Prostat, 1-10 kvadrant iynə biopsiyası, patoloji müayinə	Patoloji Hizmeti	2	2.4.708
126339	53315	MRT, döş sümüyü (sternum), kontrastsız	Radyoloji Hizmeti	2	2.1.320
106183	11356	MRT, qaraciyər, kontrastsız	Radyoloji Hizmeti	2	2.1.320
107805	14634	İncə iynə aspirasiya biopsiyası	Radyoloji Hizmeti	2	2.1.541
108559	11271	Rəngli Doppler USM, A-V fistula	Radyoloji Hizmeti	2	
106880	20579	FISH 17p, p53 onkogen *	Laboratuar Hizmeti	2	
129197	56209	Aksiller limfa düyünlərinin kəsilməsi	Ameliyat Hizmeti	2	2.6.566
110856	36662	Qastropanel testi (pepsinogen I, pepsinogen II, qastrin-17, helicobacter pylori antikorunun öyrənilməsi və qiymətləndirmə nəticəsi daxil olmaqla)	Laboratuar Hizmeti	2	
122595	49839	Dəri yamaq testi, 12 ədəd	Diğer Hizmet	2	
114050	45249	Appendiks, şiş səbəbiylə	Patoloji Hizmeti	2	
122209	49444	72 saatlıq Holter EKQ testi- Kabelli	Diğer Hizmet	2	
128007	54982	Leishmania donovani, IgG	Laboratuar Hizmeti	2	
113817	44696	Trichinella spiralis IgG	Laboratuar Hizmeti	2	
121323	48846	MRT, gicgah-alt çənə oynağı, ikitərəfli, kontrastlı	Radyoloji Hizmeti	2	2.1.294
130497	57568	Qarabağ  Goldcup Turnuva Tarama Paneli	CheckUp	2	
109623	34415	Kafeterya bitki çayları	Diğer Hizmet	2	
123195	50272	MRT, kürək sümüyü, sol, kontrastlı	Radyoloji Hizmeti	2	2.1.320
114836	21446	Qalxan aorta grefti, koronar implant və qapaq dəyişdirilməsi, kardiopulmoner bypass ilə (Benthall)	Ameliyat Hizmeti	2	2.6.417
107302	30468	Kafeterya Spagetti bolonez	Diğer Hizmet	2	
116725	22975	Testisdən sperma çıxarılması (TESE)	Ameliyat Hizmeti	2	
115975	22385	Posterior fossa şişlərinin əməliyyatı	Ameliyat Hizmeti	2	
116008	22415	Lumbar diskektomiya, birtərəfli, birtərəfli	Ameliyat Hizmeti	2	2.6.1143
119987	48070	Lumbar total laminektomiya, hemilaminektomiya, hemipartial laminektomiya, mikrocərrahi üsulla hemilaminotomiya və/və ya foraminotomiya ilə mikrodiskektomiya, ikitərəfli, hər bir əlavə səviyyə	Ameliyat Hizmeti	2	2.6.51
116157	22537	Lasik, bir göz	Ameliyat Hizmeti	2	
124713	51686	Histeroskopiya ilə istmosel rezeksiyası/ablasiyası	Ameliyat Hizmeti	2	
117326	43927	Ginekoloji onkoloji cərrahiyyə müayinəsi	Muayene Hizmeti	2	2.1.1
125550	52525	DRG dorsal ganglion blok radiofrekans, bir səviyyə	Diğer Hizmet	2	
114418	21102	Endolaringeal mikrocərrahiyyə ilə qırtlaq poliplərinin müdaxiləsi	Ameliyat Hizmeti	2	
121287	48792	MRT, əl biləyi, sol, kontrastlı	Radyoloji Hizmeti	2	2.1.301
117112	36612	Qalxan aortanın dəyişdirilməsi	Ameliyat Hizmeti	2	
114653	21275	Mastektomiya, sadə	Ameliyat Hizmeti	2	2.6.1306
100346	10254	Radial və ya ulnar və ya medial sinir bloku	Diğer Hizmet	2	
100363	10269	Epidural qan (serum) yaması	Diğer Hizmet	2	
109774	34663	Faset medial sinir PRF, birtərəfli	Diğer Hizmet	2	
103071	31824	Vaginadan yad cismin çıxarılması	Ameliyat Hizmeti	2	2.1.623
113935	45074	Laparoskopik sakrokolpopeksiya/histeropeksiya	Ameliyat Hizmeti	2	
108438	17438	Trombosit antikoru, tam qan (antitrombosit-AB)	Laboratuar Hizmeti	2	
111795	38930	PGT, tək gen mutasiyası	Laboratuar Hizmeti	2	
111463	38253	Kafeterya Qızardılmış çörək	Diğer Hizmet	2	
105444	13684	Yumurtalıq, biopsiya və ya çiv (wedge) rezeksiyası, patoloji müayinə	Patoloji Hizmeti	2	2.4.670
105929	11219	Nazik bağırsağın pasaj radioqrafiyası	Radyoloji Hizmeti	2	2.1.188
100013	31670	Steril otaq	Yatış Hizmeti	2	
114772	21385	Valvotomiya (komissurotomiya), pulmoner qapaq, kardiopulmoner bypass ilə	Ameliyat Hizmeti	2	2.6.402
100231	12281	Peritoneal dializ, Tenckoff, uşaq cərrahiyyəsi üçün kateter qoyulması	Ameliyat Hizmeti	2	2.6.541
116558	22856	Mini laparotomiya ilə boruların bağlanması	Ameliyat Hizmeti	2	
114303	33787	Hiperpiqmentasiyanın lazerlə məhv edilməsi, orta	Ameliyat Hizmeti	2	
115039	21663	Varikoz damarlarına sklerozlaşdırıcı maddənin yeridilməsi (skleroterapiya), tək nahiyə və ya vena, seans	Ameliyat Hizmeti	2	2.6.564
115407	21953	Orta sümüklərin xırdalanmış sınıqlarının, o cümlədən perkutan sancmanın açıq reduksiyası	Ameliyat Hizmeti	2	2.6.1097
114722	21339	Ürəkdaxili şişin kardiopulmoner bypass ilə kəsilməsi	Ameliyat Hizmeti	2	2.6.439
126668	53644	Uşaq beyin və neyrocərrahiyyə müayinəsi	Muayene Hizmeti	2	2.1.1
127922	54898	Pediatrik reanimatoloq konsültasiyası	Konsültasyon Hizmeti	2	
105062	13500	Ureaplasma urealiticum kulturası, uretral axıntıda	Laboratuar Hizmeti	2	
128994	56002	Yanal burun rentgenoqrafiyası	Radyoloji Hizmeti	2	2.1.15
101803	18610	Uzun qol şinəsi, dirsəkdən yuxarı	Ameliyat Hizmeti	2	
125599	52574	Vaser Liposaksiya, əlavə bölgə	Ameliyat Hizmeti	2	
104275	11459	Perkutan xolesistostomiya	Radyoloji Hizmeti	2	
109416	33685	İkitərəfli rəqəmsal rentgen çəkimi, evdə	Radyoloji Hizmeti	2	
111588	31353	Neyroterapiya, seans (diz, dirsək, topuq, çiyin)	Fizik Tedavi Hizmeti	2	2.2.60
113307	43361	Ortodontik müalicə, metal breket	Diş	2	
121178	48646	KT, ayaq, sol, kontrastsız	Radyoloji Hizmeti	2	2.1.261
105472	13719	Mədə, subtotal və ya total rezeksiya, qeyri-şiş, patoloji müayinə	Patoloji Hizmeti	2	2.4.700
130708	57788	Genital infeksiyalar panel (9 lu), yaxma	Laboratuar Hizmeti	2	
116502	22822	Bartolin kistinin koterizasiyası	Ameliyat Hizmeti	2	2.6.971
115866	22284	Xoşxassəli sümük şişi və ya kisti, küretaj və ya rezeksiya, orta sümük	Ameliyat Hizmeti	2	2.6.1051
117119	37042	Qarın içi qarının korreksiyası (evisserasiya-eventerasiya)	Ameliyat Hizmeti	2	
120093	47706	T-1;19 - RT PCR	Laboratuar Hizmeti	2	
127215	54191	İnfliximab, serum	Laboratuar Hizmeti	2	
121348	48743	MRA, yuxarı ətraf, sağ	Radyoloji Hizmeti	2	2.1.324
122299	49510	KT, qaraciyər, dinamik kontrastlı	Radyoloji Hizmeti	2	2.1.264
115196	21792	Xolesistostomiya	Ameliyat Hizmeti	2	2.6.722
121314	48825	MRT, ön qol, sağ, kontrastsız	Radyoloji Hizmeti	2	2.1.320
116285	22652	Tiroidektomiya, total, birtərəfli	Ameliyat Hizmeti	2	2.6.86
109563	34339	Kafeterya sendviç pamidor pendir	Diğer Hizmet	2	
115666	22126	Artroskopik akromiyoplastika, o cümlədən bursektomiya, çiyin	Ameliyat Hizmeti	2	
129102	56114	Itochu Check Up Paneli (Qadın)	CheckUp	2	
112571	41543	Nevropsixoloji qiymətləndirmə qısa versiya	Diğer Hizmet	2	
100107	9226	Yumşaq toxuma şişində trokar və ya iynə biopsiyası, səthi	Ameliyat Hizmeti	2	
100188	14893	Dikişin çıxarılması	Ameliyat Hizmeti	2	
127866	54842	Mycoplasma hominis, IgG	Laboratuar Hizmeti	2	
110014	35137	Fakik-IOL, ICL, Toric	Ameliyat Hizmeti	2	
114277	21011	Yerli dəri qapağı, kiçik	Ameliyat Hizmeti	2	
114313	15925	Psoriatik lövhələr üçün üzün yenilənməsi, qismən	Ameliyat Hizmeti	2	
114326	33802	Rosacea lazer məhvi, kiçik	Ameliyat Hizmeti	2	
110148	35359	FISH (2 bölgəyə qədər)	Laboratuar Hizmeti	2	
124456	51426	Sinus pilonidalis, lazer müalicəsi	Ameliyat Hizmeti	2	
111452	38242	Kafeterya Püre	Diğer Hizmet	2	
105604	32337	Franciella tularinsis ELISA IgM	Laboratuar Hizmeti	2	2.4.364
107878	30420	Lumbar posterior diskektomiya və bədənlərarası birləşmə (PLIF/TLIF)	Ameliyat Hizmeti	2	2.6.1170
115479	22009	Ganglion eksiziyası, böyük oynaq	Ameliyat Hizmeti	2	
104168	17521	Pelvis qrafiyası, üç proyeksiyalı	Radyoloji Hizmeti	2	
110584	19859	BRCA1 mutasiya analizi	Laboratuar Hizmeti	2	
119223	41313	Diabet Paketi	CheckUp	2	
117234	40813	Yalnız ürək resinxronizasiya defibrilyator puls generator cihazın implantasiyası və ya dəyişdirilməsi (ÜRT-D)	Ameliyat Hizmeti	2	2.6.13
108261	20647	Dəri baxımı, üz, tək seans	Diğer Hizmet	2	
100792	9096	Nazofarenksin biopsiyası	Ameliyat Hizmeti	2	2.6.327
121246	48749	MRT artroqrafiyası, diz, sol	Radyoloji Hizmeti	2	2.1.308
125641	52616	Hemodializ (4 saatdan çox)-DEVİCE 5008S	Diğer Hizmet	2	
104302	11249	USM, öd kisəsi	Radyoloji Hizmeti	2	2.1.227
119725	47599	FIP1L1-PDGFRA-CHIC2 FISH Analizi, 4q12	Laboratuar Hizmeti	2	
117068	35430	Orta bağırsağın volvulusunun korreksiyası	Ameliyat Hizmeti	2	
124822	51795	Şiş kütləsinin baş dərisindən (baş dərisindən) çıxarılması, orta (diametri 2-5 sm)	Ameliyat Hizmeti	2	
116368	22719	Ureterorenoskopiya, biopsiya	Ameliyat Hizmeti	2	2.1.565
113524	43940	Botoks tətbiqi, distoniya (səthi)	Diğer Hizmet	2	
100190	10996	Total parenteral qidalanma (TPQ)  tətbiqi, günlük, pediatrik	Diğer Hizmet	2	
112273	40605	FGFR1 FISH	Laboratuar Hizmeti	2	
108567	30755	Suite otaq fərqi, gündəlik	Diğer Hizmet	2	
103753	16206	Göz müayinəsi, ultrasəs ilə	Muayene Hizmeti	2	2.1.10
116087	34043	Sinir təmiri, mikrocərrahiyyə (neyrofiya), hər bir əlavə sinir	Ameliyat Hizmeti	2	
108233	30145	Yumşaq toxuma inyeksiyası (tunel neyropatiyası, tendrid və s.)	Fizik Tedavi Hizmeti	2	
115962	22372	Mikrocərrahiyyə ilə glial şişin kəsilməsi	Ameliyat Hizmeti	2	2.6.35
116723	22973	Testislərin fiksasiyası, ikitərəfli	Ameliyat Hizmeti	2	
107272	30483	Kafeterya Hamburger	Diğer Hizmet	2	
107306	15016	Kafeterya Şokolad	Diğer Hizmet	2	
115487	22016	Kontrakturun açılması, böyük birləşmə	Ameliyat Hizmeti	2	
100218	10326	İntravenoz port yerləşdirilməsi	Ameliyat Hizmeti	2	
114047	45245	Sürrenal (adrenal) biopsiyası	Patoloji Hizmeti	2	
127592	54568	Kafeterya Napaleon tortu	Diğer Hizmet	2	
129055	56067	Hər iki ön kol rentgenoqrafiyası, ikitərəfli, müqayisəli	Radyoloji Hizmeti	2	
128187	55166	Lipoaspirasiya (liposaksiya), tək nahiyə	Ameliyat Hizmeti	2	
104764	13249	Porfobilinogen testi	Laboratuar Hizmeti	2	
128796	55794	Adalimumab, serum	Laboratuar Hizmeti	2	
100220	15385	Hikman kateterinin çıxarılması	Ameliyat Hizmeti	2	
116262	34051	Qulaq rekonstruksiyası, hər mərhələ üçün çox mərhələli	Ameliyat Hizmeti	2	2.6.420
114849	21463	Aortadaxili balon pompası (IABP) əks pulsasiyası	Ameliyat Hizmeti	2	2.6.463
114860	21475	Embolektomiya və ya trombektomiya, kateterizasiya ilə və ya olmadan, popliteal-tibioperoneal arteriyaiya, ayaq kəsikləri	Ameliyat Hizmeti	2	2.6.489
106136	30033	MRT, ürək, kontrastsız	Radyoloji Hizmeti	2	2.1.313
107972	12507	Aorta qapağının təmiri, valvuloplastika, kardiopulmoner bypass ilə	Ameliyat Hizmeti	2	2.6.400
107104	14863	Ambulans xidməti, 2.bölğə həkimsiz	Diğer Hizmet	2	
105100	13931	Anti-HEV IgG, Hepatit E (HEV)	Laboratuar Hizmeti	2	
121233	48732	KT, yuxarı qol, sağ, kontrastsız	Radyoloji Hizmeti	2	2.1.284
121242	48745	MRT artroqrafiyası, ayaq biləyi, sol	Radyoloji Hizmeti	2	2.1.310
116053	22444	Əzələ transpozisiyası və ya greft ilə korreksiya	Ameliyat Hizmeti	2	2.6.1265
119068	47492	PRP, üz, seans	Diğer Hizmet	2	
116630	22902	Histeroskopiya ilə mioma rezeksiyası, 3-cü dərəcə	Ameliyat Hizmeti	2	2.6.938
121201	48690	KT, baldır, sağ, kontrastsız	Radyoloji Hizmeti	2	2.1.284
111648	38547	Otoakustik emissiyanın ölçülməsi, ABR testi	Diğer Hizmet	2	2.1.404
114685	21306	Diafraqma yırtığının ilkin təmiri	Ameliyat Hizmeti	2	
109844	34734	Evde Tibb Xidmeti, 2.bölğe (neqliyyat)	Diğer Hizmet	2	
116596	34115	Pelvik limfadenektomiya, ayrıca prosedur	Ameliyat Hizmeti	2	
123046	50152	ABL1 Gen T315I mutasiya analizi	Laboratuar Hizmeti	2	
104089	11158	Ağciyər radioqrafiyası, üç proyeksiyalı	Radyoloji Hizmeti	2	
114315	33791	Psoriatik lövhələrin lazerlə məhv edilməsi, böyük	Ameliyat Hizmeti	2	
109303	32745	Abses drenajı, süd vəzi	Ameliyat Hizmeti	2	
129164	56176	TMPRSS6 Seçilmiş Exon Sequence Analizi	Laboratuar Hizmeti	2	
115860	32879	Yumşaq toxumaların bədxassəli şişlərinin kəsilməsi	Ameliyat Hizmeti	2	2.4.668
115358	15647	Pilonidal sinusun kəsilməsi və flap rotasiyası ilə bağlanma	Ameliyat Hizmeti	2	2.6.1315
115392	21944	Böyük sümük sınığı əməliyyatı, qapalı İMN	Ameliyat Hizmeti	2	2.6.1077
113913	45031	Laparoskopik salpinqo-ooforektomiya, birtərəfli	Ameliyat Hizmeti	2	2.6.911
104296	31940	USM, endoskopik diaqnostika	Radyoloji Hizmeti	2	
126458	53434	Gilbert sendromu Ugt1A1 tum gen dizi analizi	Laboratuar Hizmeti	2	
112016	39806	Faktor 9 inhibitoru	Laboratuar Hizmeti	2	2.4.788
112030	39933	Uşaq zəkasının inkişafı testi, WISC IV	Diğer Hizmet	2	
116742	22988	Müvəqqəti kardiostimulyator elektrodunun dəyişdirilməsi, hər bir tətbiq	Ameliyat Hizmeti	2	
114402	21088	Ağırlaşmış rinoplastika, qabırğa qrefti ilə	Ameliyat Hizmeti	2	
115959	22369	Kraniotomiya ilə beyin absesinin çıxarılması	Ameliyat Hizmeti	2	
107903	32476	Patella qeyri-sabitliyi, sümük əməliyyatları, birləşir	Ameliyat Hizmeti	2	
107904	32477	Patella qeyri-sabitliyi, sümük əməliyyatları, proksimal	Ameliyat Hizmeti	2	
100162	9802	İstənilən yerdən limfa düyünlərinin biopsiyası	Ameliyat Hizmeti	2	
108471	15613	Kontrol müayinə, genetik	Muayene Hizmeti	2	
129546	56571	Media Turniri Yoxlama Paketi	CheckUp	2	
123194	50271	MRT, kürək sümüyü, sağ, kontrastsız	Radyoloji Hizmeti	2	2.1.320
125184	52160	Tiroidektomiya, ikitərəfli total, (bədxassəli xəstəliklərdə)	Ameliyat Hizmeti	2	
116291	22658	Adenoma səbəbiylə paratiroidektomiya	Ameliyat Hizmeti	2	2.6.92
116309	22673	Nefrektomiya, sadə	Ameliyat Hizmeti	2	2.6.812
128009	54984	Leishmania donovani, IgM	Laboratuar Hizmeti	2	
121322	48864	MRT, yuxarı qol, sol, kontrastsız	Radyoloji Hizmeti	2	2.1.320
121340	48805	MRT, ürək, kontrastlı	Radyoloji Hizmeti	2	2.1.313
100115	14708	Ağız bölgəsinin biopsiyası	Diğer Hizmet	2	2.6.310
105446	13686	Paratiroid vəzi, patoloji müayinə	Patoloji Hizmeti	2	2.4.643
104859	13276	Vanilmandelik turşu (VMA), sidik, 24 saatlıq	Laboratuar Hizmeti	2	2.4.234
116524	34092	Sistosele  təmiri (mesh istifadə edərək)	Ameliyat Hizmeti	2	
116560	34102	Laparoskopik, miomektomiya, tək	Ameliyat Hizmeti	2	2.6.938
109107	14299	Sürətli çənə genişlənməsi cihazı	Diş	2	
112598	41626	Anti VGKC (Potasyum kanalı) Anticismi	Laboratuar Hizmeti	2	
127474	54451	Okside LDL	Laboratuar Hizmeti	2	2.4.164
128273	55253	Dəridən xoş xassəli törəmənin götürülmesi, 5 mm-ə qədər	Müdahale Hizmeti	2	
122826	50005	Süd vəzi over ca. hərtərəfli panel, 23 gen	Laboratuar Hizmeti	2	
114302	33786	Hiperpiqmentasiyanın lazerlə məhv edilməsi, kiçik	Ameliyat Hizmeti	2	
101984	31749	Uzun qollu gips və ya şin	Ameliyat Hizmeti	2	2.1.485
101752	12467	Rektal toxunuşla yad cismin və ya nəcis daşının çıxarılması	Ameliyat Hizmeti	2	
129646	56691	VIP Çay, kahve seti, gold	Diğer Hizmet	2	
105345	30618	DNT ardıcıllığının analizi 1 cüt	Laboratuar Hizmeti	2	
115305	33929	Hemikolektomiya, sol	Ameliyat Hizmeti	2	2.6.640
116392	22741	Sidik kisəsi boyun rezeksiyası	Ameliyat Hizmeti	2	2.6.858
100166	10347	İnfiltrasiya anesteziyası, səthi, anesteziya/alqoloji	Diğer Hizmet	2	
113784	44550	Port iynəsinin çıxarılması, tibb bacısı	Diğer Hizmet	2	
128059	55036	Fotona lazerlə çapıq müalicəsi, qismən	Diğer Hizmet	2	
129077	56089	Hər iki dizin rentgenoqrafiyası, iki istiqamətli, müqayisəli	Radyoloji Hizmeti	2	2.1.134
117027	31462	Neonatal xəstənin reanımatoloq təqibi 3-cü kateqoriya	Yoğun Bakım Hizmeti	2	
116024	22424	Torakal diskin kəsilməsi	Ameliyat Hizmeti	2	
116642	34132	Laparoskopiya ilə kist aspirasiyası	Ameliyat Hizmeti	2	2.6.906
106081	11288	KT, orbit, ikitərəfli, kontrastsız	Radyoloji Hizmeti	2	2.1.251
121254	48694	KT, lumbar vertebra, kontrastlı	Radyoloji Hizmeti	2	2.1.284
121207	48728	KT, bud, sağ, kontrastsız	Radyoloji Hizmeti	2	2.1.259
106381	18431	HLA-DQ, molekulyar aşağı həll olma qabiliyyəti	Laboratuar Hizmeti	2	
117596	45811	Whole Genome Sequencing (WGS)	Laboratuar Hizmeti	2	
114170	45539	Pneumocystis jirovecii real vaxtda PCR	Laboratuar Hizmeti	2	
104159	11124	Burun sümüyü radioqrafiyası, bir proyeksiyalı	Radyoloji Hizmeti	2	2.1.15
106032	11324	KT, dorsal, 3D, kontrastsız	Radyoloji Hizmeti	2	2.1.272
106046	15755	KTA, angioqrafiya, tək anatomik bölgə üçün	Radyoloji Hizmeti	2	2.1.285
115391	21943	Böyük sümük sınığı əməliyyatı, açıq İMN	Ameliyat Hizmeti	2	2.6.1095
113469	43763	Xəstə yatağı xidməti, 2-ci dərəcəli, bir nəfərlik otaq	Yatış Hizmeti	2	
129210	56222	Multiple Myeloma (Plasmaseq) kapsamlı genetik panel	Laboratuar Hizmeti	2	
103324	31841	Botulinum toksin inyeksiyası, regional (dərman istisna olmaqla)	Ameliyat Hizmeti	2	
111222	37417	Kafeterya Cheesecake	Diğer Hizmet	2	
107671	17691	Deformasiya olunmuş dırnaq baxımı, çox problemli	Diğer Hizmet	2	
116420	22767	Vezikovaginal fistulun bərpası	Ameliyat Hizmeti	2	2.6.851
124812	51785	Tendon təmiri, birincil, əyilmə tək vətər	Ameliyat Hizmeti	2	2.6.1260
100176	10368	Ürək ritmi, tənəffüs ritmi, arteriyaial təzyiqin təqibi (monitorizasiya)	Diğer Hizmet	2	
129074	56086	Ön qolun rentgenoqrafiyası, birtərəfli, sağ	Radyoloji Hizmeti	2	
125512	52487	Liv Bona Dea Normal (Kişi)	CheckUp	2	
106467	13812	Sidik birbaşa yaxma və/və ya rutin sentrifuqa və ya sitosentrifuqa ilə qiymətləndirmə	Patoloji Hizmeti	2	
115252	21843	Onikibarmaq bağırsağın zədələnməsində ilkin təmir	Ameliyat Hizmeti	2	
101766	12466	Anal və perineal xoşxassəli lezyonların yerli eksizyonu	Ameliyat Hizmeti	2	
104245	11441	İnvaginasiyada reduksiya, USM ilə	Radyoloji Hizmeti	2	
114005	45199	1-3 Beta-D-qlükan testi	Laboratuar Hizmeti	2	
119782	47637	Hipofosfatemiya - PHEX Bütün Gen Ardıcıllığının Təhlili	Laboratuar Hizmeti	2	
129006	56014	Vertebral rentgenoqrafiya, torakal, iki tərəfli	Radyoloji Hizmeti	2	2.1.104
121261	48550	KT, ayaq biləyi artroqrafiyası, sağ	Radyoloji Hizmeti	2	2.1.261
116656	22914	Meatotomiya	Ameliyat Hizmeti	2	2.6.869
117267	42099	Laparoskopik boşluq yırtığının təmiri və fundoplikasiyası (Nissen, Taupet və s.)	Ameliyat Hizmeti	2	
117274	43595	Embrion daşınma haqqı	Ameliyat Hizmeti	2	
124508	51477	Damar grefti ilə braxial, radial və ya dirsək arteriyaiyasının təmiri	Ameliyat Hizmeti	2	
109793	34681	Havalı yatağın icarəsi, üfüqi kanallı, yüksək qoruma xüsusiyyətli	Diğer Hizmet	2	
105063	13501	Ureaplasma urealiticum kulturası, vaginal axıntıda	Laboratuar Hizmeti	2	
113941	45092	Spermanın dondurulması	Diğer Hizmet	2	
102677	4887	Korneal və ya sklera tikişlərinin çıxarılması	Ameliyat Hizmeti	2	2.6.174
106828	12379	Təkrarlanan ileus zamanı laparotomiya	Ameliyat Hizmeti	2	
114284	20969	Damar lezyonlarının lazerlə kəsilməsi, orta (hemangioma)	Ameliyat Hizmeti	2	
110129	35340	Aspirat Kulturası	Laboratuar Hizmeti	2	
129617	56648	NGS, Sarkoma Füzyon Paneli, parafin dokuda, patolojik inceleme	Patoloji Hizmeti	2	
114330	20977	Üfüqi sınıq, orbital süd vəziəməyə greft və ya biomaterialın implantasiyası	Ameliyat Hizmeti	2	
108389	15342	Kadmium, serum	Laboratuar Hizmeti	2	
104181	15594	Lumbo-sakral radioqrafiya, bir proyeksiyalı	Radyoloji Hizmeti	2	2.1.98
112905	42393	Foto çəkiliş - Standart paket	Diğer Hizmet	2	
116306	33146	Laparoskopik, sadə nefrektomiya	Ameliyat Hizmeti	2	2.6.811
116956	33251	Lumbar posterior dinamik sabitləşmə	Ameliyat Hizmeti	2	
130485	57555	Excimer lazer, no touch, tek göz	Ameliyat Hizmeti	2	
104799	20852	Mikro CRP	Laboratuar Hizmeti	2	2.4.316
113380	43577	Amnisure-rom testi	Diğer Hizmet	2	
109611	34403	Kafeterya Espresso single	Diğer Hizmet	2	
100444	14706	Molluscum contagiosum çıxarılması, hər seansda 10-a qədər lezyon	Müdahale Hizmeti	2	
129288	56307	EBRD Check Up Paneli (40 Yaş Altı Qadın)	CheckUp	2	
119471	47921	Laparoskopik total histerektomiya + ikitərəfli salpinqektomiya (TLH+BS)	Ameliyat Hizmeti	2	
108550	20670	Xəstə yaxını suite lüks otaq ödənişi	Diğer Hizmet	2	
105935	11221	Mədə, onikibarmaq bağırsaq və nazik bağırsağın kontrastlı müayinəsi	Radyoloji Hizmeti	2	2.1.448
121575	48924	Yağ inyeksiyası, yumşaq toxuma qüsurlarının təmiri üçün (Kiçik)	Ameliyat Hizmeti	2	
116799	23043	Balon atrial septostomiya	Ameliyat Hizmeti	1	2.6.418
109418	33687	Ultrasəs/Doppler çəkimi (radioloq tərəfindən), evdə	Radyoloji Hizmeti	1	
106521	13652	Uretra (sidik kanalı), biopsiya, patoloji müayinə	Patoloji Hizmeti	1	2.4.610
106542	13693	Xaya, biopsiya, patoloji müayinə	Patoloji Hizmeti	1	2.4.657
121082	48865	MRT, yumşaq toxuma, kontrast	Radyoloji Hizmeti	1	2.1.320
105399	13588	Appendiks, təsadüfi (insidental) (əsas əməliyyata əlavə), patoloji müayinə	Patoloji Hizmeti	1	2.4.621
116138	22523	Göz içi yad cisimlərin çıxarılması	Ameliyat Hizmeti	1	2.1.378
129049	56060	Vertebral rentgenoqrafiya, torakal, birtərəfli	Radyoloji Hizmeti	1	2.1.104
107896	18810	Kostoplastika	Ameliyat Hizmeti	1	
114373	21062	Ziqomanın sınığı, qapalı reduksiya	Ameliyat Hizmeti	1	
115534	22045	Tətik barmağının cərrahi müalicəsi	Ameliyat Hizmeti	1	
115963	22373	Lobektomiya ilə glial şişin kəsilməsi	Ameliyat Hizmeti	1	2.6.35
115970	22380	Konveksite tumorların cərrahiyyəsi	Ameliyat Hizmeti	1	2.6.32
108518	16375	Vaginizm müalicəsi	Diğer Hizmet	1	2.2.75
112144	40364	İmplant çıxarılması	Diş	1	
116720	22970	Skrotal orxiektomiya, birtərəfli	Ameliyat Hizmeti	1	2.6.886
115502	22025	Barmaq ucu amputasiyalarında yerli flap tətbiqləri	Ameliyat Hizmeti	1	2.6.1275
100244	16418	Göbək arteriyaiyasının kateterizasiyası	Ameliyat Hizmeti	1	
129910	56962	Süd Vezi Check Up Paketi (40 Yaş Üstü)	CheckUp	1	
124737	51710	Sistosel və ya rektoselin təmiri	Ameliyat Hizmeti	1	
125105	52081	Anorektal fizioloji tədqiqat	Ameliyat Hizmeti	1	
125137	52113	Hemiepifiziodez (lövhə ilə) (hər böyümə plitəsinə görə)	Ameliyat Hizmeti	1	
113866	44856	FISH EWSR1- 22q12	Patoloji Hizmeti	1	
128345	55334	Glioma plus kanser paneli (sayy bio) (NGS)	Laboratuar Hizmeti	1	
128388	55377	Anti-opisthorchis IgG	Laboratuar Hizmeti	1	2.4.867
122486	49733	Müvəqqəti dayaq və tac	Diş	1	
103920	17570	Kök hüceyrə infuziyası	Diğer Hizmet	1	
103963	15192	Tam qan köçürülməsi, çantada	Diğer Hizmet	1	2.1.525
109461	34231	Fraksional lazerlə yanıq izi, orta	Diğer Hizmet	1	
109529	34304	Kafeterya pendiri omlet	Diğer Hizmet	1	
113655	44328	Tirozin fosfataz antikoru, IA2	Laboratuar Hizmeti	1	2.4.854
106953	17242	Xromosom analizi, amniotik maye*	Laboratuar Hizmeti	1	
106971	15344	MTHFR A1298C mutasiyası*	Laboratuar Hizmeti	1	
118403	46889	Amin turşuları - Tirozin, serum	Laboratuar Hizmeti	1	
119053	47473	Klinik ekzoma	Laboratuar Hizmeti	1	
116974	32935	Göbək yırtığının təmiri, greft istisna olmaqla	Ameliyat Hizmeti	1	2.6.764
124326	51294	Skrotal eksplorasiya (ektopik testis), birtərəfli	Ameliyat Hizmeti	1	
116313	22677	Nefrektomiya, subkapsular	Ameliyat Hizmeti	1	
115191	21788	Xoledokotomiya və T-drenajı	Ameliyat Hizmeti	1	2.6.730
116277	22645	Ossillar zənciri təmiri, timpanoplastika və mastoidektomiya	Ameliyat Hizmeti	1	2.6.281
114859	21474	Femoropopliteal, aortoiliak arteriyaiya, ayaqların kəsilməsi ilə embolektomiya və ya trombektomiya	Ameliyat Hizmeti	1	2.6.489
101398	17774	Arteriyaiovenoz fistula və ya şunt təmiri	Ameliyat Hizmeti	1	
108039	17562	Anterior servikal diskektomiya və greftin/qəfəsin yerləşdirilməsi və boşqab/vida ilə sabitləşdirmə, tək səviyyəli	Ameliyat Hizmeti	1	2.6.1165
124269	51228	Sarğı, böyük, evdə	Diğer Hizmet	1	
104663	13198	Xlor (Cl), sidik, 24 saatlıq	Laboratuar Hizmeti	1	2.4.85
105481	13729	Uşaqlıq (adnekslər ilə və ya olmadan), qeyri neoplazma və prolapus, patoloji müayinə	Patoloji Hizmeti	1	2.4.725
121175	48643	KT, ayaq, sağ, kontrastlı	Radyoloji Hizmeti	1	2.1.261
121186	48663	KT, diz, ikitərəfli, kontrastsız	Radyoloji Hizmeti	1	
104206	11429	Anevrizma embolizasiyası, periferik	Radyoloji Hizmeti	1	
108425	15034	Coxsackie Virusu IgM	Laboratuar Hizmeti	1	2.4.360
118821	46718	CD56 nisbəti, qan	Laboratuar Hizmeti	1	
108350	15341	Kadmium, sidik	Laboratuar Hizmeti	1	
117163	38517	Radiotezlik və ya plazma tətbiqi ilə konkanın azalması	Ameliyat Hizmeti	1	
117213	40770	Perkutan (Veno-venoz) VV-ECMO-nun daxil edilməsi və ya çıxarılması	Ameliyat Hizmeti	1	
109118	14238	Periodontal absesin müalicəsi	Diş	1	
100376	10280	Epidural blok, neyrolitik, servikal-torakal	Diğer Hizmet	1	
115434	32832	Bud sümüyünün derotasiyası osteotomiyaları	Ameliyat Hizmeti	1	2.6.1029
114716	33870	Perikardiyosentez, təkrarlanan prosedur	Ameliyat Hizmeti	1	2.6.451
116531	22839	Uretral karunkulun kəsilməsi	Ameliyat Hizmeti	1	
116538	18821	Vaginal histerektomiya və sistoselin təmiri	Ameliyat Hizmeti	1	
116563	34103	Miyomun vajinadan çıxarılması	Ameliyat Hizmeti	1	
121068	48843	MRT, xayalıq və xayalar, kontrastlı	Radyoloji Hizmeti	1	
123665	50685	Botox inyeksiyası, tək zona	Müdahale Hizmeti	1	
110147	35358	DNT ardıcıllığının analizi 21 və ya daha çox cüt	Laboratuar Hizmeti	1	
114323	33799	Yaşlı lentiqonun lazerlə məhv edilməsi, böyük	Ameliyat Hizmeti	1	
110079	35230	Torasentez, müalicəvi	Ameliyat Hizmeti	1	
114266	20956	Əzələ qapağı	Ameliyat Hizmeti	1	
127634	54610	Xrom (AAS), sidik	Laboratuar Hizmeti	1	2.4.746
103520	10525	Sfinkterotomiya, endoskopik	Ameliyat Hizmeti	1	
104338	15327	USM, Spinal	Radyoloji Hizmeti	1	2.1.227
115359	33939	Pilonidal sinusun tam kəsilməsi, koksiksdə	Ameliyat Hizmeti	1	2.6.1315
115377	21935	Böyük sümük sınıqlarının qapalı azalması	Ameliyat Hizmeti	1	
115395	32824	Böyük sümük parçaları olan sınıqlar, skop altında, açıq İMN	Ameliyat Hizmeti	1	
115827	22252	Böyük sümük qüsuru (3 sm-dən çox), xarici fiksasiya ilə psevdoartroz	Ameliyat Hizmeti	1	
116506	32912	Genital ziyillərin kəsilməsi (ümumi diametri <3 sm)	Ameliyat Hizmeti	1	
106492	13599	Oynaq, yumşaq cisim, patoloji müayinə	Patoloji Hizmeti	1	2.4.585
112276	40609	FISH 14 IGH Break Apart	Laboratuar Hizmeti	1	
113973	45154	Rahatlama məşqləri, psixiatriya	Diğer Hizmet	1	
106303	30395	Spesifik IgE f17 (fındıq)	Laboratuar Hizmeti	1	2.4.306
107721	20660	Sütur açmaq, evdə	Diğer Hizmet	1	
107732	20637	Serumun daxil edilməsi və 2 saatlıq təqibi, evdə	Diğer Hizmet	1	
117124	37145	Dupuytren əməliyyatı, mürəkkəb, çoxlu barmaqlar	Ameliyat Hizmeti	1	
108932	14122	Dişlərin ağardılması, ağardılma, tək çənə	Diş	1	
107153	10284	Biliopankreatik kanaldan nümunə götürmə (fırça sitologiyası, biopsiya, aspirasiya biopsiyası və s.)	Diğer Hizmet	1	
115602	22096	Tam çiyin artroplastiyası	Ameliyat Hizmeti	1	2.6.1203
119314	47401	Tibb bacılığı xidməti, 24 saat, evdə	Diğer Hizmet	1	
120282	48176	Həyati göstəricilərin təqibi və damar yolunun açılması, evdə	Diğer Hizmet	1	
128563	55559	Sınıf 1 Check Up Paneli No 107C	CheckUp	1	
106060	36071	Kontrastsız spiral/multidetektor KT (daş protokolu qarın KT) (aşağı-yuxarı)	Radyoloji Hizmeti	1	
106067	17604	KT, beyin, aksial + koronal, MD və ya S	Radyoloji Hizmeti	1	2.1.243
121236	48678	KT, hipofiz, kontrastlı	Radyoloji Hizmeti	1	2.1.244
121243	48746	MRT artroqrafiyası, dirsək, sağ	Radyoloji Hizmeti	1	2.1.300
100644	9190	Burun sınıqlarının qapalı azalması	Ameliyat Hizmeti	1	2.1.551
108025	20674	Lumbar laminektomiya, posterior alətlər və qraft yerləşdirmə ilə dekompressiya, 5 səviyyəyə qədər	Ameliyat Hizmeti	1	
110379	16323	Spinal sütunu (skolioz), dörd proyeksiyalı	Radyoloji Hizmeti	1	2.1.162
125887	52863	Gıda intolerans euroimmun testi-216	Laboratuar Hizmeti	1	
101816	31720	U şin və gövdə bandajı (Velpeau)	Ameliyat Hizmeti	1	
108157	9803	Yağ inyeksiyası, yumşaq toxuma qüsurlarının təmiri üçün	Ameliyat Hizmeti	1	
114566	21211	Təmir edilmiş yarıq dodaq revizyonu	Ameliyat Hizmeti	1	2.6.317
114598	21236	Submandibular tüpürcək vəzinin kəsilməsi	Ameliyat Hizmeti	1	
114884	21499	Anevrizma, yalançı anevrizma və ya okklyuziv xəstəlik, popliteal arteriyaiya	Ameliyat Hizmeti	1	2.7.18.14
115259	33923	Mədə əməliyyatı, cəmi	Ameliyat Hizmeti	1	2.6.600
115284	21870	Nazik bağırsağın perforasiyasında ilkin tikiş	Ameliyat Hizmeti	1	
116395	22744	Sidik kisəsinin tikilməsi	Ameliyat Hizmeti	1	2.6.848
116413	22760	Sistostomiya, açıq	Ameliyat Hizmeti	1	2.6.839
115295	21879	Ladd bandının eksiziyası, malrotasiyalar	Ameliyat Hizmeti	1	
104363	30306	Alfa-feto protein (AFP-MoM)	Laboratuar Hizmeti	1	2.4.50
125555	52530	Oksipital sinir bloku (GON), radiofrekans	Diğer Hizmet	1	
125562	52537	Quadratus femois əzələ inyeksiyası	Diğer Hizmet	1	
124826	51799	Varikoz damarlarına sklerozlaşdırıcı maddənin (köpük) yeridilməsi (skleroterapiya), birdən çox nahiyə/damar, seans, dərman istisna olmaqla	Ameliyat Hizmeti	1	
103323	14916	Botulinum toksin enjeksiyonu, sidik kisəsi və ya sfinkter, sidik sistemi	Ameliyat Hizmeti	1	
108185	12006	Skene kistlərinin kəsilməsi	Müdahale Hizmeti	1	2.6.973
108703	20901	Herpes virusu tip 8 (HHV 8) Ig G	Laboratuar Hizmeti	1	
130245	57311	Fibroblastların dəri/kosmetoloji tətbiqi, 1 nahiyyə	Diğer Hizmet	1	
130246	57312	Fibroblastların dəri/kosmetoloji tətbiqi, əlavə nahiyyə	Diğer Hizmet	1	
130481	57551	Sidik kateterinin çıxarılması, evdə	Diğer Hizmet	1	
115373	33941	Kiçik sümük qapalı reduksiya, floroskopiya altında	Ameliyat Hizmeti	1	
116509	32914	Kondilomanın laxtalanması və ya kəsilməsi, çoxsaylı	Ameliyat Hizmeti	1	
125834	52810	Jinekomastiyanın korreksiyası, ikitərəfli, cərrahi	Ameliyat Hizmeti	1	2.6.1310
105695	10745	Doppleroqrafiya və rəngli exokardioqrafiya	Diğer Hizmet	1	2.1.443
105478	13726	Timus, şiş, patoloji müayinə	Patoloji Hizmeti	1	2.4.722
121203	48692	KT, baldır, sol, kontrastsız	Radyoloji Hizmeti	1	2.1.284
111430	38221	Kafeterya Toyuq Sezar Salatı	Diğer Hizmet	1	
127338	54314	Fotona lazerlə xoşxassəli dəri törəməsinini alınması, 10 mm çox	Diğer Hizmet	1	
126887	53863	Sabah Basketbol Klubü Sporcu Paneli	CheckUp	1	
104127	11173	Kürək sümüyü radioqrafiyası, bir proyeksiyalı	Radyoloji Hizmeti	1	2.1.49
123125	50231	WT1 ifadə analizi	Laboratuar Hizmeti	1	
127906	54882	LIV Yurtdışı Normal Qadın Check Up Paketi	CheckUp	1	
106114	19027	MRT, döl	Radyoloji Hizmeti	1	2.1.312
100648	9154	Burun yastığı, arxa	Ameliyat Hizmeti	1	2.6.286
107968	32494	Suprakoronar yüksələn aorta anevrizmasının kardiopulmoner by-pass ilə müşayiət olunan boru grefti ilə təmiri	Ameliyat Hizmeti	1	2.7.18.15
112533	41342	Subkutan mastektomiya (məmə ucu qoruyucu)	Ameliyat Hizmeti	1	
114452	21127	Tortikolisin korreksiyası	Ameliyat Hizmeti	1	2.6.1271
114470	21143	Xoanal atreziyanın endoskopik açılması	Ameliyat Hizmeti	1	
109139	14255	Subepitelial birləşdirici toxuma qrefti	Diş	1	
107149	14852	II. Böyük Assistent 300-499	2. Asistan	1	
116041	22434	Servikal laminektomiya	Ameliyat Hizmeti	1	
116609	22890	Rektovaginal fistula təmiri	Ameliyat Hizmeti	1	2.6.968
116627	34123	Histeroskopiya ilə 1-2 dərəcəli sinexiyanın açılması	Ameliyat Hizmeti	1	2.6.935
115173	33913	Total sistektomiya - hidatik kistdə çoxlu kist	Ameliyat Hizmeti	1	
115606	22100	Artrodez, böyük oynaq	Ameliyat Hizmeti	1	2.6.1174
114819	21431	Aberrant damar bölgüsü (damar halqası) və reanastomoz	Ameliyat Hizmeti	1	2.6.503
105495	13741	Ezofaqus, qismən və ya tam rezeksiya, patoloji müayinə	Patoloji Hizmeti	1	2.4.694
105631	16899	Etil spirtinin təyini, serum	Laboratuar Hizmeti	1	
111161	37356	Kafeterya Çoxlu pendirli mini sendviç	Diğer Hizmet	1	
113769	44485	Traxeostomiyaya baxımı	Diğer Hizmet	1	
126888	53864	Xəstə şam yeməyi	Diğer Hizmet	1	
100130	17445	Xəstənin mexaniki ventilyatora qoşulması	Diğer Hizmet	1	
124830	51801	Facelift+boyunqaldırma, plastik, rekonstruktiv və estetik cərrahiyyə	Ameliyat Hizmeti	1	
125584	52559	Aşağı ətraflardan silikonun xaric edilməsi, plastik, rekonstruktiv və estetik cərrahiyyə	Ameliyat Hizmeti	1	
125619	52594	Hymenoplastika	Ameliyat Hizmeti	1	2.6.963
108821	14206	Sərt toxuma qreftləmə, qreft qiyməti istisna olmaqla,	Diş	1	
105527	15393	Qurğuşun (AAS), serum	Laboratuar Hizmeti	1	
119750	47374	ADA2 bütün gen ardıcıllığı analizi	Laboratuar Hizmeti	1	
126187	53163	T Hüceyrə klonallıq testi	Laboratuar Hizmeti	1	
128677	55673	Aşağı ətrafın dərin damarları RDUS, iki ətraf	Radyoloji Hizmeti	1	2.1.236
101802	10923	Dirsəkdən yuxarı uzun qol tökmə	Ameliyat Hizmeti	1	2.1.485
129009	56017	Hər iki tibia-fibula rentgenoqrafiyası, birtərəfli, müqayisəli	Radyoloji Hizmeti	1	
102370	17433	Xarici Lumbar drenaj sisteminin yerləşdirilməsi	Ameliyat Hizmeti	1	
108104	19025	Lumbar spinal ekstramedullar şişin çıxarılması, laminektomiya istisna olmaqla	Ameliyat Hizmeti	1	
113919	45033	Laparoskopik salpinqo-ooforektomiya, ikitərəfli	Ameliyat Hizmeti	1	2.6.915
114587	34167	Faringoplastika	Ameliyat Hizmeti	1	2.6.331
114588	21228	Uvulopalatofaringoplastika	Ameliyat Hizmeti	1	
116374	22724	Ureteroselektomiya (endoskopik)	Ameliyat Hizmeti	1	
114319	33795	Rosacea lazer məhv, orta	Ameliyat Hizmeti	1	
114337	20984	Kalvarial formalaşdırma, ümumi, daxili fiksasiya lövhəsi istisna olmaqla	Ameliyat Hizmeti	1	2.6.37
114706	21325	Omental kist və ya şişin kəsilməsi	Ameliyat Hizmeti	1	
109290	32732	Hematom drenajı, səthi	Ameliyat Hizmeti	1	2.1.514
110058	31542	Laminektomiya istisna olmaqla, torakal spinal ekstramedullar şişin çıxarılması	Ameliyat Hizmeti	1	
114270	20960	Limberq, Rhomboid, Karydakis flap əməliyyatları	Ameliyat Hizmeti	1	
104074	11152	Spinal sütunu (skolioz), üç  proyeksiyalı	Radyoloji Hizmeti	1	2.1.162
121039	48563	KTA, dinamik, torakal aorta	Radyoloji Hizmeti	1	2.1.285
121053	48742	MRA, onurğa	Radyoloji Hizmeti	1	2.1.324
120104	47680	Tam Mitoxondri DNT ardıcıllığı analizi	Laboratuar Hizmeti	1	
104577	32014	Asetaminofen səviyyəsinin təyini, HPLC üsulu ilə	Laboratuar Hizmeti	1	2.4.39
109121	14249	Periodontal splint (splint), sabit, tək çənə	Diş	1	
105764	10837	Rutin EMQ Skan və ya elektrodiaqnostik konsultasiya	Diğer Hizmet	1	2.1.479
116591	22877	Leforte prosesi (kolpekleiz)	Ameliyat Hizmeti	1	
117177	39145	Benign yumşaq toxuma şişinin eksizyonu, səthi, diametri 2-5 sm	Ameliyat Hizmeti	1	
115456	21981	Kiçik sümük implantının çıxarılması	Ameliyat Hizmeti	1	
104527	31993	5-Hidroksitriptamin (seratonin), serum	Laboratuar Hizmeti	1	2.4.754
115423	21964	Böyük oynaq qırıqlarının dislokasiyası və ya əsas sinir kəşfiyyatı əməliyyatı	Ameliyat Hizmeti	1	
104927	17649	Kriofibrinogen	Laboratuar Hizmeti	1	2.4.99
124130	51098	Revmatoloji müayinə, fiziki təbabət və reabilitasiya	Muayene Hizmeti	1	2.1.1
108203	9186	Kanalit  yerini dəyişdirmə manevri (EPLEY manevri), hər manevr üçün	Diğer Hizmet	1	
109825	34714	Yataq kənarı monitorun icarəsi	Diğer Hizmet	1	
121989	49272	Kontakt linza və məhlul, sferik optik və kosmetik yumşaq linza	Diğer Hizmet	1	
106900	20558	FISH, t (8; 14) MYC/IGH translokasiyası*	Laboratuar Hizmeti	1	
111029	37050	Ürək şişinin rezeksiyası, patoloji müayinə	Patoloji Hizmeti	1	2.4.666
110808	36549	Qanda şəkərin ölçülməsi (qanda), evdə	Diğer Hizmet	1	
113669	44362	Spesifik IgE, arpa unu	Laboratuar Hizmeti	1	2.4.306
128023	54998	Ureaplasma IgM	Laboratuar Hizmeti	1	
106850	35607	COL1A1*	Laboratuar Hizmeti	1	
116324	22686	Nefroureterektomiya	Ameliyat Hizmeti	1	2.6.813
116960	33318	Klitaroplastika	Ameliyat Hizmeti	1	
124748	51721	Artan aortanın dəyişdirilməsi və aorta qapağının dəyişdirilməsi (Buğda əməliyyatı)	Ameliyat Hizmeti	1	
115238	21832	Qismən proksimal özofagektomiya və sərbəst vaskulyarlaşdırılmış jejunum rekonstruksiyası	Ameliyat Hizmeti	1	
125101	52076	Qeyri-invaziv Prenatal Test (NIPT), hərtərəfli	Laboratuar Hizmeti	1	
129928	56983	Neoadjuvant kemoradioterapiyadan sonra pnevmonektomiya	Ameliyat Hizmeti	1	
123193	50270	MRT, kürək sümüyü, sağ, kontrastlı	Radyoloji Hizmeti	1	2.1.320
122594	49838	Dəri prick testi, 50 ədəd	Diğer Hizmet	1	
107553	17354	Dolğu, tək dodaq	Diğer Hizmet	1	
109590	34367	Kafeterya Səhər yeməyi, gecə	Diğer Hizmet	1	
111312	19136	Dietoloq müayinəsi paketi, 3 aylıq	Muayene Hizmeti	1	
109372	14853	III. Böyük Assistent 300-499	3. Asistan	1	
107367	14655	Botoksla hiperhidroz müalicəsi, hər iki ayağa	Diğer Hizmet	1	
108772	10389	İntensiv baxım bölməsində əməliyyatdan sonra xəstə təqibi	Diğer Hizmet	1	
115638	33996	Artroskopik sinovektomiya, qismən, diz	Ameliyat Hizmeti	1	
115674	22134	Ayaq biləyinin girov bağının ilkin təmiri	Ameliyat Hizmeti	1	2.6.1211
122494	49739	Sefalometrik film, yanal	Diş	1	
100466	9672	Bu müddət ərzində dilatasiya və stent qoyulması da daxil olmaqla, Eus tərəfindən idarə olunan sistoqastrostomiya-duodenostomiya	Ameliyat Hizmeti	1	
115992	22400	Sakrokoksigeal teratomanın kəsilməsi	Ameliyat Hizmeti	1	
114338	32800	Kalvarial formalaşdırma, total, plastik, rekonstruktiv və estetik cərrahiyyə	Ameliyat Hizmeti	1	2.6.37
114370	21059	TMJ dislokasiyasının qapalı azalması	Ameliyat Hizmeti	1	2.1.578
116692	22946	Transuretral prostat kəsikləri	Ameliyat Hizmeti	1	
116710	22961	Enməmiş xaya, ikitərəfli və yırtıq təmiri, birtərəfli	Ameliyat Hizmeti	1	
103692	10853	Mini psixi vəziyyət testi (mini mental state exam - MMSE)	Diğer Hizmet	1	
107268	30464	Kafeterya Kartof dilimləri	Diğer Hizmet	1	
105410	13610	İntervertebral disk, patoloji müayinə	Patoloji Hizmeti	1	2.4.565
108553	20728	İkinci Xəstə yaxını nahar yeməyi	Diğer Hizmet	1	
108665	18816	Fibrotest	Laboratuar Hizmeti	1	
104989	15181	Aerob konyunktiva və ya göz axıntısı kulturası	Laboratuar Hizmeti	1	
103953	14983	Soyuq aqlütinasiya	Laboratuar Hizmeti	1	
128060	55037	Fotona lazerlə çapıq müalicəsi, orta	Diğer Hizmet	1	
129096	56108	Sakroiliak birgə rentgenoqram, üç tərəfli, sağ	Radyoloji Hizmeti	1	
129098	56110	Sakroiliak birgə rentgenoqram, üç yollu, sol	Radyoloji Hizmeti	1	
128998	56006	Ön qolun rentgenoqrafiyası, birtərəfli, sol	Radyoloji Hizmeti	1	
104321	15659	USM, böyrəküstü vəzilər	Radyoloji Hizmeti	1	2.1.227
111575	38309	MRT, anal	Radyoloji Hizmeti	1	2.1.320
107763	17235	JAK2V617F mutasiyası	Laboratuar Hizmeti	1	
105534	18943	Bordetella boğmaca, IgA anticismi	Laboratuar Hizmeti	1	
113924	45060	Ürəkdaxili laxtanın kardiopulmoner bypass ilə kəsilməsi	Ameliyat Hizmeti	1	2.6.439
114549	21195	Qlossektomiya, qismən	Ameliyat Hizmeti	1	2.7.119.13
114919	21533	Vena grefti ilə damar təmiri,, qarın içi	Ameliyat Hizmeti	1	2.6.513
114924	21538	Damarın damardan başqa bir greftlə təmiri, intratorasik, bypass olmadan	Ameliyat Hizmeti	1	2.6.512
115294	21878	Nazik bağırsağın rezeksiyası olmadan entero-enterostomiya	Ameliyat Hizmeti	1	2.6.654
115317	21894	Kolon perforasiyasında ilkin tikiş	Ameliyat Hizmeti	1	
100211	17448	Hood daxili oksigenin ölçülməsi	Diğer Hizmet	1	
124350	51318	Radikal boyun diseksiyasi, iki teref	Ameliyat Hizmeti	1	
125788	52764	Lipoaspirasiya (liposaksiya), 360 (Vaser Cihazı ilə)	Ameliyat Hizmeti	1	
125790	52766	Alına yağ enjeksiyonu	Ameliyat Hizmeti	1	
115821	34015	Vertebroplastika (bütün səviyyələr üçün) (sement və ya greft)	Ameliyat Hizmeti	1	
115385	21942	Bimalleolar qırıqların açıq reduksiyası, o cümlədən perkutan sancma	Ameliyat Hizmeti	1	
114249	21027	Alın qapağı, 1-ci seans	Ameliyat Hizmeti	1	
114615	21249	Sternal debridman	Ameliyat Hizmeti	1	
114649	21272	Ginekomastiya periarolər rezeksiya, hər ikisi	Ameliyat Hizmeti	1	2.6.1310
114656	16080	Modifikasiya edilmiş radikal mastektomiya, o cümlədən aksiller diseksiyon	Ameliyat Hizmeti	1	
103496	15725	Plevrokan ilə plevral drenaj	Ameliyat Hizmeti	1	2.1.397
120097	47709	T-4;11 q21;q23- RT PCR	Laboratuar Hizmeti	1	
108799	30168	Tikişlərin çıxarılması	Diş	1	
116453	22794	Uretroplastika, hipospadias və qeyri-epispadias	Ameliyat Hizmeti	1	
115853	22273	Xoşxassəli yumşaq toxuma şişi, intrapelvik	Ameliyat Hizmeti	1	2.6.1328
116496	34083	Karman aspirasiyası (Karman cannula ilə vakuum aspirasiyası)	Ameliyat Hizmeti	1	2.6.958
100345	10225	Pudental sinir bloku	Diğer Hizmet	1	
100352	10258	Siyatik sinir blokusı	Diğer Hizmet	1	
130000	57056	Adrenal Steroid Paneli	Laboratuar Hizmeti	1	
109776	34665	Periferik sinirə PRF, tək sinirə	Diğer Hizmet	1	
111350	31586	Moxo DEHB testi	Diğer Hizmet	1	
104664	13199	Xlor (Cl), sidik, spot	Laboratuar Hizmeti	1	2.4.85
123073	50179	Hemolitik uremik sindrom (CFH gen ardıcıllığının təhlili)	Laboratuar Hizmeti	1	
105598	19847	Coxiella burnetii anticismi IgM, faza II, IFA	Laboratuar Hizmeti	1	
111718	38753	Oncotype Dx testi	Laboratuar Hizmeti	1	
111748	38823	HTLV 1/2 skrininq serum	Laboratuar Hizmeti	1	
114281	33661	Z-plastik, tək, plastik, rekonstruktiv və estetik cərrahiyyə	Ameliyat Hizmeti	1	
127921	54897	Toraks boşluğunun drenleşdirilmesi, çift taraflı	Müdahale Hizmeti	1	
106829	33742	Malar defektlərin rekonstruksiyası	Ameliyat Hizmeti	1	
106836	15979	Yağ inyeksiyası və blefaroplastika	Ameliyat Hizmeti	1	
114324	33800	Yaşlı lentiqonun lazerlə məhv edilməsi, kiçik	Ameliyat Hizmeti	1	
115419	33648	Orta oynaq sınığı dislokasiyası açıq reduksiya + skopi nəzarəti altında fiksasiya	Ameliyat Hizmeti	1	
115462	21989	Sümük calağının alınması (əsas əməliyyata əlavə)	Ameliyat Hizmeti	1	
121042	48717	KT, sternoklavikulyar oynaq, kontrastsız	Radyoloji Hizmeti	1	2.1.284
110146	35357	DNT ardıcıllığının analizi 1-20 cüt	Laboratuar Hizmeti	1	
127628	54604	Mis, sidik	Laboratuar Hizmeti	1	2.4.825
127687	54663	B-ALL NGS paneli	Laboratuar Hizmeti	1	
127719	54695	Hemokromatozis paneli (FTH1, HAMP, HFE, HFE2, SLC40A1, TFR2, HJV)	Laboratuar Hizmeti	1	
116598	22882	Əməliyyatdan sonrakı manjet prolapsının təmiri, qarın fasiyal asma ilə kolpopleksiya	Ameliyat Hizmeti	1	
124452	51422	Sinus pilonidalis total eksizyon + flap fırlanması, boyun bağlanması	Ameliyat Hizmeti	1	
109846	34736	Evde Tibb Xidmeti, 4.bölğe (neqliyyat)	Diğer Hizmet	1	
116896	30527	1-ci qrup psixiatrik xəstənin günlük müalicəsi	Diğer Hizmet	1	
121169	48795	MRT, kəllə əsası, kontrastlı	Radyoloji Hizmeti	1	2.1.320
121176	48644	KT, ayaq, sağ, kontrastsız	Radyoloji Hizmeti	1	2.1.261
109176	14134	Yer tutucu, sabit, iki tərəfli	Diş	1	
116621	34121	Laparoskopik, radikal histerektomiya, wertheim əməliyyatı	Ameliyat Hizmeti	1	2.6.945
121235	48734	KT, yuxarı qol, sol, kontrastsız	Radyoloji Hizmeti	1	2.1.284
106325	13117	Spesifik IgE, f92 banan	Laboratuar Hizmeti	1	2.4.306
104532	31996	Histamin	Laboratuar Hizmeti	1	
104555	14823	Fenitoin (difenilhidantoin) səviyyəsinin təyini, HPLC-dən başqa üsulla	Laboratuar Hizmeti	1	
104564	18467	Lamotrigin (lamotrigine) səviyyəsinin təyin, HPLC-dən başqa bir üsulla	Laboratuar Hizmeti	1	2.4.929
114785	21396	Koronar arteriya by-pass, autogen greft Safen və ya İMA və s., tək koronar greft, kardiopulmoner by-pass ilə	Ameliyat Hizmeti	1	2.6.445
114817	21429	Truncus arteriyaiosus tam təmiri, Rastelli tipli cərrahiyyə	Ameliyat Hizmeti	1	2.6.431
115126	21735	Kimyəvi plevrodez, torakal cərrahiyyə	Ameliyat Hizmeti	1	
115149	21754	Torakotomiya, əsaslı dəyərləndirmə və biopsiya ilə	Ameliyat Hizmeti	1	
115153	21759	Bulaların kəsilməsi ilə videotorakoskopiya	Ameliyat Hizmeti	1	
116030	34038	Lumbar disk yırtığında hemilaminotomiya və ya HPL, çoxsaylı	Ameliyat Hizmeti	1	
124018	50982	FISH, CDK4 (12q13)/SE 12	Laboratuar Hizmeti	1	
104487	13407	Qlükaqon	Laboratuar Hizmeti	1	2.4.753
108038	19782	Anterior servikal diskektomiya və greft və ya qəfəs yerləşdirilməsi	Ameliyat Hizmeti	1	2.6.1165
108065	36077	Venöz portun çıxarılması (infeksiya olan və ya olmayan)	Ameliyat Hizmeti	1	
112618	41702	Məmə aksesuarı, biteral	Ameliyat Hizmeti	1	2.6.1308
115226	21821	Özofagus atreziyasının ilkin təmiri	Ameliyat Hizmeti	1	
130593	57670	Allogen Kök Hüceyrə Öncəsi Rutin Check Up Paketi, Alıcı	CheckUp	1	
109910	57567	Barlı protez implant üzeri, 2 implant	Diş	1	
116330	33609	Laparoskopik, piyeloplastika	Ameliyat Hizmeti	1	
124752	51725	Torakal aortaya qreftin endovaskulyar implantasiyası (TEVAR)	Ameliyat Hizmeti	1	2.6.561
110914	36770	Dəri analizi	Diğer Hizmet	1	
110982	36881	Kafeterya Marinadlı Toyuq Şiş	Diğer Hizmet	1	
127626	54602	Mikrosatellit qeyri-stabitliyi (MSI), patoloji müayinə	Patoloji Hizmeti	1	
104732	13331	Oksalat, sidik, ləkə	Laboratuar Hizmeti	1	2.4.828
106895	17276	FISH t(8;21), AML1/ETO*	Laboratuar Hizmeti	1	
106972	20528	MTHFR mutasiya analizi *	Laboratuar Hizmeti	1	
119704	47594	Mastositoz - KIT, C-KIT Seçilmiş Ekzon Ardıcıllığı Analizi, 11, 12, 13, 17	Laboratuar Hizmeti	1	
109376	33584	KT, enteroqrafiya	Radyoloji Hizmeti	1	2.1.284
121344	48546	KTA, böyrək damarları, ikitərəfli	Radyoloji Hizmeti	1	2.1.285
124745	51718	Vaginal radikal histerektomiya	Ameliyat Hizmeti	1	2.6.948
115626	33984	Artroskopik plikanın kəsilməsi, diz	Ameliyat Hizmeti	1	
115660	22120	Artroskopik SLAP təmiri, çiyin	Ameliyat Hizmeti	1	
122246	49471	Lavman, evdə	Diğer Hizmet	1	
110848	36648	Dəri baxımı, normal	Diğer Hizmet	1	
122805	49986	Rezin İnfiltrasiya Müalicəsi	Diş	1	
123448	50503	2 cc greft	Diş	1	
123450	50501	0,5 cc qreft	Diş	1	
103955	31922	Təzə dondurulmuş plazma - kriopresipitat - əridilməsi	Diğer Hizmet	1	
106025	15630	Rəngli Doppler USM, vertebral arteriyaiyalar, ikitərəfli	Radyoloji Hizmeti	1	2.1.235
114381	21069	Burun rekonstruksiyası, cəmi	Ameliyat Hizmeti	1	2.6.292
100320	10232	Sakroiliak oynaq inyeksiya	Ameliyat Hizmeti	1	
115517	33959	Axilles vətərinin qırılmasının bərpası	Ameliyat Hizmeti	1	2.6.1256
115519	22035	Axilles/patellar/quadriseps tendon təmiri, tək vətər üçün	Ameliyat Hizmeti	1	2.6.1256
103696	17664	Psixiatrik diaqnostik şkalalar (hər biri)	Diğer Hizmet	1	
107297	15032	Kafeterya sendviç	Diğer Hizmet	1	
116721	22971	Skrotal orxiektomiya, ikitərəfli	Ameliyat Hizmeti	1	2.6.887
115528	33963	Tenoliz, plastik, rekonstruktiv və estetik cərrahiyyə	Ameliyat Hizmeti	1	
115953	22364	Anevrizma əməliyyatları, çoxlu anevrizma, eyni kəsik	Ameliyat Hizmeti	1	2.6.555
113311	43365	Ortodontik müalicə, sabit, tək çənə	Diş	1	2.6.1003
113345	43429	Flourid Tətbiqi (Alt - Üst Çənə)	Diş	1	
103762	11864	Fundus arxa seqmentinin rəngli fotoqrafiyası, tək göz	Diğer Hizmet	1	2.1.336
121569	48928	Reduction mamoplastika, hər iki süd vəziləri	Ameliyat Hizmeti	1	2.6.1310
108533	10894	Psixometrik qiymətləndirmə, hər bir test	Diğer Hizmet	1	
107238	15693	Psixoloji konsultasiya xidməti	Muayene Hizmeti	1	1.1.18
100152	9630	Dəridən və ya dərialtı toxumadan 1-5 sm diametrli kista və ya xoşxassəli şişin çıxarılması	Ameliyat Hizmeti	1	
107397	19109	Stria müalicəsi, seans	Diğer Hizmet	1	
108678	19795	Superoksid dismutaz (SOD)	Laboratuar Hizmeti	1	
108631	20535	Ürək-damar risk paneli	Laboratuar Hizmeti	1	
106223	18253	İmmun çatışmazlığı paneli	Laboratuar Hizmeti	1	
101811	10920	PTB (patellar vətər daşıyan) gips	Müdahale Hizmeti	1	
100254	11002	Surfaktant müalicəsi	Diğer Hizmet	1	
108861	15533	Diş implantı növü 2	Diş	1	
100173	10589	Sidik kisəsi kateterinin tətbiqi, uşaq cərrahiyyəsi	Diğer Hizmet	1	
123335	50396	IV administrasiya, dırnaq kokteyli	Diğer Hizmet	1	
111220	37415	Kafeterya Tekirdağ halvası	Diğer Hizmet	1	
117036	34261	Çapıq revizyonu, 3-10 sm, plastik, rekonstruktiv və estetik cərrahiyyə	Ameliyat Hizmeti	1	
117051	35411	Laparoskopik, göbək yırtığının təmiri	Ameliyat Hizmeti	1	2.6.766
125558	52533	Kaudal epudral steroid inyeksiyası (KESİ)	Ameliyat Hizmeti	1	2.1.519
125577	52552	Dodaqların korreksiyası, tək dodaq	Ameliyat Hizmeti	1	
115296	21880	Laparotomiya, brid ileus + bridektomiya	Ameliyat Hizmeti	1	
115264	21851	Qastrotomiya (qastrostomiya), cərrahiyyə	Ameliyat Hizmeti	1	2.6.593
111537	38267	KT, gicgah-alt çənə oynaq tomoqrafiyası, cüt oynaq	Radyoloji Hizmeti	1	2.1.248
125709	52684	Ereksiya terapiyası, seans	Diğer Hizmet	1	
108329	32584	HOMA testinin qiymətləndirilməsi	Diğer Hizmet	1	
110333	35713	Kafeterya Limonlu Cheesecake	Diğer Hizmet	1	
111854	14005	Xüsusi xəstə yaxını xidməti	Diğer Hizmet	1	
104904	14871	Faktor 8 inhibitoru	Laboratuar Hizmeti	1	2.4.789
104917	18934	Heparin səviyyəsinin təyini	Laboratuar Hizmeti	1	2.4.286
121248	48751	MRT artroqrafiyası, əl biləyi, sol	Radyoloji Hizmeti	1	2.1.301
114411	21096	Funksional boyun diseksiyasi	Ameliyat Hizmeti	1	
114413	21098	Branxial əlavələrin kəsilib götürülməsi	Ameliyat Hizmeti	1	
106106	18575	KT, perfuziya araşdırmaları	Radyoloji Hizmeti	1	2.1.278
128585	55581	Sınıf 3 Check Up Paneli No 307C	CheckUp	1	
129638	56683	Dermoid kistektomiya, laparoskopik	Ameliyat Hizmeti	1	
129653	56698	Qlaukoma drenaj implant əməliyyatı	Ameliyat Hizmeti	1	2.6.190
116600	34116	Vagen Manşet Prolaps Əməliyyatları (Sakrospinoz Fiksasiya, Sakrokolpopeksiya və s.)	Ameliyat Hizmeti	1	
116653	34135	Sünnət revizyonu	Ameliyat Hizmeti	1	
106523	13654	Vaginal selikli qişa, təsadüfi, patoloji müayinə	Patoloji Hizmeti	1	
108744	30128	Priformis əzələ inyeksiyası (tək nöqtə)	Diğer Hizmet	1	
120761	48388	Klapanın qüsurlarının yenidən qurulması, ilkin təmir	Ameliyat Hizmeti	1	2.1.362
103581	10478	Mikrodalğalı diatermiya, radar	Fizik Tedavi Hizmeti	1	2.2.36
117587	45759	Damar lezyonları üçün lazer tətbiqi, kiçik (20 sm2-dən az) seans	Diğer Hizmet	1	
123069	50175	FLT3 d835/ITD (TKD/ITD) mutasiya yükü analizi	Laboratuar Hizmeti	1	
100373	10277	Epidural kateter, ön transforaminal	Ameliyat Hizmeti	1	
106021	11259	Rəngli Doppler USM, transkranial	Radyoloji Hizmeti	1	
115515	19511	Tək vətər üçün fleksor tendon təmiri	Ameliyat Hizmeti	1	2.6.1225
115947	22358	Subdural hematom drenajı, burr çuxurlu, ikitərəfli	Ameliyat Hizmeti	1	
115966	22376	Kraniotomiya ilə intraserebral hematomanın evakuasiyası	Ameliyat Hizmeti	1	
116000	32890	Servikal ekstradural şiş cərrahiyyəsi - vertebral arteriyaiya eksplorasiyası tələb edən radikal rezeksiya və fiksasiya/greft və ya qəfəs yerləşdirilməsi	Ameliyat Hizmeti	1	
116683	22937	Prostat iynə biopsiyası, çoxsaylı	Ameliyat Hizmeti	1	
116734	34142	Varikoselektomiya, birtərəfli, uşaq cərrahiyyəsi	Ameliyat Hizmeti	1	2.6.890
107893	32472	Yumşaq toxuma əməliyyatları (çırpma, tenotomiya, ...)	Ameliyat Hizmeti	1	2.4.619
114343	20989	Kranioplastika əməliyyatları, yad cisim implantasiyası	Ameliyat Hizmeti	1	2.6.41
114762	21378	Tricuspid qapaq ilə annuloplastika, kardiopulmoner bypass	Ameliyat Hizmeti	1	2.6.414
114764	21380	Ebstein anomaliyasında triküspid qapağın yerdəyişməsi və ya plikasiyası	Ameliyat Hizmeti	1	2.6.403
108412	19787	Qlutatyon peroksidaza	Laboratuar Hizmeti	1	
108429	31132	Pnomococ Ig G	Laboratuar Hizmeti	1	
111454	38244	Kafeterya Ədviyyatlı bişmiş kartof	Diğer Hizmet	1	
112909	42429	Tibb bacısı köməkçisi, 24 saat	Diğer Hizmet	1	
116551	34099	Endometrioma və endometrioz əməliyyatı	Ameliyat Hizmeti	1	
115900	32882	Dorsal kolon stimulyatorunun yerləşdirilməsi-perkutan	Ameliyat Hizmeti	1	
109848	34738	Evde Tibb Xidmeti, 6.bölğe (neqliyyat)	Diğer Hizmet	1	
127581	54557	Molibden, serum	Laboratuar Hizmeti	1	
104117	11203	Daban sümüyü radioqrafiyası, bir proyeksiyalı	Radyoloji Hizmeti	1	
114328	33804	Günəş lentiqonunun lazerlə məhv edilməsi, kiçik	Ameliyat Hizmeti	1	
114677	21298	Parastomal yırtıqlara müdaxilə	Ameliyat Hizmeti	1	2.6.775
115013	21632	Hemodializ üçün AV fistula və ya şunt yaratmaq və ya bağlamaq	Ameliyat Hizmeti	1	2.6.547
115398	32825	Böyük sümük parçaları olan sınıqlar, skop altında, qapalı İMN	Ameliyat Hizmeti	1	
109348	12396	Laparoskopiya, diaqnostik məqsədlər üçün	Ameliyat Hizmeti	1	
121063	48766	MRT, böyrəküstü vəzi, dinamik kontrastlı	Radyoloji Hizmeti	1	2.1.311
105870	11018	Eritrosit, plazma, ümumi qan həcminin aşkarlanması	Radyoloji Hizmeti	1	
108514	18781	Digər üçüncü səviyyə histopatoloji müayinələr	Patoloji Hizmeti	1	
110820	36557	Qaraciyər fibroz dərəcəsinin ultrasəs qeyri-invaziv ölçülməsi, Fibroscan və s.	Radyoloji Hizmeti	1	2.1.220
109531	34306	Kafeterya Kartof ilə omlet	Diğer Hizmet	1	
109446	34216	Üz Mezoterapiyası (Bütün Üz), 5 seans	Diğer Hizmet	1	
124705	51678	Appendektomiya, ginekoloji şiş/endometrioz/PID əməliyyatı	Ameliyat Hizmeti	1	2.6.676
124724	51697	Laparoskopik tubovarian abses əməliyyatı	Ameliyat Hizmeti	1	
105285	17219	Helicobacter DNT PZR	Laboratuar Hizmeti	1	
104787	13200	Psevdoxolinesteraza səviyyəsi	Laboratuar Hizmeti	1	2.4.89
119323	47844	Nəcisdə steatokrit	Laboratuar Hizmeti	1	
113711	44405	Spesifik IgE, yulaf unu	Laboratuar Hizmeti	1	2.4.306
113875	44916	Anti BP 180 Antikor IgG	Laboratuar Hizmeti	1	
114060	45291	Təcili toxuma təqibini tələb edən tibbi biopsiyalar (qeyri-şiş, transplantasiya, gvhd, kəskin böyrək çatışmazlığı və digər hallarda)	Patoloji Hizmeti	1	
109633	34428	Kafeterya Iced Americano	Diğer Hizmet	1	
129287	56306	EBRD Check Up Paneli (45 Yaş Üstü Kişi)	CheckUp	1	
109597	34374	Kafeterya Şokoladlı Brownie	Diğer Hizmet	1	
116332	34056	Pyeloplastika, açıq	Ameliyat Hizmeti	1	2.6.806
116283	22650	Tiroidektomiya, subtotal, birtərəfli	Ameliyat Hizmeti	1	2.6.84
121346	48549	KTA, yuxarı ətrafın damarları, sol	Radyoloji Hizmeti	1	2.1.285
119693	47977	BCL6 FISH Analizi	Laboratuar Hizmeti	1	
115700	22159	Rotator qolunun təmiri	Ameliyat Hizmeti	1	2.6.1255
114864	21479	Körkaltı vena ilə trombektomiya, boyun kəsilməsi	Ameliyat Hizmeti	1	
108042	9350	Dermis grefti, 5 sm2-dən az	Ameliyat Hizmeti	1	
108059	32520	Spinallararası məsafəli implant, tək səviyyəli	Ameliyat Hizmeti	1	
130504	57575	ABA terapiya, 45 dəqiqə	Diğer Hizmet	1	1.1.13
114228	16397	Çapıq revizyonu, 3 sm-dən az, uşaq cərrahiyyəsi	Ameliyat Hizmeti	1	
115832	22257	Orta sümüklərin psevdoartrozunda xarici fiksasiya	Ameliyat Hizmeti	1	
116868	15255	Selektiv böyrək arteriyaioqrafiyası, ikitərəfli	Ameliyat Hizmeti	1	2.5.6
103898	15373	Aferez, terapevtik eritrositaferez (1 seans)	Müdahale Hizmeti	1	
108176	18256	Papilloma eksizyonu	Müdahale Hizmeti	1	
126311	53287	Laparoskopik kistin kəsilməsi	Ameliyat Hizmeti	1	
100356	10354	Koksigeal ganglion (impar qanqlion) bloku	Diğer Hizmet	1	
100358	10223	Paravertebral torakal sinir bloku, tək sinir	Ameliyat Hizmeti	1	
116485	22809	Qızlıq pərdəsinin imperforasiyası	Ameliyat Hizmeti	1	2.6.963
109799	34688	Oksigen dəstinin icarəsi, 10 lt. idxal polad	Diğer Hizmet	1	
111352	38029	Neyropsixoloji qiymətləndirmə testi, beck depressiya şkalası	Diğer Hizmet	1	
105455	13699	Üreter, rezeksiya, patoloji müayinə	Patoloji Hizmeti	1	2.4.661
114079	45339	İntensiv baxım yataq xidməti, gün içində yatıb çıxan xəstələr	Yatış Hizmeti	1	
100022	14016	Müşaiyətçi yatağı, 2-ci dərəcəli	Yatış Hizmeti	1	
124675	51648	Süd vəzi xərçəngi sonrası implantla rekonstruksiya, hər iki süd vəzi	Ameliyat Hizmeti	1	
105404	13602	Femur başı, qırıq istisna olmaqla, patoloji müayinə	Patoloji Hizmeti	1	2.4.564
128549	55545	Çox miyeloma diaqnostik paneli	Laboratuar Hizmeti	1	
116083	22471	Sinir təmiri, tək sinir	Ameliyat Hizmeti	1	
116117	22503	Dakriosistorinostomiya (DCR), xarici	Ameliyat Hizmeti	1	2.6.158
100090	10192	Biopsiya, iynə, testis, birtərəfli	Ameliyat Hizmeti	1	
103798	14908	Audioloji müayinə, tam	Diğer Hizmet	1	
107427	17695	Keratinləşmə baxımı, sərtləşmələr, az problemli	Diğer Hizmet	1	
107770	19289	Kəskin Leykemiya Paneli, məhdud	Laboratuar Hizmeti	1	
111345	38023	Adiponectin	Laboratuar Hizmeti	1	
116408	22756	Sistolitotomiya	Ameliyat Hizmeti	1	2.6.841
124382	51350	Laparoskopik stomanın açılması	Ameliyat Hizmeti	1	
125549	52524	Diz oynaq daxili steroid iyeksiyası	Ameliyat Hizmeti	1	2.1.519
125582	52557	Dil altı vəzinin kəsilib götürülməsi	Ameliyat Hizmeti	1	
115257	33922	Laparoskopik, antireflüks cərrahiyyə	Ameliyat Hizmeti	1	
115272	21859	Hipertrofik pilorik stenozda pyloromiotomiya	Ameliyat Hizmeti	1	
115289	33925	Jejunum və ya ileumun dublikasiyası, total eksizyon, bağırsaq rezeksiyası ilə	Ameliyat Hizmeti	1	
129011	56020	Hər iki tibia-fibula rentgenoqrafiyası, iki tərəfli, müqayisəli	Radyoloji Hizmeti	1	
112900	42317	CA-242 testi	Laboratuar Hizmeti	1	
111160	37355	Kafeterya, tost, ayvalık	Diğer Hizmet	1	
103358	19092	Kriyoterapiya, 10-dan çox lezyon	Müdahale Hizmeti	1	
103889	15374	Aferez, donor trombosit aferezi (1 seans)	Müdahale Hizmeti	1	
114672	18836	Qasıq yırtığının təmiri, ikitərəfli, greftsiz təmir	Ameliyat Hizmeti	1	2.6.759
114703	33869	Laparoskopiya və orqan biopsiyası	Ameliyat Hizmeti	1	
126972	53948	İstənilən növ kardiostimulyatorun tək-boşluq cihazı ilə dəyişdirilməsi, nəbz cavabı göstərilib (VR pacemaker)	Ameliyat Hizmeti	1	2.6.476
100381	10285	Servikotorasik (ulduzlu) qanqliona neyrolitik inyeksiya	Diğer Hizmet	1	
109941	34856	Kafeterya Porsiya toyuq	Diğer Hizmet	1	
106834	32401	torakotomiya	Ameliyat Hizmeti	1	2.6.370
106847	15993	Orta xətt neclift	Ameliyat Hizmeti	1	
129611	56642	NGS, Akciğer Gen füzyon paneli (17 gen), parafin dokuda, patolojik inceleme	Patoloji Hizmeti	1	
129612	56643	NGS, Solid Tumor Fokus (25 Gen (DNA), parafin dokuda, patolojik inceleme	Patoloji Hizmeti	1	
121055	48739	MRA, karotid və boyun damarları	Radyoloji Hizmeti	1	2.1.324
104090	11140	Dorsal  radioqrafiya, üç proyeksiyalı	Radyoloji Hizmeti	1	
107902	32475	Patella qeyri-sabitliyi, sümük əməliyyatları, distal	Ameliyat Hizmeti	1	
107937	10205	Süspansiyon Cərrahiyyəsi	Ameliyat Hizmeti	1	
111263	37589	Oositin dondurulması	Ameliyat Hizmeti	1	
115539	22049	Tuzak nevropatiyası, kubital və tarsal tunel və s. cərrahi müalicə	Ameliyat Hizmeti	1	
115957	22367	Arteriyaiovenoz malformasiya (AVM) əməliyyatları	Ameliyat Hizmeti	1	
105947	11228	Sistoqrafiya	Radyoloji Hizmeti	1	
105480	13728	Tüpürcək vəzi, şiş daxil olmaqla, patoloji müayinə	Patoloji Hizmeti	1	2.4.724
123109	50215	PDGFB-COL1A1 füzyon analizi	Laboratuar Hizmeti	1	
113968	45141	Sol qulaqcıq trombunun çıxarılması və/və ya əlavələrin bağlanması (əlavə müdaxilə kimi)	Ameliyat Hizmeti	1	
108187	10668	Servikal genişlənmə	Ameliyat Hizmeti	1	2.1.569
130429	57499	1 həftəlik Holter EKQ monitorinqi	Diğer Hizmet	1	
130179	57239	Aspirasyon, evde	Diğer Hizmet	1	
111995	39732	FISH EWS	Laboratuar Hizmeti	1	
106216	13954	Çox uzun zəncirli yağ turşuları (C:22, C:24, C:26) analizi (GC/MS))	Laboratuar Hizmeti	1	
105694	10752	2D exokardioqrafiya, M rejimi daxil olmaqla	Diğer Hizmet	1	2.1.443
114603	21241	Qabırğa sınığının müalicəsi, açıq	Ameliyat Hizmeti	1	
114636	21261	Yumşaq toxumadan və ya dərialtı və ya dərin və ya üzaltı və ya əzələdaxili şiş və ya kistin kəsilməsi	Ameliyat Hizmeti	1	
114936	21550	Tromboendarteriyaektomiya, femoral kommunis	Ameliyat Hizmeti	1	2.6.497
115339	21913	Anoplastika	Ameliyat Hizmeti	1	
115357	21925	Pilonidal sinusun kəsilməsi	Ameliyat Hizmeti	1	2.6.1315
115371	32819	Böyük oynağın qapalı dislokasiyasının azalması	Ameliyat Hizmeti	1	
126253	53229	Laparoskopik, distal pankreatektomiya	Ameliyat Hizmeti	1	
116508	32913	Genital ziyillərin yandırılması (hər ziyil üçün)	Ameliyat Hizmeti	1	
115857	22277	Xoşxassəli sümük şişi və ya kist, küretaj və ya rezeksiya, kiçik sümük	Ameliyat Hizmeti	1	2.6.1051
116443	34070	Rektouretral fistula təmiri	Ameliyat Hizmeti	1	2.6.866
116626	34122	Vaginoskopiya	Ameliyat Hizmeti	1	
117279	45045	Valvotomiya (komissurotomiya), ağciyər qapağı, açıq, kardiopulmoner bypass ilə	Ameliyat Hizmeti	1	2.6.402
109137	30210	Membran qiyməti	Diş	1	
109223	14142	Tam protez, akril, alt çənə	Diş	1	
103371	10824	Anesteziya istisna olmaqla, elektrik kardioversiyası	Diğer Hizmet	1	
110709	19379	Proinsulin	Laboratuar Hizmeti	1	
106148	11383	MRT angioqrafiya, aşağı ətraf	Radyoloji Hizmeti	1	2.1.324
100650	10708	Burundan yad cismin çıxarılması, qeyri-invaziv üsul	Ameliyat Hizmeti	1	2.1.618
100714	17516	Laringoskopiya və biopsiya	Ameliyat Hizmeti	1	2.6.337
100932	9921	Süd vəzi qəfəsinin divarından, yumşaq toxumadan və ya dərialtı və ya dərin və ya üzaltı və ya əzələdaxili kistlərin kəsilməsi	Ameliyat Hizmeti	1	
121205	48726	KT, bud, ikitərəfli, kontrastsız	Radyoloji Hizmeti	1	
121237	48695	KT, alt çənə	Radyoloji Hizmeti	1	2.1.249
121238	48696	KT, nazofarenks və boyun, kontrast ilə	Radyoloji Hizmeti	1	2.1.245
121256	48714	KT, boyun fəqərələri, kontrast ilə	Radyoloji Hizmeti	1	2.1.284
124714	51687	Histeroskopiya ilə plasentanın boşaldılması	Ameliyat Hizmeti	1	
116193	22569	Seton cərrahiyyəsi (boru, molteno və s.)	Ameliyat Hizmeti	1	
113335	43416	Elektrokoteriya, normal	Diğer Hizmet	1	
126218	53194	Papillomaların radiocərrahi götürülməsi	Diğer Hizmet	1	
128508	55504	Kafeterya, makaron, qaymaqlı göbelekli	Diğer Hizmet	1	
113031	42761	Louisa Duss psixoanalitik tarixçə testi	Diğer Hizmet	1	
103807	16908	Vestibulyar reabilitasiya seansı	Diğer Hizmet	1	
107251	20117	Foto çəkiliş - VİP paket	Diğer Hizmet	1	
109237	30118	Tam protez, akril, üst çənə	Diş	1	
115190	21787	Xoledokotomiya və sfinkterotomiya və ya sfinkteroplastika	Ameliyat Hizmeti	1	2.6.729
115204	21800	Xroniki pankreatitdə pankreatikojeyunostomiya	Ameliyat Hizmeti	1	
124295	51264	Qasıq yırtığının təmiri (birtərəfli) + kontralateral laparoskopik qiymətləndirmə	Ameliyat Hizmeti	1	2.6.264
124332	51300	Uretranın dublikasiyasının təmiri	Ameliyat Hizmeti	1	
124781	51754	Genişlənmiş boyun disseksiyası (paratraxeal, suboksipital, retroaurikulyar limfa düyünlərinin əlavə edilməsi), ikitərəfli	Ameliyat Hizmeti	1	
116943	19492	Laparoskopik, Splenektomiya, cəmi	Ameliyat Hizmeti	1	
127958	54934	Super induktiv sistem, 3 seans	Fizik Tedavi Hizmeti	1	
121337	48817	MRT, süd vəzi, sol, kontrastsız	Radyoloji Hizmeti	1	2.1.320
119452	47360	Uretral bakteriya və ya sidik yolu ilə yoluxan xəstəliklər multipleks paneli	Laboratuar Hizmeti	1	
113835	44740	Diamin oksidaz (Histamin intolerantlığı)	Laboratuar Hizmeti	1	
127839	54815	Tırnak çekilmesi ve yatak revizyonu, ayak parmağından	Ameliyat Hizmeti	1	2.1.511
128008	54983	Leishmania donovani, IgA	Laboratuar Hizmeti	1	
128022	54997	Ureaplasma IgG	Laboratuar Hizmeti	1	
128058	55035	Perampanel	Laboratuar Hizmeti	1	
104726	13392	Yenidoğulmuşlarda tiroid stimullaşdırıcı hormon (TSH)	Laboratuar Hizmeti	1	2.4.214
109524	34298	Kafeterya Tost, çedar ilə	Diğer Hizmet	1	
109620	34412	Kafeterya Coffe Mocha	Diğer Hizmet	1	
106905	20551	FMF 12 mutasiya analizi*	Laboratuar Hizmeti	1	
119705	47595	Talassemiya Beta-HBB Tam Gen Ardıcıllığı Analizi	Laboratuar Hizmeti	1	
106176	11346	MRT, nazofarenks, kontrastsız	Radyoloji Hizmeti	1	2.1.290
101403	12129	Hemodializ üçün tunel hazırlayaraq daimi kateter yerləşdirilməsi	Ameliyat Hizmeti	1	2.6.541
121345	48548	KTA, yuxarı ətrafın damarları, sağ	Radyoloji Hizmeti	1	2.1.285
116329	22690	Pielolitotomiya	Ameliyat Hizmeti	1	2.6.806
116261	22630	Qulaqcıqda yerləşən şişlər üçün tam qalınlıqda rezeksiya və ilkin tikiş	Ameliyat Hizmeti	1	
116279	22646	Timektomiya, sadə	Ameliyat Hizmeti	1	
128086	55063	Krım-Konqo hemorragik qızdırması, PCR	Laboratuar Hizmeti	1	
105283	19589	HDV RNA (PZR)  kemiyyet	Laboratuar Hizmeti	1	2.4.922
127593	54569	Kafeterya Köklü piroq	Diğer Hizmet	1	
108509	32652	Digər birinci səviyyə histopatoloji müayinələr	Patoloji Hizmeti	1	
109459	34229	Fraksional lazerlə yanıq izi, böyük	Diğer Hizmet	1	
109502	34386	Dolğu maddələri, inyeksiya	Diğer Hizmet	1	
109527	34301	Kafeterya Tost, kolbasa-çedar ilə	Diğer Hizmet	1	
110813	36546	Ana-körpə sağlamlığı xidməti (ödənişsiz), evdə	Diğer Hizmet	1	
122252	49477	Yardımçı dəstək personalı, 24 saat, evdə	Diğer Hizmet	1	
115629	33987	Artroskopik sərbəst bədən çıxarılması, diz	Ameliyat Hizmeti	1	
116172	22550	İkinci dərəcəli göz içi linzasının (IOL) kapsula qoyulması	Ameliyat Hizmeti	1	2.6.210
128511	55507	Kafeterya, hindi fümeli soslu	Diğer Hizmet	1	
129015	56023	Birgə rentgenoqrafiya, üç tərəfli, sol	Radyoloji Hizmeti	1	
107312	15036	Saç təraşı	Diğer Hizmet	1	
120984	48533	Plevrektomiya, cəmi	Ameliyat Hizmeti	1	2.6.383
115050	21674	Retroperitoneal limfa düyünlərinin disseksiyası (RPLND)	Ameliyat Hizmeti	1	
115093	21708	Cərrahi traxeostomiya və ya fistula plastik təmirlə bağlanması	Ameliyat Hizmeti	1	2.6.343
110706	36346	Vena kavadan filtr çıxarılması	Ameliyat Hizmeti	1	
114364	21053	Orbital distopiyanın korreksiyası, daxili fiksasiya lövhəsi istisna olmaqla	Ameliyat Hizmeti	1	
115000	21613	Trombektomiya və/yaxud arteriyaial və ya venoz greftin təmiri	Ameliyat Hizmeti	1	
110363	35748	Ventilyasiya borusunun daxil edilməsi, ikitərəfli	Ameliyat Hizmeti	1	
114282	20970	Damar lezyonlarının lazerlə çıxarılması, iri (hemangioma)	Ameliyat Hizmeti	1	
114314	15926	Psoriatik lövhələr üçün üzün yenilənməsi	Ameliyat Hizmeti	1	
105708	12948	Rektal biopsiya	Ameliyat Hizmeti	1	
121059	48834	MRT, qulaqaltı vəzi, kontrastsız	Radyoloji Hizmeti	1	2.1.320
121066	48686	KT, ürək	Radyoloji Hizmeti	1	2.1.284
100546	17324	Sızanaqların lazerlə məhv edilməsi, böyük	Diğer Hizmet	1	
106008	10343	Rəngli Doppler USM, aortoiliak və hər iki aşağı ətraf arteriyaiyaları	Diğer Hizmet	1	
112896	42306	Cütlük Terapiyası	Diğer Hizmet	1	
127268	54244	Trikuspidal qapağın açıq ürək valvuloplastikası, dəyişdirilmə aparılmadan	Ameliyat Hizmeti	1	2.6.411
109052	14297	Linqual ortodontik ark	Diş	1	
129140	56152	İsti sendviç	Diğer Hizmet	1	
105483	13731	Dil, badamcıq, şiş rezeksiyası, patoloji müayinə	Patoloji Hizmeti	1	2.4.674
117508	45668	Botoks tətbiqi, 3 nahiyə	Diğer Hizmet	1	
125546	52521	Çiyin daxili ozon iyeksiyası	Diğer Hizmet	1	
105458	13704	Beyin qişaları, şiş rezeksiyası, patoloji müayinə	Patoloji Hizmeti	1	2.4.675
117601	45839	Human metapneumovirus (Hmpv antigeni)	Laboratuar Hizmeti	1	2.4.333
110270	19351	Civə (AAS), sidik	Laboratuar Hizmeti	1	2.4.818
127568	54544	Kobalt, sidik	Laboratuar Hizmeti	1	
106269	19392	Spesifik IgE, fx5 qida qarışığı	Laboratuar Hizmeti	1	2.4.307
105083	30295	Anti-fosfatidilserin, IgM	Laboratuar Hizmeti	1	2.4.319
121759	49106	Əməliyyatdan sonrakı intensiv baxım yataq xidməti	Yatış Hizmeti	1	
130519	57590	Anti-HMGCR antikoru (3-Hidroksi-3-Metilglutaril koenzim A redüktaz)	Laboratuar Hizmeti	1	
107730	20650	Dərialtı inyeksiya, evdə	Diğer Hizmet	1	
111306	37782	3D Transezofageal Exokardioqrafiya	Diğer Hizmet	1	2.1.444
102993	10155	Hipospadias təmiri, proksimal	Ameliyat Hizmeti	1	2.6.868
108534	4649	Psixometrik, demensiya mərhələləri və gündəlik həyat fəaliyyəti şkalaları	Diğer Hizmet	1	
115343	15646	Hemoroidektomiya, 1-ci və 2-ci dərəcə	Ameliyat Hizmeti	1	2.6.705
126246	53222	Myasthenia gravis cərrahiyəsi	Ameliyat Hizmeti	1	2.7.121.1
108909	20041	Üç kanal doldurulması istisna olmaqla, kanal müalicəsinin təkrarlanması	Diş	1	
116429	22773	Hipospadias təmiri, distal	Ameliyat Hizmeti	1	2.6.868
127032	54008	Uşaq hematoloji müayinəsi	Muayene Hizmeti	1	2.1.1
106487	13593	Burun mukozası, biopsiya, patoloji müayinə	Patoloji Hizmeti	1	2.4.554
103325	14917	Xoşxassəli dəri lezyonlarının küretajı	Diğer Hizmet	1	
107180	30512	Dəri prick testi, 30 ədəd	Diğer Hizmet	1	
108241	14894	Tibb bacılığı xidməti, 12 saat	Diğer Hizmet	1	
125864	52840	Postmeiotik üsulla spermanın hazırlanması	Laboratuar Hizmeti	1	
115118	21728	Bronxovaskulyar sleeve lobektomiya	Ameliyat Hizmeti	1	
101028	12538	Kardiopulmoner bypass ilə perikardiyektomiya	Ameliyat Hizmeti	1	2.6.457
115168	33909	Qaraciyər hidatik kistində total sistektomiya	Ameliyat Hizmeti	1	
116640	32922	Laparoskopik, ooferektomiya, birtərəfli	Ameliyat Hizmeti	1	
117265	42087	Varikoz damarlarına sklerozlaşdırıcı maddənin yeridilməsi (Maye skleroterapiya), tək nahiyə və ya vena, seans	Ameliyat Hizmeti	1	2.6.564
124510	51478	İri oynaq dislokasiyası açıq reduksiya+fiksasiya	Ameliyat Hizmeti	1	
116665	22921	Penis protezinin çıxarılması, çox hissəli	Ameliyat Hizmeti	1	
110788	36499	ACTH Stimulyasiya Testi, Standart doza	Laboratuar Hizmeti	1	
113396	43628	Ailəvi hiperkolesterolemiya (LDLR gen analizi)	Laboratuar Hizmeti	1	
113503	43871	Zonulin, serum	Laboratuar Hizmeti	1	
129358	56383	Vertebroplasti/kifoplasti, her ek seviye	Ameliyat Hizmeti	1	
129626	56657	Transobturator (TOT) torunun çıxarılması/rezeksiyası	Ameliyat Hizmeti	1	
121241	48744	MRT artroqrafiyası, ayaq biləyi, sağ	Radyoloji Hizmeti	1	2.1.310
106133	11345	MRT, funksional	Radyoloji Hizmeti	1	2.1.320
128647	55643	Rəngli Doppler US, karotid, birtərəfli	Radyoloji Hizmeti	1	2.1.228
128997	56005	Hər iki humerus rentgenoqrafiyası, birtərəfli, müqayisəli	Radyoloji Hizmeti	1	2.1.67
104840	18841	Beta-2 transferrin	Laboratuar Hizmeti	1	
111474	38132	Fosfolipaz A2 reseptoru	Laboratuar Hizmeti	1	
129647	56692	VIP Çay, kahve seti, platin	Diğer Hizmet	1	
100235	10577	Mərkəzi vena kateterizasiyası, perkutan, femoral vena	Ameliyat Hizmeti	1	
100167	14079	Yerli anesteziya	Diğer Hizmet	1	
125796	52772	Lipoaspirasiya (liposaksiya), Vaser cihazı ilə 360 Dərəcə	Ameliyat Hizmeti	1	
125503	52478	Sidik kisəsi TUR (qeyri-şiş, reTUR)	Ameliyat Hizmeti	1	2.6.843
108105	33478	Lumbar spinal intramedullar şişin çıxarılması (laminektomiya istisna olmaqla)	Ameliyat Hizmeti	1	
114907	21521	Endovaskulyar transplantasiya ilə arteriyaiovenoz fistulaların təmiri	Ameliyat Hizmeti	1	
115261	21848	Gastrektomiya, subtotal	Ameliyat Hizmeti	1	2.6.598
115311	21890	Kolektomiya, total və terminal ileostomiya	Ameliyat Hizmeti	1	2.6.643
115318	21895	Kolon çəkmə, abdomino-perineal yanaşma	Ameliyat Hizmeti	1	2.6.684
115804	19140	Lumbar posterior alətlər və greft yerləşdirmə, 5 səviyyəyə qədər	Ameliyat Hizmeti	1	2.6.1170
113496	43831	Yaşlı yaş psixoloji ekzistensial paketi	Diğer Hizmet	1	
113771	44487	Damar yolunun çıxarılması	Diğer Hizmet	1	
122956	50100	Fotona lazerlə saç müalicəsi	Diğer Hizmet	1	
111167	37362	Kafeterya Sandviç, qızardılmış tərəvəzlər	Diğer Hizmet	1	
107637	31107	Göz ətrafı peeling	Diğer Hizmet	1	
105008	13524	Boyalı mikroskopik müayinə, EZN, traxeyal aspirat	Laboratuar Hizmeti	1	
106201	13325	Adenozin deaminaza (ADA), OBM	Laboratuar Hizmeti	1	
129090	56102	Çiyin rentgenoqrafiyası, üç tərəfli, sol	Radyoloji Hizmeti	1	2.1.58
107175	32403	Həcmli CT koronar angioqrafiya	Radyoloji Hizmeti	1	2.1.285
107209	18748	Sistoqrafiya retroqrad	Radyoloji Hizmeti	1	2.1.192
130254	57320	Endoskopik endonasal yolla Kraneofaringiomanin rezeksiyasi	Ameliyat Hizmeti	1	2.6.113
101408	12735	Ürək-ağciyər çatışmazlığında (ECMO) uzun müddət davam edən ekstrakorporeal dövriyyə üçün kanula(lar)ın daxil edilməsi	Ameliyat Hizmeti	1	
113527	43962	Trokanterik bursa inyeksiyası USG müşahidəsində	Ameliyat Hizmeti	1	
113876	44915	Anti BP 230 Antikor IgG	Laboratuar Hizmeti	1	
128214	56852	Kondilomanın dermanla yandırılması	Müdahale Hizmeti	1	2.1.570
117869	46121	Sərbəst hemoglobin (plazma)	Laboratuar Hizmeti	1	
106890	20563	FISH inv(16), CBFB*	Laboratuar Hizmeti	1	
106892	16515	FISH t(11;14), IGH/CCND1*	Laboratuar Hizmeti	1	
106956	17198	Xromosom analizi, kordon qanı*	Laboratuar Hizmeti	1	
108794	19945	Biopsiya, diş	Diş	1	
105252	17076	İnterleykin-1 Beta (IL-1 Beta; katabolin) qan testi	Laboratuar Hizmeti	1	
116933	19502	Laparoskopik, mədənin paz rezeksiyası	Ameliyat Hizmeti	1	
116835	19517	Haploidentik transplantasiya, allogenik, ən azı 2 HLA antigeni uyğunsuz transplantasiya	Ameliyat Hizmeti	1	2.6.1334.2
113359	43450	Sperm slow	Diğer Hizmet	1	
109447	34217	Fotona lazerlə stria (çatlaq) müalicəsi, tam	Diğer Hizmet	1	
124674	51647	Süd vəzisinin yenidən qurulması, toxuma genişləndiricisinin yerləşdirilməsi, birtərəfli	Ameliyat Hizmeti	1	2.6.1312
106539	20689	Prostat, 5-9 kvadrant iynə biopsiyası, patoloji müayinə	Patoloji Hizmeti	1	2.4.648
110617	14791	Sperm mobil	Diğer Hizmet	1	
112304	40675	Lazerlə vaginal daraltma	Diğer Hizmet	1	
113725	44435	Uşaq psixoloq müayinəsi	Muayene Hizmeti	1	2.1.1
107943	12864	Vaqinoplastika	Ameliyat Hizmeti	1	
107945	12052	Perineal yırtığın tam təmiri	Ameliyat Hizmeti	1	
105922	30021	Faringo-ezofaqoqrafiya	Radyoloji Hizmeti	1	2.1.166
104167	11146	Oma-büzdüm radioqrafiyası, bir proyeksiyalı	Radyoloji Hizmeti	1	2.1.122
108447	20854	CA-50 testi	Laboratuar Hizmeti	1	2.4.339
111587	38404	Kortizol, tüpürcək	Laboratuar Hizmeti	1	2.4.93
118120	46334	Rufinamid, serum	Laboratuar Hizmeti	1	
123087	50193	MLPA, DMD	Laboratuar Hizmeti	1	
115499	22023	Barmaq replantasiyası, tək barmaq	Ameliyat Hizmeti	1	2.6.1294
115948	22359	Depressiya sınığı, sadə	Ameliyat Hizmeti	1	2.6.38
116686	34138	Lazer prostatektomiyası	Ameliyat Hizmeti	1	
115063	21685	Dərin servikal düyünlər biopsiya və ya limfa düyünlərinin kəsilməsi, skalen yağ yastığının kəsilməsi	Ameliyat Hizmeti	1	
115065	21688	Birtərəfli səthi və dərin qasıq limfa düyünlərinin kəsilməsi	Ameliyat Hizmeti	1	
114363	21052	Nazo-etmoid-orbital qırıq, açıq reduksiya və daxili fiksasiya	Ameliyat Hizmeti	1	
119092	47273	Endoservikal küretaj	Ameliyat Hizmeti	1	2.6.959
103631	10493	Əzələ xəstəliklərində məşq	Fizik Tedavi Hizmeti	1	
103680	18698	Ailə konsultasiya, qiymətləndirmə	Diğer Hizmet	1	
107275	30486	Kafeterya Səhər yeməyi boşqabı	Diğer Hizmet	1	
116969	33472	Wilms şişinin kəsilməsi	Ameliyat Hizmeti	1	
115212	21808	Pankreas zədələrində pankreatektomiya, subtotal	Ameliyat Hizmeti	1	2.6.747
116267	22635	Makrotiyanın korreksiyası	Ameliyat Hizmeti	1	
116284	22651	Tiroidektomiya, subtotal, ikitərəfli	Ameliyat Hizmeti	1	
116299	22665	Böyrək kistinin rezeksiyası	Ameliyat Hizmeti	1	2.6.823
130590	57667	Autoloji Nakil Öncesi Rutin Check Up Paketi (Alıcı)	CheckUp	1	
130607	57684	Allogen Kök Hüceyrə Öncəsi Rutin Check Up Paketi, Donor	CheckUp	1	
130605	57682	Deri, punch, insizyonel veya shave biyopsi, patolojik inceleme + IF	Patoloji Hizmeti	1	2.4.557
107141	20589	Aşağı ətrafların arteriyaioqrafiyası, ikitərəfli	Ameliyat Hizmeti	1	
107158	13020	Transtorasik incə iynə aspirasiyası	Ameliyat Hizmeti	1	
114278	21012	Üç müxtəlif toxumadan ibarət sərbəst flep (subkapular arteriyaiya əsaslı osteomuskulokutan qapaq)	Ameliyat Hizmeti	1	
118222	46477	Alma IgE anticismi	Laboratuar Hizmeti	1	2.4.306
127633	54609	Alüminium, sidik	Laboratuar Hizmeti	1	2.4.813
106322	13146	Spesifik IgE, f79 qluten	Laboratuar Hizmeti	1	2.4.774
107056	30133	Sakral DRG-RFT	Diğer Hizmet	1	
117588	45762	Dəri yamaq testi, true test, 36lı	Diğer Hizmet	1	
124270	51229	Yardımçı dəstək personalı, 8 saat, evdə	Diğer Hizmet	1	
105452	13695	Tiroqlossal kanal, brankial yarıq kisti, patoloji müayinə	Patoloji Hizmeti	1	2.4.659
125891	52867	Psixoloq müayinəsi paketi, 6 seans	Muayene Hizmeti	1	
100425	10337	Epidural blok diferensial	Diğer Hizmet	1	
101744	17515	Kolostomiya baxımı	Diğer Hizmet	1	
115899	32881	Laminotomiya ilə dorsal kolon stimulyatorunun yerləşdirilməsi	Ameliyat Hizmeti	1	
115014	33088	Hemodializ üçün AV fistulanın hazırlanması və ya bağlanması	Ameliyat Hizmeti	1	2.6.547
115046	21670	Boyun diseksiyası tipsiz	Ameliyat Hizmeti	1	
110034	35194	Botulinum toksin inyeksiyası, miqren	Diğer Hizmet	1	
106488	13594	Burun, sinusun iltihablı poliplər, patoloji müayinə	Patoloji Hizmeti	1	2.4.555
119911	48046	Kafeterya Səhər yeməyi boşqab, qarışıq	Diğer Hizmet	1	
125557	52532	İmpar ganglion bloku RF	Diğer Hizmet	1	
114427	21107	Kordektomiya və ya stripping	Ameliyat Hizmeti	1	
114446	21121	Qırtlaqdan yad cismin çıxarılması	Ameliyat Hizmeti	1	2.1.619
103348	14926	Dərman və qidalarla provokasiya testi, hər biri	Diğer Hizmet	1	
103382	10797	Head-up tilt testi	Diğer Hizmet	1	
116635	22904	Laparoskopik cərrahiyyə, laparoskopik adezioliz	Ameliyat Hizmeti	1	2.6.917
116652	22912	Sünnət	Ameliyat Hizmeti	1	2.6.897
116667	22923	Penis protezinin implantasiyası, çox hissəli, protezsiz	Ameliyat Hizmeti	1	
113393	43612	21 Hidroksilaza	Laboratuar Hizmeti	1	
106441	32389	Antibiotiklərə həssaslıq, mycobacterium tuberculosis	Laboratuar Hizmeti	1	
106056	15756	KTA, böyrək arteriyaiyasının angioqrafiyası, birtərəfli	Radyoloji Hizmeti	1	2.1.285
108881	14112	Həddindən artıq həssaslığın müalicəsi, tək diş	Diş	1	
117035	34260	Çapıq revizyonu, 3 sm-dən az, plastik, rekonstruktiv və estetik cərrahiyyə	Ameliyat Hizmeti	1	
117054	35414	Laparoskopik, epiqastrik yırtığın təmiri	Ameliyat Hizmeti	1	
117067	35427	Laparoskopik, brid ileusda bridektomiya	Ameliyat Hizmeti	1	
114912	21526	Damar təmiri, birbaşa, intratorasik, by-pass deyil	Ameliyat Hizmeti	1	
114914	21528	Damar təmiri, birbaşa, aşağı ətraf	Ameliyat Hizmeti	1	
115316	33932	Klizma azaldılması, invaginasiya	Ameliyat Hizmeti	1	
116367	22718	Ureteroplastika	Ameliyat Hizmeti	1	
104835	19789	Tam antioksidant tutumu, serumda	Laboratuar Hizmeti	1	
100140	10393	Nəbz oksimetriyası ilə oksigen saturasiyasının təqibi, gündəlik	Diğer Hizmet	1	
100357	10266	Paravertebral Lumbar sinir bloku, tək sinir	Diğer Hizmet	1	
111402	38197	Kafeterya Qaynadılmış yumurta	Diğer Hizmet	1	
113878	44940	Mede balonu proseduru	Diğer Hizmet	1	
113927	45065	İnkişafın qiymətləndirilməsi və dəstəklənməsi	Diğer Hizmet	1	
107726	20652	Nazoqastrik kateterin taxılması, evdə	Diğer Hizmet	1	
107728	20648	Dəridaxili inyeksiya, evdə	Diğer Hizmet	1	
108747	30432	PRP prosesi (Platet Rich Plasma)	Müdahale Hizmeti	1	
110081	35232	Yanıq sarğı, böyük	Müdahale Hizmeti	1	2.1.501
115365	21926	Qısa ayaq tökmə, dizin altında (P)	Ameliyat Hizmeti	1	2.1.491
115833	22258	Kallo-hemicallotasis, böyük sümük ilə deformasiya korreksiyası	Ameliyat Hizmeti	1	
114646	32804	Qarın ön divarının qüsurlarının bərpası	Ameliyat Hizmeti	1	2.6.791
114931	21545	Tromboendarteriyaektomiya, mezenterik və ya çölyak və ya böyrək	Ameliyat Hizmeti	1	2.6.496
119809	47657	Cadasil Sindromu-NOTCH3 Bütün Gen Ardıcıllığının Analizi	Laboratuar Hizmeti	1	
114129	45491	HPV DNT Genotipləndirmə (24 və ya daha az genotip üçün)	Laboratuar Hizmeti	1	2.4.923
112053	40018	Spesifik IgE, f9 düyü	Laboratuar Hizmeti	1	2.4.306
106543	13697	Tüpürcək vəzi, biopsiya, patoloji müayinə	Patoloji Hizmeti	1	2.4.724
105407	13606	Hemoroid, patoloji müayinə	Patoloji Hizmeti	1	2.4.568
105416	13629	Pilonidal kist və ya sinus, patoloji müayinə	Patoloji Hizmeti	1	2.4.589
124125	51095	Alqoloji müayinə, fizioterapiya və reabilitasiya	Muayene Hizmeti	1	2.1.1
124127	51094	Alqoloji müayinə, nevrologiya	Muayene Hizmeti	1	2.1.1
115946	22357	Subdural hematom drenajı, burr çuxurlu, birtərəfli	Ameliyat Hizmeti	1	
116707	22958	Inguinal orxiektomiya, birtərəfli	Ameliyat Hizmeti	1	2.6.886
120760	48387	Dermoid kistanın qapaqdan çıxarılması, səthi	Ameliyat Hizmeti	1	
104607	18628	İnhibin A testi	Laboratuar Hizmeti	1	2.4.342
108383	32626	Qalaktoza-1-fosfat uridil transferaza	Laboratuar Hizmeti	1	
108390	19888	Leptin	Laboratuar Hizmeti	1	2.4.848
104171	11136	Servikal radioqrafiya, dörd proyeksiyalı	Radyoloji Hizmeti	1	2.1.33
115501	33957	Barmaq amputasiyası	Ameliyat Hizmeti	1	2.6.1275
114372	21061	Ziqomanın sınığı, açıq reduksiya və daxili fiksasiya	Ameliyat Hizmeti	1	
100461	16391	Stent qoyulması (nə qədər stent qoyulmasından asılı olmayaraq)	Ameliyat Hizmeti	1	
100529	14965	Hemangiomaların lazerlə məhv edilməsi, orta	Ameliyat Hizmeti	1	
106052	14880	KTA, ürək angioqrafiyası, dərman istisna olmaqla	Radyoloji Hizmeti	1	2.1.285
104180	15617	Dorsal  radioqrafiya, bir proyeksiyalı	Radyoloji Hizmeti	1	2.1.42
105986	11266	Rəngli Doppler USM, qarın aortası	Radyoloji Hizmeti	1	
106011	11265	Rəngli Doppler USM, böyrək transplantasiyası	Radyoloji Hizmeti	1	
114006	45204	Duchenne tipli əzələ distrofiyası (DMD), becker tipli əzələ distrofiyası (BMD), əlaqə analizi	Laboratuar Hizmeti	1	
119754	47609	Seliakiya HLA Genotip Analizi, DQ2, DQ8	Laboratuar Hizmeti	1	
125570	52545	Endoskopik qaş qaldırma+göz qapağı qaldırılması, iki tərəfli	Ameliyat Hizmeti	1	
117014	32972	Traxeotomiya açılması, təcili, uşaq cərrahiyyəsi	Ameliyat Hizmeti	1	2.6.335
115278	21864	Atreziyanın, anadangəlmə jejunal və ileal atreziyanın korreksiyası	Ameliyat Hizmeti	1	
116371	22722	Ureteroselin kəsilməsi və ya kəsilməsi	Ameliyat Hizmeti	1	
116405	22754	Parsiyal sistektomiya	Ameliyat Hizmeti	1	2.6.846
113202	43162	Lakozamid	Laboratuar Hizmeti	1	
113595	44160	Spesifik IgE, kartof	Laboratuar Hizmeti	1	2.4.306
127803	54779	Paşa Sigorta Itachu Oil Corporation Grubu Check Up Paneli (Kişi)	CheckUp	1	
113797	44637	Optik koherens tomoqrafiya (OKT), angioqrafiya	Diğer Hizmet	1	2.6.498
111164	37359	Kafeterya Feta pendiri ilə sendviç	Diğer Hizmet	1	
114701	21321	Laparotomiya, bağırsaq obstruksiyaları	Ameliyat Hizmeti	1	
130077	57135	Laennec terapiya, 5 seans	Müdahale Hizmeti	1	
121058	48833	MRT, qulaqaltı vəzi, kontrastlı	Radyoloji Hizmeti	1	2.1.320
105082	30294	Anti-fosfatidilserin, IgG	Laboratuar Hizmeti	1	2.4.319
105116	15391	Anti-intrinsik faktor anticismi	Laboratuar Hizmeti	1	
107724	20656	Yara baxımı, orta, evdə	Diğer Hizmet	1	
109787	34676	Sakroiliak oynaq PRF, birtərəfli	Diğer Hizmet	1	
128269	55249	Oksigen (O2) inhalyasiya müalicəsi, gündəlik, evdə	Diğer Hizmet	1	
128914	55916	İnterleykin-8 (IL-8)	Laboratuar Hizmeti	1	
100334	10263	Aşağı ətrafın sinir bloku, hər bir əlavə	Diğer Hizmet	1	
100368	10271	Epidural inyeksiya, servikal-torakal	Diğer Hizmet	1	
100302	16285	Birdən çox əməliyyatla anesteziya, ümumi cərrahi bal: 150-299	Diğer Hizmet	1	
105752	10866	EMQ, miyasteniya protokolu	Diğer Hizmet	1	2.1.479
107715	20635	Evdə həkim ziyarəti, mütəxəssis	Diğer Hizmet	1	
116503	22823	Gartner kistinin (inklüzyon kisti - vaginal kistanın) kəsilməsi	Ameliyat Hizmeti	1	
114633	21260	Şişin eksizyonu, intratorasik, ekstrapulmoner	Ameliyat Hizmeti	1	
114640	21265	Qarın divarının bədxassəli şişlərinin kəsilməsi	Ameliyat Hizmeti	1	
115846	34018	Yumşaq toxuma şişinin açıq biopsiyası, dərin	Ameliyat Hizmeti	1	
116439	22781	Uretranın genişlənməsi	Ameliyat Hizmeti	1	2.1.472
116846	15261	Aşağı ətraflərin arteriyaioqrafiyası, birtərəfli	Ameliyat Hizmeti	1	
107847	11959	Doğuşdan sonrakı vajina və kollum yırtığının təmiri	Müdahale Hizmeti	1	
102642	11845	Körpə üçün ümumi anesteziya altında nazo-lakrimal yuyulma	Ameliyat Hizmeti	1	2.1.369
102674	11852	Korneadan yad cismin çıxarılması	Ameliyat Hizmeti	1	2.1.374
116682	22936	Prostat absesinin perineal drenajı	Ameliyat Hizmeti	1	
111766	38877	İmplantın çıxarılması və ilkin bağlanması	Ameliyat Hizmeti	1	
112236	40489	Lazer labioplastika	Ameliyat Hizmeti	1	
115169	33910	Hidatik kistdə sistotomiya və ya sistektomiya ilə kisə kisəsinin azaldılması prosedurları (kapitonaj, omentopeksiya) - çoxsaylı kistlər	Ameliyat Hizmeti	1	
106075	11289	KT, hipofiz, kontrastsız	Radyoloji Hizmeti	1	2.1.244
106152	15729	MRT angioqrafiyası, iliak arteriyaiyalar	Radyoloji Hizmeti	1	2.1.324
106175	35211	Rektal MRT (transrektal spiral ilə)	Radyoloji Hizmeti	1	2.1.320
106477	13822	Yumalar və fırça preparatları, sitopatoloji müayinə	Patoloji Hizmeti	1	
106479	13583	Abort, spontan (missed), patoloji müayinə	Patoloji Hizmeti	1	2.4.543
114065	45303	Spesifik IgE, badam	Laboratuar Hizmeti	1	2.4.306
104405	31970	Hidroksibutirat dehidrogenaz, a (HBDH)	Laboratuar Hizmeti	1	
113704	44398	Spesifik IgE, soya paxlası	Laboratuar Hizmeti	1	2.4.306
129241	56257	Mediastinal kist/tümör eksizyonu, sternotomi/torakotomi ile	Ameliyat Hizmeti	1	2.6.88
119052	47471	Strongyloides stercoralis IgG	Laboratuar Hizmeti	1	
106879	20580	FISH 15q, prader-willi sindromu *	Laboratuar Hizmeti	1	
106886	20573	FISH 8q, MYC *	Laboratuar Hizmeti	1	
106947	35617	Kistik fibroz gen analizi, 500 mutasiya*	Laboratuar Hizmeti	1	
104816	13419	Sistatin C, 24 saatlıq sidik	Laboratuar Hizmeti	1	
104739	32074	Homogentis turşusu (İTK ilə)	Laboratuar Hizmeti	1	
113331	43412	Eksizyonal biopsiya	Ameliyat Hizmeti	1	
110866	36675	Üzün cavanlaşması, mikro, tək seans	Diğer Hizmet	1	
116980	32941	Ooferektomiya, uşaq cərrahiyyəsi	Ameliyat Hizmeti	1	
124759	51732	Ürəkdaxili exokardioqrafiya	Ameliyat Hizmeti	1	
125406	52381	Botulinum toksini, botoks və s. inyeksiya, iki yer, dərman xaric	Fizik Tedavi Hizmeti	1	
107547	17356	Dolğu, dərin dolğu	Diğer Hizmet	1	
109594	34371	Kafeterya Dondurma ilə profiterol - qaymaq	Diğer Hizmet	1	
129909	56961	Süd Vezi Check Up Paketi (40 Yaş Altı)	CheckUp	1	
126774	53750	Mədə balonunun çıxarılması	Diğer Hizmet	1	
115737	22193	Posterior müdaxilə ilə vertebral abses drenajı	Ameliyat Hizmeti	1	
125104	52080	Posterior sagittal anorektoplastika (PSARP)	Ameliyat Hizmeti	1	
122455	49619	Çevik çıxarıla bilən qismən protez, defleks, tək çənə	Diş	1	
106618	17078	Clusters of differentiation: CD-56 (naturel killer cells - NK cells)	Patoloji Hizmeti	1	
121796	49078	Fraksional lazerlə ziyil müalicəsi, 3-ə qədər	Diğer Hizmet	1	
112227	40472	Ksantelazma	Diğer Hizmet	1	
116144	22526	Konyunktiva örtüyü	Ameliyat Hizmeti	1	
121626	48997	Burundan xoşxassəli şişin çıxarılması	Ameliyat Hizmeti	1	
122528	49787	Trabekulyar cərrahiyyə, mikroqlaukoma aparatı	Ameliyat Hizmeti	1	2.6.190
124659	51632	Rinoplastika, mərkəzi revizyon	Ameliyat Hizmeti	1	
105418	13723	Plasenta, üçüncü trimestr, patoloji müayinə	Patoloji Hizmeti	1	2.4.590
105439	13674	Ürək qapağı, patoloji müayinə	Patoloji Hizmeti	1	2.4.665
121158	48633	KT görüntüsü altında incə iynə aspirasiyası, prostat	Radyoloji Hizmeti	1	2.1.263
112927	42490	Lazer epilyasiyası, kişi, çiyin, seansı	Diğer Hizmet	1	
126965	53941	Yalnız ürək resinxronizasiya kardiostimulyator puls generatorun implantasiyası və ya dəyişdirilməsi (ÜRT-K)	Ameliyat Hizmeti	1	2.6.12
116537	22842	Vaginal histerektomiya və posterior kolporafiya	Ameliyat Hizmeti	1	
115937	22349	Neyrendoskopik şiş biopsiyası	Ameliyat Hizmeti	1	
115401	21950	Kiçik sümük parçaları ilə sınıqların açıq reduksiyası	Ameliyat Hizmeti	1	
